/*
SQLyog Ultimate v11.11 (64 bit)
MySQL - 5.5.5-10.1.25-MariaDB : Database - cv_ganerator
*********************************************************************
*/

/*!40101 SET NAMES utf8 */;

/*!40101 SET SQL_MODE=''*/;

/*!40014 SET @OLD_UNIQUE_CHECKS=@@UNIQUE_CHECKS, UNIQUE_CHECKS=0 */;
/*!40014 SET @OLD_FOREIGN_KEY_CHECKS=@@FOREIGN_KEY_CHECKS, FOREIGN_KEY_CHECKS=0 */;
/*!40101 SET @OLD_SQL_MODE=@@SQL_MODE, SQL_MODE='NO_AUTO_VALUE_ON_ZERO' */;
/*!40111 SET @OLD_SQL_NOTES=@@SQL_NOTES, SQL_NOTES=0 */;
CREATE DATABASE /*!32312 IF NOT EXISTS*/`cv_ganerator` /*!40100 DEFAULT CHARACTER SET latin1 */;

USE `cv_ganerator`;

/*Table structure for table `basic_information` */

DROP TABLE IF EXISTS `basic_information`;

CREATE TABLE `basic_information` (
  `InfoId` int(11) NOT NULL AUTO_INCREMENT,
  `FirstName` varchar(255) DEFAULT NULL,
  `LastName` varchar(255) DEFAULT NULL,
  `Surname` varchar(255) DEFAULT NULL,
  `FatherName` varchar(255) DEFAULT NULL,
  `DOB` varchar(255) DEFAULT NULL,
  `HomeAddress` text CHARACTER SET latin7,
  `Mobile` varchar(255) CHARACTER SET latin7 DEFAULT NULL,
  `AddedOn` varchar(255) DEFAULT NULL,
  `CNIC` text,
  `EmailAddress` text,
  `NationalityId` int(255) DEFAULT NULL,
  `ProvinceId` varchar(255) DEFAULT NULL,
  `DistrictId` int(11) DEFAULT NULL,
  `TownId` int(11) DEFAULT NULL,
  `UcId` int(11) DEFAULT NULL,
  `MaritalStatus` varchar(255) DEFAULT NULL,
  `Gander` varchar(255) DEFAULT NULL,
  `DomicileId` varchar(255) DEFAULT NULL,
  `UpdatedOn` varchar(255) DEFAULT NULL,
  `AddedBy` varchar(255) DEFAULT NULL,
  `UpdatedBy` varchar(255) DEFAULT NULL,
  PRIMARY KEY (`InfoId`)
) ENGINE=MyISAM AUTO_INCREMENT=29 DEFAULT CHARSET=latin1;

/*Data for the table `basic_information` */

insert  into `basic_information`(`InfoId`,`FirstName`,`LastName`,`Surname`,`FatherName`,`DOB`,`HomeAddress`,`Mobile`,`AddedOn`,`CNIC`,`EmailAddress`,`NationalityId`,`ProvinceId`,`DistrictId`,`TownId`,`UcId`,`MaritalStatus`,`Gander`,`DomicileId`,`UpdatedOn`,`AddedBy`,`UpdatedBy`) values (1,'Adil','Ahmed','balochj','father name','2018-02-22','asdasdasd','0313123123123123','2018-03-05 10:03:37 am','4444444444444444444444','designerbaloch@gmai.com',171,'15880',6,22,122,'Single','Male','1','2018-03-13 11:03:29 am','2',NULL),(2,'Adeel','Ahmed','Baloch','Faiz Muhammad','2018-02-22','hala naka road near isra univercity','03123123123123','2018-03-08 18:03:42 pm','4444444444','designerbaloch@gmai.com',171,'15880',6,22,122,'Single','Male','2','2018-03-13 14:03:13 pm','2',NULL),(11,'asd','asd','asd','asd','2017-12-30','asdasdas','-212312312312','2018-03-24 10:03:57 am','12312312312312312','designer.baloch2015@gmail.com',171,'15880',3,10,3,'Single','Male','1',NULL,'2',NULL),(12,'asdsad','asd','asd','asd','2017-11-30','asdasdas','123123','2018-04-07 21:04:13 pm','12312312312312312','designer.baloch2015@gmail.com',171,'15880',6,22,124,'Single','Male','2',NULL,'2',NULL),(13,'asdsad','asd','asd','asd','2017-11-30','asdasdas','123123','2018-04-07 21:04:45 pm','12312312312312312','designer.baloch2015@gmail.com',171,'15880',6,22,124,'Single','Male','2',NULL,'2',NULL),(14,'asdsad','asd','asd','asd','2017-11-30','asdasdas','123123','2018-04-07 21:04:27 pm','12312312312312312','designer.baloch2015@gmail.com',171,'15880',6,22,124,'Single','Male','2',NULL,'2',NULL),(15,'asdsad','asd','asd','asd','2017-11-30','asdasdas','123123','2018-04-07 21:04:04 pm','12312312312312312','designer.baloch2015@gmail.com',171,'15880',6,22,124,'Single','Male','2',NULL,'2',NULL),(16,'asdsad','asd','asd','asd','2017-11-30','asdasdas','123123','2018-04-07 21:04:43 pm','12312312312312312','designer.baloch2015@gmail.com',171,'15880',6,22,124,'Single','Male','2',NULL,'2',NULL),(17,'asdsad','asd','asd','asd','2017-11-30','asdasdas','123123','2018-04-07 21:04:35 pm','12312312312312312','designer.baloch2015@gmail.com',171,'15880',6,22,124,'Single','Male','2',NULL,'2',NULL),(18,'asdsad','asd','asd','asd','2017-11-30','asdasdas','123123','2018-04-07 21:04:19 pm','12312312312312312','designer.baloch2015@gmail.com',171,'15880',6,22,124,'Single','Male','2',NULL,'2',NULL),(19,'asdsad','asd','asd','asd','2017-11-30','asdasdas','123123','2018-04-07 21:04:23 pm','12312312312312312','designer.baloch2015@gmail.com',171,'15880',6,22,124,'Single','Male','2',NULL,'2',NULL),(20,'asdsad','asd','asd','asd','2017-11-30','asdasdas','123123','2018-04-07 21:04:44 pm','12312312312312312','designer.baloch2015@gmail.com',171,'15880',6,22,124,'Single','Male','2',NULL,'2',NULL),(21,'asdsad','asd','asd','asd','2017-11-30','asdasdas','123123','2018-04-07 21:04:25 pm','12312312312312312','designer.baloch2015@gmail.com',171,'15880',6,22,124,'Single','Male','2',NULL,'2',NULL),(22,'asdsad','asd','asd','asd','2017-11-30','asdasdas','123123','2018-04-07 21:04:54 pm','12312312312312312','designer.baloch2015@gmail.com',171,'15880',6,22,124,'Single','Male','2',NULL,'2',NULL),(23,'asdsad','asd','asd','asd','2017-11-30','asdasdas','123123','2018-04-07 21:04:32 pm','12312312312312312','designer.baloch2015@gmail.com',171,'15880',6,22,124,'Single','Male','2',NULL,'2',NULL),(24,'asdsad','asd','asd','asd','2017-11-30','asdasdas','123123','2018-04-07 21:04:55 pm','12312312312312312','designer.baloch2015@gmail.com',171,'15880',6,22,124,'Single','Male','2',NULL,'2',NULL),(25,'asdsad','asd','asd','asd','2017-11-30','asdasdas','123123','2018-04-07 21:04:48 pm','12312312312312312','designer.baloch2015@gmail.com',171,'15880',6,22,124,'Single','Male','2',NULL,'2',NULL),(26,'asdsad','asd','asd','asd','2017-11-30','asdasdas','123123','2018-04-07 21:04:08 pm','12312312312312312','designer.baloch2015@gmail.com',171,'15880',6,22,124,'Single','Male','2',NULL,'2',NULL),(28,'asd','asd','asd','asd','2018-04-19','asdasd','13123123123123123','2018-04-22 21:04:48 pm','asd','designer.baloch2015@gmail.com',171,'15880',6,22,122,'Single','Male','1',NULL,'12',NULL);

/*Table structure for table `candidate_languages` */

DROP TABLE IF EXISTS `candidate_languages`;

CREATE TABLE `candidate_languages` (
  `CLanguageId` int(11) NOT NULL AUTO_INCREMENT,
  `LanguageId` varchar(255) DEFAULT NULL,
  `Speaking_levelId` int(11) DEFAULT NULL,
  `Reading_levelId` int(11) DEFAULT NULL,
  `Writing_levelId` int(11) DEFAULT NULL,
  `InfoId` int(11) DEFAULT NULL,
  `AddedOn` varchar(255) DEFAULT NULL,
  `UpdatedOn` varchar(255) DEFAULT NULL,
  PRIMARY KEY (`CLanguageId`) USING BTREE
) ENGINE=MyISAM AUTO_INCREMENT=13 DEFAULT CHARSET=latin1;

/*Data for the table `candidate_languages` */

insert  into `candidate_languages`(`CLanguageId`,`LanguageId`,`Speaking_levelId`,`Reading_levelId`,`Writing_levelId`,`InfoId`,`AddedOn`,`UpdatedOn`) values (1,'1',3,2,3,1,'2018-03-08 18:03:51 pm','2018-03-13 11:03:30 am'),(2,'2',2,2,2,1,'2018-03-12 17:03:11 pm','2018-03-13 11:03:30 am'),(3,'1',2,2,3,2,'2018-03-13 14:03:36 pm','2018-03-13 14:03:13 pm'),(4,'2',1,2,1,2,'2018-03-13 14:03:36 pm','2018-03-13 14:03:13 pm'),(8,'2',2,2,2,11,'2018-03-24 10:03:57 am',NULL),(9,'2',1,2,3,25,'2018-04-07 21:04:48 pm',NULL),(10,'2',1,2,3,26,'2018-04-07 21:04:08 pm',NULL),(12,'2',2,3,1,28,'2018-04-22 21:04:48 pm',NULL);

/*Table structure for table `candidate_skills` */

DROP TABLE IF EXISTS `candidate_skills`;

CREATE TABLE `candidate_skills` (
  `CSkillId` int(11) NOT NULL AUTO_INCREMENT,
  `SkillId` varchar(255) DEFAULT NULL,
  `AddedOn` varchar(255) DEFAULT NULL,
  `UpdatedOn` varchar(255) DEFAULT NULL,
  `InfoId` int(11) DEFAULT NULL,
  `LevelId` int(11) DEFAULT NULL,
  PRIMARY KEY (`CSkillId`) USING BTREE
) ENGINE=MyISAM AUTO_INCREMENT=20 DEFAULT CHARSET=latin1;

/*Data for the table `candidate_skills` */

insert  into `candidate_skills`(`CSkillId`,`SkillId`,`AddedOn`,`UpdatedOn`,`InfoId`,`LevelId`) values (1,'1','2018-03-08 18:03:51 pm','2018-03-13 11:03:30 am',1,1),(5,'2','2018-03-12 17:03:11 pm','2018-03-13 11:03:30 am',1,2),(6,'3','2018-03-12 17:03:11 pm','2018-03-13 11:03:30 am',1,2),(7,'1','2018-03-13 14:03:36 pm','2018-03-13 14:03:13 pm',2,1),(8,'2','2018-03-13 14:03:36 pm','2018-03-13 14:03:13 pm',2,2),(9,'3','2018-03-13 14:03:36 pm','2018-03-13 14:03:13 pm',2,3),(10,'5','2018-03-13 14:03:36 pm','2018-03-13 14:03:13 pm',2,1),(11,'8','2018-03-13 14:03:36 pm','2018-03-13 14:03:13 pm',2,3),(15,'2','2018-03-24 10:03:57 am',NULL,11,2),(16,'2','2018-04-07 21:04:48 pm',NULL,25,2),(17,'2','2018-04-07 21:04:08 pm',NULL,26,2),(19,'2','2018-04-22 21:04:48 pm',NULL,28,1);

/*Table structure for table `countries` */

DROP TABLE IF EXISTS `countries`;

CREATE TABLE `countries` (
  `country_id` smallint(3) unsigned NOT NULL AUTO_INCREMENT,
  `country_name` varchar(100) CHARACTER SET utf8 DEFAULT NULL,
  `country_code_char2` varchar(2) NOT NULL,
  `country_code_char3` varchar(3) NOT NULL,
  `un_region` varchar(80) CHARACTER SET utf8 DEFAULT NULL,
  `un_subregion` varchar(80) CHARACTER SET utf8 DEFAULT NULL,
  PRIMARY KEY (`country_id`)
) ENGINE=InnoDB AUTO_INCREMENT=704 DEFAULT CHARSET=latin1;

/*Data for the table `countries` */

insert  into `countries`(`country_id`,`country_name`,`country_code_char2`,`country_code_char3`,`un_region`,`un_subregion`) values (1,'Georgia','GE','GEO','Asia','Western Asia'),(2,'Afghanistan','AF','AFG','Asia','Southern Asia'),(3,'Åland Islands','AX','ALA','Europe','Northern Europe'),(4,'Albania','AL','ALB','Europe','Southern Europe'),(5,'Algeria','DZ','DZA','Africa','Northern Africa'),(6,'American Samoa','AS','ASM','Oceania','Polynesia'),(7,'Andorra','AD','AND','Europe','Southern Europe'),(8,'Angola','AO','AGO','Africa','Middle Africa'),(9,'Anguilla','AI','AIA','Americas','Caribbean'),(10,'Antarctica','AQ','ATA','',''),(11,'Antigua and Barbuda','AG','ATG','Americas','Caribbean'),(12,'Argentina','AR','ARG','Americas','South America'),(13,'Armenia','AM','ARM','Asia','Western Asia'),(14,'Aruba','AW','ABW','Americas','Caribbean'),(15,'Australia','AU','AUS','Oceania','Australia and New Zealand'),(16,'Austria','AT','AUT','Europe','Western Europe'),(17,'Azerbaijan','AZ','AZE','Asia','Western Asia'),(18,'Bahamas','BS','BHS','Americas','Caribbean'),(21,'Bahrain','BH','BHR','Asia','Western Asia'),(22,'Bangladesh','BD','BGD','Asia','Southern Asia'),(23,'Barbados','BB','BRB','Americas','Caribbean'),(24,'Belarus','BY','BLR','Europe','Eastern Europe'),(25,'Belgium','BE','BEL','Europe','Western Europe'),(26,'Belize','BZ','BLZ','Americas','Central America'),(27,'Benin','BJ','BEN','Africa','Western Africa'),(28,'Bermuda','BM','BMU','Americas','Northern America'),(29,'Bhutan','BT','BTN','Asia','Southern Asia'),(30,'Bolivia, Plurinational State Of','BO','BOL','Americas','South America'),(31,'Bosnia and Herzegovina','BA','BIH','Europe','Southern Europe'),(32,'Botswana','BW','BWA','Africa','Southern Africa'),(33,'Bouvet Island','BV','BVT','',''),(34,'Brazil','BR','BRA','Americas','South America'),(35,'British Indian Ocean Territory','IO','IOT','Africa','Eastern Africa'),(36,'Brunei Darussalam','BN','BRN','Asia','South-Eastern Asia'),(37,'Bulgaria','BG','BGR','Europe','Eastern Europe'),(38,'Burkina Faso','BF','BFA','Africa','Western Africa'),(39,'Burundi','BI','BDI','Africa','Eastern Africa'),(40,'Cambodia','KH','KHM','Asia','South-Eastern Asia'),(41,'Cameroon','CM','CMR','Africa','Middle Africa'),(42,'Canada','CA','CAN','Americas','Northern America'),(43,'Cape Verde','CV','CPV','Africa','Western Africa'),(44,'Cayman Islands','KY','CYM','Americas','Caribbean'),(45,'Central African Republic','CF','CAF','Africa','Middle Africa'),(46,'Chad','TD','TCD','Africa','Middle Africa'),(47,'Chile','CL','CHL','Americas','South America'),(48,'China','CN','CHN','Asia','Eastern Asia'),(49,'Christmas Island','CX','CXR','Oceania','Australia and New Zealand'),(50,'Cocos (Keeling) Islands','CC','CCK','Oceania','Australia and New Zealand'),(51,'Colombia','CO','COL','Americas','South America'),(52,'Comoros','KM','COM','Africa','Eastern Africa'),(53,'Congo','CG','COG','Africa','Middle Africa'),(54,'Congo, The Democratic Republic Of The','CD','COD','Africa','Middle Africa'),(55,'Cook Islands','CK','COK','Oceania','Polynesia'),(56,'Costa Rica','CR','CRI','Americas','Central America'),(57,'Côte D\'Ivoire','CI','CIV','Africa','Western Africa'),(58,'Croatia','HR','HRV','Europe','Southern Europe'),(59,'Cuba','CU','CUB','Americas','Caribbean'),(60,'Cyprus','CY','CYP','Asia','Western Asia'),(61,'Czech Republic','CZ','CZE','Europe','Eastern Europe'),(62,'Denmark','DK','DNK','Europe','Northern Europe'),(63,'Djibouti','DJ','DJI','Africa','Eastern Africa'),(64,'Dominica','DM','DMA','Americas','Caribbean'),(65,'Dominican Republic','DO','DOM','Americas','Caribbean'),(66,'Ecuador','EC','ECU','Americas','South America'),(67,'Egypt','EG','EGY','Africa','Northern Africa'),(68,'El Salvador','SV','SLV','Americas','Central America'),(69,'Equatorial Guinea','GQ','GNQ','Africa','Middle Africa'),(70,'Eritrea','ER','ERI','Africa','Eastern Africa'),(71,'Estonia','EE','EST','Europe','Northern Europe'),(73,'Ethiopia','ET','ETH','Africa','Eastern Africa'),(74,'Falkland Islands  (Malvinas)','FK','FLK','Americas','South America'),(75,'Faroe Islands','FO','FRO','Europe','Northern Europe'),(76,'Fiji','FJ','FJI','Oceania','Melanesia'),(77,'Finland','FI','FIN','Europe','Northern Europe'),(78,'France','FR','FRA','Europe','Western Europe'),(80,'French Guiana','GF','GUF','Americas','South America'),(81,'French Polynesia','PF','PYF','Oceania','Polynesia'),(82,'French Southern Territories','TF','ATF','',''),(83,'Gabon','GA','GAB','Africa','Middle Africa'),(84,'Gambia','GM','GMB','Africa','Western Africa'),(85,'Germany','DE','DEU','Europe','Western Europe'),(86,'Ghana','GH','GHA','Africa','Western Africa'),(87,'Gibraltar','GI','GIB','Europe','Southern Europe'),(88,'Greece','GR','GRC','Europe','Southern Europe'),(89,'Greenland','GL','GRL','Americas','Northern America'),(90,'Grenada','GD','GRD','Americas','Caribbean'),(91,'Guadeloupe','GP','GLP','Americas','Caribbean'),(92,'Guam','GU','GUM','Oceania','Micronesia'),(93,'Guatemala','GT','GTM','Americas','Central America'),(94,'Guernsey','GG','GGY','Europe','Northern Europe'),(95,'Guinea','GN','GIN','Africa','Western Africa'),(96,'Guinea-Bissau','GW','GNB','Africa','Western Africa'),(97,'Guyana','GY','GUY','Americas','South America'),(98,'Haiti','HT','HTI','Americas','Caribbean'),(99,'Heard and McDonald Islands','HM','HMD','',''),(100,'Holy See (Vatican City State)','VA','VAT','Europe','Southern Europe'),(101,'Honduras','HN','HND','Americas','Central America'),(102,'Hong Kong','HK','HKG','Asia','Eastern Asia'),(103,'Hungary','HU','HUN','Europe','Eastern Europe'),(104,'Iceland','IS','ISL','Europe','Northern Europe'),(105,'India','IN','IND','Asia','Southern Asia'),(106,'Indonesia','ID','IDN','Asia','South-Eastern Asia'),(107,'Iran, Islamic Republic Of','IR','IRN','Asia','Southern Asia'),(108,'Iraq','IQ','IRQ','Asia','Western Asia'),(109,'Ireland','IE','IRL','Europe','Northern Europe'),(110,'Isle of Man','IM','IMN','Europe','Northern Europe'),(111,'Israel','IL','ISR','Asia','Western Asia'),(112,'Italy','IT','ITA','Europe','Southern Europe'),(113,'Jamaica','JM','JAM','Americas','Caribbean'),(114,'Japan','JP','JPN','Asia','Eastern Asia'),(115,'Jersey','JE','JEY','Europe','Northern Europe'),(116,'Jordan','JO','JOR','Asia','Western Asia'),(117,'Kazakhstan','KZ','KAZ','Asia','Central Asia'),(118,'Kenya','KE','KEN','Africa','Eastern Africa'),(119,'Kiribati','KI','KIR','Oceania','Micronesia'),(120,'Korea, Republic of','KR','KOR','Asia','Eastern Asia'),(121,'Korea, Democratic People\'s Republic Of','KP','PRK','Asia','Eastern Asia'),(122,'Kuwait','KW','KWT','Asia','Western Asia'),(123,'Kyrgyzstan','KG','KGZ','Asia','Central Asia'),(124,'Lao People\'s Democratic Republic','LA','LAO','Asia','South-Eastern Asia'),(125,'Latvia','LV','LVA','Europe','Northern Europe'),(126,'Lebanon','LB','LBN','Asia','Western Asia'),(127,'Lesotho','LS','LSO','Africa','Southern Africa'),(128,'Liberia','LR','LBR','Africa','Western Africa'),(129,'Libyan Arab Jamahiriya','LY','LBY','Africa','Northern Africa'),(130,'Liechtenstein','LI','LIE','Europe','Western Europe'),(131,'Lithuania','LT','LTU','Europe','Northern Europe'),(132,'Luxembourg','LU','LUX','Europe','Western Europe'),(133,'Macao','MO','MAC','Asia','Eastern Asia'),(134,'Macedonia, the Former Yugoslav Republic Of','MK','MKD','Europe','Southern Europe'),(135,'Madagascar','MG','MDG','Africa','Eastern Africa'),(136,'Malawi','MW','MWI','Africa','Eastern Africa'),(137,'Malaysia','MY','MYS','Asia','South-Eastern Asia'),(138,'Maldives','MV','MDV','Asia','Southern Asia'),(139,'Mali','ML','MLI','Africa','Western Africa'),(140,'Malta','MT','MLT','Europe','Southern Europe'),(141,'Marshall Islands','MH','MHL','Oceania','Micronesia'),(142,'Martinique','MQ','MTQ','Americas','Caribbean'),(143,'Mauritania','MR','MRT','Africa','Western Africa'),(144,'Mauritius','MU','MUS','Africa','Eastern Africa'),(145,'Mayotte','YT','MYT','Africa','Eastern Africa'),(146,'Mexico','MX','MEX','Americas','Central America'),(147,'Micronesia, Federated States Of','FM','FSM','Oceania','Micronesia'),(148,'Moldova, Republic of','MD','MDA','Europe','Eastern Europe'),(149,'Monaco','MC','MCO','Europe','Western Europe'),(150,'Mongolia','MN','MNG','Asia','Eastern Asia'),(151,'Montenegro','ME','MNE','Europe','Southern Europe'),(152,'Montserrat','MS','MSR','Americas','Caribbean'),(153,'Morocco','MA','MAR','Africa','Northern Africa'),(154,'Mozambique','MZ','MOZ','Africa','Eastern Africa'),(155,'Myanmar','MM','MMR','Asia','South-Eastern Asia'),(156,'Namibia','NA','NAM','Africa','Southern Africa'),(157,'Nauru','NR','NRU','Oceania','Micronesia'),(158,'Nepal','NP','NPL','Asia','Southern Asia'),(159,'Netherlands','NL','NLD','Europe','Western Europe'),(160,'Netherlands Antilles','AN','ANT','Americas','Caribbean'),(161,'New Caledonia','NC','NCL','Oceania','Melanesia'),(162,'New Zealand','NZ','NZL','Oceania','Australia and New Zealand'),(163,'Nicaragua','NI','NIC','Americas','Central America'),(164,'Niger','NE','NER','Africa','Western Africa'),(165,'Nigeria','NG','NGA','Africa','Western Africa'),(166,'Niue','NU','NIU','Oceania','Polynesia'),(167,'Norfolk Island','NF','NFK','Oceania','Australia and New Zealand'),(168,'Northern Mariana Islands','MP','MNP','Oceania','Micronesia'),(169,'Norway','NO','NOR','Europe','Northern Europe'),(170,'Oman','OM','OMN','Asia','Western Asia'),(171,'Pakistan','PK','PAK','Asia','Southern Asia'),(172,'Palau','PW','PLW','Oceania','Micronesia'),(173,'Palestinian Territory, Occupied','PS','PSE','Asia','Western Asia'),(175,'Panama','PA','PAN','Americas','Central America'),(176,'Papua New Guinea','PG','PNG','Oceania','Melanesia'),(177,'Paraguay','PY','PRY','Americas','South America'),(178,'Peru','PE','PER','Americas','South America'),(180,'Philippines','PH','PHL','Asia','South-Eastern Asia'),(181,'Saint Pierre And Miquelon','PM','SPM','Americas','Northern America'),(182,'Pitcairn','PN','PCN','Oceania','Polynesia'),(183,'Poland','PL','POL','Europe','Eastern Europe'),(184,'Portugal','PT','PRT','Europe','Southern Europe'),(185,'Puerto Rico','PR','PRI','Americas','Caribbean'),(186,'Qatar','QA','QAT','Asia','Western Asia'),(187,'Réunion','RE','REU','Africa','Eastern Africa'),(189,'Romania','RO','ROU','Europe','Eastern Europe'),(190,'Russian Federation','RU','RUS','Europe','Eastern Europe'),(191,'Rwanda','RW','RWA','Africa','Eastern Africa'),(192,'Saint Helena, Ascension and Tristan Da Cunha','SH','SHN','Africa','Western Africa'),(193,'Saint Kitts And Nevis','KN','KNA','Americas','Caribbean'),(194,'Saint Lucia','LC','LCA','Americas','Caribbean'),(195,'Saint Vincent And The Grenedines','VC','VCT','Americas','Caribbean'),(196,'Samoa','WS','WSM','Oceania','Polynesia'),(197,'San Marino','SM','SMR','Europe','Southern Europe'),(198,'Sao Tome and Principe','ST','STP','Africa','Middle Africa'),(199,'Saudi Arabia','SA','SAU','Asia','Western Asia'),(200,'Senegal','SN','SEN','Africa','Western Africa'),(201,'Serbia','RS','SRB','Europe','Southern Europe'),(202,'Seychelles','SC','SYC','Africa','Eastern Africa'),(203,'Sierra Leone','SL','SLE','Africa','Western Africa'),(205,'Singapore','SG','SGP','Asia','South-Eastern Asia'),(206,'Slovakia','SK','SVK','Europe','Eastern Europe'),(207,'Slovenia','SI','SVN','Europe','Southern Europe'),(208,'Solomon Islands','SB','SLB','Oceania','Melanesia'),(209,'Somalia','SO','SOM','Africa','Eastern Africa'),(210,'South Africa','ZA','ZAF','Africa','Southern Africa'),(211,'South Georgia and the South Sandwich Islands','GS','SGS','Americas','South America'),(212,'Spain','ES','ESP','Europe','Southern Europe'),(213,'Sri Lanka','LK','LKA','Asia','Southern Asia'),(214,'Sudan','SD','SDN','Africa','Northern Africa'),(215,'Suriname','SR','SUR','Americas','South America'),(216,'Svalbard And Jan Mayen','SJ','SJM','Europe','Northern Europe'),(217,'Swaziland','SZ','SWZ','Africa','Southern Africa'),(218,'Sweden','SE','SWE','Europe','Northern Europe'),(219,'Switzerland','CH','CHE','Europe','Western Europe'),(220,'Syrian Arab Republic','SY','SYR','Asia','Western Asia'),(221,'Taiwan, Province Of China','TW','TWN','Asia','Eastern Asia'),(222,'Tajikistan','TJ','TJK','Asia','Central Asia'),(223,'Tanzania, United Republic of','TZ','TZA','Africa','Eastern Africa'),(224,'Thailand','TH','THA','Asia','South-Eastern Asia'),(226,'Timor-Leste','TL','TLS','Asia','South-Eastern Asia'),(227,'Togo','TG','TGO','Africa','Western Africa'),(228,'Tokelau','TK','TKL','Oceania','Polynesia'),(229,'Tonga','TO','TON','Oceania','Polynesia'),(230,'Trinidad and Tobago','TT','TTO','Americas','Caribbean'),(231,'Tunisia','TN','TUN','Africa','Northern Africa'),(232,'Turkey','TR','TUR','Asia','Western Asia'),(233,'Turkmenistan','TM','TKM','Asia','Central Asia'),(234,'Turks and Caicos Islands','TC','TCA','Americas','Caribbean'),(235,'Tuvalu','TV','TUV','Oceania','Polynesia'),(236,'Uganda','UG','UGA','Africa','Eastern Africa'),(237,'Ukraine','UA','UKR','Europe','Eastern Europe'),(238,'United Arab Emirates','AE','ARE','Asia','Western Asia'),(239,'United Kingdom','GB','GBR','Europe','Northern Europe'),(240,'United States','US','USA','Americas','Northern America'),(241,'United States Minor Outlying Islands','UM','UMI','Americas','Northern America'),(242,'Uruguay','UY','URY','Americas','South America'),(243,'Uzbekistan','UZ','UZB','Asia','Central Asia'),(244,'Vanuatu','VU','VUT','Oceania','Melanesia'),(245,'Venezuela, Bolivarian Republic of','VE','VEN','Americas','South America'),(247,'Viet Nam','VN','VNM','Asia','South-Eastern Asia'),(248,'Virgin Islands, British','VG','VGB','Americas','Caribbean'),(249,'Virgin Islands, U.S.','VI','VIR','Americas','Caribbean'),(250,'Wallis and Futuna','WF','WLF','Oceania','Polynesia'),(251,'Western Sahara','EH','ESH','Africa','Northern Africa'),(252,'Yemen','YE','YEM','Asia','Western Asia'),(255,'Zambia','ZM','ZMB','Africa','Eastern Africa'),(256,'Zimbabwe','ZW','ZWE','Africa','Eastern Africa'),(300,'Saint Barthélemy','BL','BLM','Americas','Caribbean'),(301,'Saint Martin','MF','MAF','Americas','Caribbean'),(700,'Bonaire, Sint Eustatius and Saba','BQ','BES','',''),(701,'Curaçao','CW','CUW','',''),(702,'Sint Maarten (Dutch part)','SX','SXM','',''),(703,'South Sudan','SS','SSD','','');

/*Table structure for table `degrees` */

DROP TABLE IF EXISTS `degrees`;

CREATE TABLE `degrees` (
  `DegreeId` int(11) NOT NULL AUTO_INCREMENT,
  `Degree` varchar(255) DEFAULT NULL,
  `AddedOn` varchar(255) DEFAULT NULL,
  `UpdatedOn` varchar(0) DEFAULT NULL,
  `AddedBy` varchar(255) DEFAULT NULL,
  `Status` varchar(255) DEFAULT NULL,
  PRIMARY KEY (`DegreeId`)
) ENGINE=MyISAM AUTO_INCREMENT=8 DEFAULT CHARSET=latin1;

/*Data for the table `degrees` */

insert  into `degrees`(`DegreeId`,`Degree`,`AddedOn`,`UpdatedOn`,`AddedBy`,`Status`) values (1,'Matric',NULL,NULL,NULL,NULL),(2,'Intermediate',NULL,NULL,NULL,NULL),(3,'Bcs',NULL,NULL,NULL,NULL),(4,'B.Com I',NULL,NULL,NULL,NULL),(5,'B.Com II',NULL,NULL,NULL,NULL),(6,'M.Com',NULL,NULL,NULL,NULL),(7,'PHD',NULL,NULL,NULL,NULL);

/*Table structure for table `deleted_cv` */

DROP TABLE IF EXISTS `deleted_cv`;

CREATE TABLE `deleted_cv` (
  `DId` int(11) NOT NULL AUTO_INCREMENT,
  `CV_Title` varchar(255) DEFAULT NULL,
  `InfoId` int(11) DEFAULT NULL,
  `DeletedOn` text,
  `DeletedBy` text,
  PRIMARY KEY (`DId`)
) ENGINE=MyISAM AUTO_INCREMENT=4 DEFAULT CHARSET=latin1;

/*Data for the table `deleted_cv` */

insert  into `deleted_cv`(`DId`,`CV_Title`,`InfoId`,`DeletedOn`,`DeletedBy`) values (1,'asdasd',11,NULL,'2'),(2,'asdasd',11,'2018-03-24 10:03:33: am','2'),(3,'asdsadasd',27,'2018-04-09 23:04:14: pm','2');

/*Table structure for table `districts` */

DROP TABLE IF EXISTS `districts`;

CREATE TABLE `districts` (
  `DistrictId` int(11) NOT NULL AUTO_INCREMENT,
  `OrganizationId` int(11) DEFAULT '1',
  `RegionId` int(11) DEFAULT NULL,
  `DistrictName` varchar(255) DEFAULT NULL,
  `Status` tinyint(3) DEFAULT '1',
  `DistrictAddedOn` datetime DEFAULT NULL,
  `DistrictAddedBy` int(11) DEFAULT NULL,
  `ProvinceId` int(11) DEFAULT NULL,
  PRIMARY KEY (`DistrictId`) USING BTREE
) ENGINE=InnoDB AUTO_INCREMENT=30 DEFAULT CHARSET=utf8;

/*Data for the table `districts` */

insert  into `districts`(`DistrictId`,`OrganizationId`,`RegionId`,`DistrictName`,`Status`,`DistrictAddedOn`,`DistrictAddedBy`,`ProvinceId`) values (1,1,1,'Badin',1,'2017-04-25 13:21:46',1,15880),(2,1,1,'Central Karachi',1,'2017-04-25 13:21:46',1,15880),(3,1,1,'Dadu',1,'2017-04-25 13:21:46',1,15880),(5,1,1,'Ghotki',1,'2017-04-25 13:21:46',1,15880),(6,1,1,'Hyderabad',1,'2017-04-25 13:21:46',1,15880),(7,1,1,'Jacobabad',1,'2017-04-25 13:21:46',1,15880),(8,1,1,'Jamshoro',1,'2017-04-25 13:21:46',1,15880),(9,1,1,'Kambar-Shahdadkot',1,'2017-04-25 13:21:46',1,15880),(10,1,1,'Kashmore',1,'2017-04-25 13:21:46',1,15880),(11,1,1,'Khairpur Mirs',1,'2017-04-25 13:21:46',1,15880),(12,1,1,'Korangi Karachi',1,'2017-04-25 13:21:46',1,15880),(13,1,1,'Larkana',1,'2017-04-25 13:21:46',1,15880),(14,1,1,'Malir Karachi',1,'2017-04-25 13:21:46',1,15880),(15,1,1,'Mirpur Khas',1,'2017-04-25 13:21:46',1,15880),(16,1,2,'Mitiari',1,'2017-04-25 13:21:46',1,15880),(17,1,2,'Naushero Feroze',1,'2017-04-25 13:21:46',1,15880),(18,1,2,'Sanghar',1,'2017-04-25 13:21:46',1,15880),(19,1,2,'Shaheed Benazirabad',1,'2017-04-25 13:21:46',1,15880),(20,1,2,'Shikarpur',1,'2017-04-25 13:21:46',1,15880),(21,1,2,'South Karachi',1,'2017-04-25 13:21:46',1,15880),(22,1,2,'Sujawal',1,'2017-04-25 13:21:46',1,15880),(23,1,2,'SUKKUR',1,'2017-04-25 13:21:46',1,15880),(24,1,2,'Tando Allah Yar',1,'2017-04-25 13:21:46',1,15880),(25,1,2,'Tando Muhammad Khan',1,'2017-04-25 13:21:46',1,15880),(26,1,2,'Tharparkar',1,'2017-04-25 13:21:46',1,15880),(27,1,2,'Thatta',1,'2017-04-25 13:21:46',1,15880),(28,1,2,'Umerkot',1,'2017-04-25 13:21:46',1,15880),(29,1,2,'West Karachi',1,'2017-04-25 13:21:46',1,15880);

/*Table structure for table `domicile` */

DROP TABLE IF EXISTS `domicile`;

CREATE TABLE `domicile` (
  `DomicileId` int(11) NOT NULL AUTO_INCREMENT,
  `Domicile` varchar(255) DEFAULT NULL,
  `AddedOn` timestamp NOT NULL DEFAULT CURRENT_TIMESTAMP ON UPDATE CURRENT_TIMESTAMP,
  `AddedBy` varchar(255) DEFAULT NULL,
  `UpdatedOn` datetime DEFAULT NULL,
  PRIMARY KEY (`DomicileId`)
) ENGINE=MyISAM AUTO_INCREMENT=3 DEFAULT CHARSET=latin1;

/*Data for the table `domicile` */

insert  into `domicile`(`DomicileId`,`Domicile`,`AddedOn`,`AddedBy`,`UpdatedOn`) values (1,'Urban','2018-02-28 23:20:13','1',NULL),(2,'Rural','2018-02-28 23:20:13','1',NULL);

/*Table structure for table `languages` */

DROP TABLE IF EXISTS `languages`;

CREATE TABLE `languages` (
  `LanguageId` int(11) NOT NULL AUTO_INCREMENT,
  `Language` varchar(255) DEFAULT NULL,
  `AddedOn` varchar(255) DEFAULT NULL,
  `UpdatedOn` varchar(255) DEFAULT NULL,
  `Status` varchar(255) DEFAULT NULL,
  PRIMARY KEY (`LanguageId`)
) ENGINE=MyISAM AUTO_INCREMENT=9 DEFAULT CHARSET=latin1;

/*Data for the table `languages` */

insert  into `languages`(`LanguageId`,`Language`,`AddedOn`,`UpdatedOn`,`Status`) values (1,'Sindhi',NULL,NULL,NULL),(2,'English',NULL,NULL,NULL),(3,'Seraiki',NULL,NULL,NULL),(4,'Panjabi',NULL,NULL,NULL),(5,'Balochi',NULL,NULL,NULL),(6,'Hindi',NULL,NULL,NULL),(7,'Pashto',NULL,NULL,NULL),(8,'Urdu',NULL,NULL,NULL);

/*Table structure for table `levels` */

DROP TABLE IF EXISTS `levels`;

CREATE TABLE `levels` (
  `LevelId` int(11) NOT NULL AUTO_INCREMENT,
  `Level` varchar(255) DEFAULT NULL,
  PRIMARY KEY (`LevelId`) USING BTREE
) ENGINE=MyISAM AUTO_INCREMENT=4 DEFAULT CHARSET=latin1;

/*Data for the table `levels` */

insert  into `levels`(`LevelId`,`Level`) values (1,'Beginner'),(2,'Intermediate'),(3,'Expert');

/*Table structure for table `memberships` */

DROP TABLE IF EXISTS `memberships`;

CREATE TABLE `memberships` (
  `MamberShipId` int(11) NOT NULL AUTO_INCREMENT,
  `MamberShip_Title` varchar(255) DEFAULT NULL,
  `Organization_Name` varchar(255) DEFAULT NULL,
  `MamberShip_StartDate` datetime DEFAULT NULL,
  `MamberShip_EndDate` datetime DEFAULT NULL,
  `InfoId` int(11) DEFAULT NULL,
  `AddedOn` datetime DEFAULT NULL,
  `UpdatedOn` datetime DEFAULT NULL,
  PRIMARY KEY (`MamberShipId`)
) ENGINE=MyISAM DEFAULT CHARSET=latin1;

/*Data for the table `memberships` */

/*Table structure for table `packages` */

DROP TABLE IF EXISTS `packages`;

CREATE TABLE `packages` (
  `PackageId` int(11) NOT NULL AUTO_INCREMENT,
  `PackageName` varchar(100) DEFAULT NULL,
  `PackageModuleItems` text,
  `PackageReportItems` text,
  PRIMARY KEY (`PackageId`) USING BTREE
) ENGINE=InnoDB AUTO_INCREMENT=2 DEFAULT CHARSET=latin1;

/*Data for the table `packages` */

insert  into `packages`(`PackageId`,`PackageName`,`PackageModuleItems`,`PackageReportItems`) values (1,'AdminPanel','[\r\n  {\r\n		\"Module\": \"Dashboard\",\r\n    \"ModuleName\": \"Dashboard\",\r\n		\"RouteName\": \"Dashboard\",\r\n    \"Icon\": \"fa fa-dashboard nav_icon\",\r\n    \"SubMenues\": []\r\n  },\r\n	{\r\n		\"Module\": \"CurriculumVitae\",\r\n    \"ModuleName\": \"Curriculum vitae\",\r\n		\"RouteName\": \"CVShowGrid\",\r\n    \"Icon\": \"fa fa-indent nav_icon\",\r\n    \"SubMenues\": [\r\n										{\r\n											\"Module\": \"AddNew\",\r\n											\"ModuleName\": \"Add New\",\r\n											\"RouteName\": \"AddNewCV\",\r\n											\"Icon\": \"fa fa-area-chart nav_icon\",\r\n											\"SubMenues\": []\r\n										},\r\n										{\r\n											\"Module\": \"CV\",\r\n											\"ModuleName\": \"CV\'s\",\r\n											\"RouteName\": \"CVShowGrid\",\r\n											\"Icon\": \"fa fa-map-marker nav_icon\",\r\n											\"SubMenues\": []\r\n										}\r\n									]\r\n  },\r\n	{\r\n		\"Module\": \"Settings\",\r\n    \"ModuleName\": \"Settings\",\r\n		\"RouteName\": \"UsersDataGrid\",\r\n    \"Icon\": \"fa fa-cog nav_icon\",\r\n    \"SubMenues\": [\r\n										{\r\n											\"Module\": \"Users\",\r\n											\"ModuleName\": \"Users\",\r\n											\"RouteName\": \"UsersDataGrid\",\r\n											\"Icon\": \"fa fa-sign-in nav_icon\",\r\n											\"SubMenues\": []\r\n										},\r\n										{\r\n											\"Module\": \"SystemLogs\",\r\n											\"ModuleName\": \"System Logs\",\r\n											\"RouteName\": \"LogsGrid\",\r\n											\"Icon\": \"fa fa-sign-in nav_icon\",\r\n											\"SubMenues\": []\r\n										}\r\n									]\r\n  }\r\n\r\n]',NULL);

/*Table structure for table `province` */

DROP TABLE IF EXISTS `province`;

CREATE TABLE `province` (
  `ProvinceId` smallint(5) unsigned NOT NULL AUTO_INCREMENT,
  `country_code_char2` varchar(2) NOT NULL,
  `country_code_char3` varchar(3) NOT NULL,
  `province_name` varchar(80) CHARACTER SET utf8 DEFAULT NULL,
  `state_subdivision_code` varchar(50) NOT NULL,
  `country_id` int(11) DEFAULT NULL,
  PRIMARY KEY (`ProvinceId`) USING BTREE
) ENGINE=InnoDB AUTO_INCREMENT=48250 DEFAULT CHARSET=latin1;

/*Data for the table `province` */

insert  into `province`(`ProvinceId`,`country_code_char2`,`country_code_char3`,`province_name`,`state_subdivision_code`,`country_id`) values (12254,'AF','AFG','Zabol [Zabul]','AF-ZAB',2),(12255,'AF','AFG','Oruzgan [Uruzgan]','AF-ORU',2),(12256,'AF','AFG','Kondoz [Kunduz]','AF-KDZ',2),(12257,'AF','AFG','Parwan','AF-PAR',2),(12258,'AF','AFG','Sar-e Pol','AF-SAR',2),(12259,'AF','AFG','Paktika','AF-PKA',2),(12260,'AF','AFG','Lowgar','AF-LOW',2),(12261,'AF','AFG','Kapisa','AF-KAP',2),(12262,'AF','AFG','Herat','AF-HER',2),(12263,'AF','AFG','Kandahar','AF-KAN',2),(12264,'AF','AFG','Samangan','AF-SAM',2),(12265,'AF','AFG','Takhar','AF-TAK',2),(12266,'AF','AFG','Wardak [Wardag]','AF-WAR',2),(12267,'AF','AFG','Badakhshan','AF-BDS',2),(12268,'AF','AFG','Baghlan','AF-BGL',2),(12269,'AF','AFG','Bamian','AF-BAM',2),(12270,'AF','AFG','Faryab','AF-FYB',2),(12271,'AF','AFG','Ghazni','AF-GHA',2),(12272,'AF','AFG','Badghis','AF-BDG',2),(12273,'AF','AFG','Balkh','AF-BAL',2),(12274,'AF','AFG','Farah','AF-FRA',2),(12275,'AF','AFG','Ghowr','AF-GHO',2),(12276,'AF','AFG','Khowst','AF-KHO',2),(12277,'AF','AFG','Helmand','AF-HEL',2),(12278,'AF','AFG','Kabul [Kabol]','AF-KAB',2),(12279,'AF','AFG','Laghman','AF-LAG',2),(12280,'AF','AFG','Nangrahar [Nangarhar]','AF-NAN',2),(12281,'AF','AFG','Nurestan','AF-NUR',2),(12282,'AF','AFG','Paktia','AF-PIA',2),(12283,'AF','AFG','Jowzjan','AF-JOW',2),(12284,'AF','AFG','Konar [Kunar]','AF-KNR',2),(12285,'AF','AFG','Nimruz','AF-NIM',2),(12286,'AL','ALB','Tiranë','AL-TR',4),(12287,'AL','ALB','Shkodër','AL-SH',4),(12288,'AL','ALB','Pogradec','AL-PG',4),(12289,'AL','ALB','Mirditë','AL-MR',4),(12290,'AL','ALB','Kolonjë','AL-ER',4),(12291,'AL','ALB','Mat','AL-MT',4),(12292,'AL','ALB','Peqin','AL-PQ',4),(12293,'AL','ALB','Përmet','AL-PR',4),(12294,'AL','ALB','Pukë','AL-PU',4),(12295,'AL','ALB','Sarandë','AL-SR',4),(12296,'AL','ALB','Skrapar','AL-SK',4),(12297,'AL','ALB','Tepelenë','AL-TE',4),(12298,'AL','ALB','Tropojë','AL-TP',4),(12299,'AL','ALB','Vlorë','AL-VL',4),(12300,'AL','ALB','Has','AL-HA',4),(12301,'AL','ALB','Kavajë','AL-KA',4),(12302,'AL','ALB','Korçë','AL-KO',4),(12303,'AL','ALB','Krujë','AL-KR',4),(12304,'AL','ALB','Kukës','AL-KU',4),(12305,'AL','ALB','Kurbin','AL-KB',4),(12306,'AL','ALB','Librazhd','AL-LB',4),(12307,'AL','ALB','Lushnjë','AL-LU',4),(12308,'AL','ALB','Malësi e Madhe','AL-MM',4),(12309,'AL','ALB','Bulqizë','AL-BU',4),(12310,'AL','ALB','Delvinë','AL-DL',4),(12311,'AL','ALB','Dibër','AL-DI',4),(12312,'AL','ALB','Durrës','AL-DR',4),(12313,'AL','ALB','Fier','AL-FR',4),(12314,'AL','ALB','Gjirokastër','AL-GJ',4),(12315,'AL','ALB','Elbasan','AL-EL',4),(12316,'AL','ALB','Berat','AL-BR',4),(12317,'AL','ALB','Devoll','AL-DV',4),(12318,'AL','ALB','Gramsh','AL-GR',4),(12319,'AL','ALB','Kuçovë','AL-KC',4),(12320,'AL','ALB','Lezhë','AL-LE',4),(12321,'AL','ALB','Mallakastër','AL-MK',4),(12322,'DZ','DZA','Ouargla','DZ-30',5),(12323,'DZ','DZA','El Oued','DZ-39',5),(12324,'DZ','DZA','Tizi Ouzou','DZ-15',5),(12325,'DZ','DZA','Tissemsilt','DZ-38',5),(12326,'DZ','DZA','Sidi Bel Abbès','DZ-22',5),(12327,'DZ','DZA','Saïda','DZ-20',5),(12328,'DZ','DZA','Naama','DZ-45',5),(12329,'DZ','DZA','Mila','DZ-43',5),(12330,'DZ','DZA','Jijel','DZ-18',5),(12332,'DZ','DZA','Annaba','DZ-23',5),(12333,'DZ','DZA','Aïn Témouchent','DZ-46',5),(12334,'DZ','DZA','Batna','DZ-05',5),(12335,'DZ','DZA','Béjaïa','DZ-06',5),(12336,'DZ','DZA','Blida','DZ-09',5),(12337,'DZ','DZA','Boumerdès','DZ-35',5),(12338,'DZ','DZA','Relizane','DZ-48',5),(12339,'DZ','DZA','Khenchela','DZ-40',5),(12340,'DZ','DZA','Illizi','DZ-33',5),(12341,'DZ','DZA','Bouira','DZ-10',5),(12342,'DZ','DZA','Bordj Bou Arréridj','DZ-34',5),(12343,'DZ','DZA','Ghardaïa','DZ-47',5),(12344,'DZ','DZA','Alger','DZ-16',5),(12345,'DZ','DZA','Djelfa','DZ-17',5),(12346,'DZ','DZA','Médéa','DZ-26',5),(12347,'DZ','DZA','Mostaganem','DZ-27',5),(12348,'DZ','DZA','Constantine','DZ-25',5),(12349,'DZ','DZA','Skikda','DZ-21',5),(12350,'DZ','DZA','Laghouat','DZ-03',5),(12351,'DZ','DZA','Aïn Defla','DZ-44',5),(12352,'DZ','DZA','Béchar','DZ-08',5),(12353,'DZ','DZA','El Bayadh','DZ-32',5),(12354,'DZ','DZA','Biskra','DZ-07',5),(12355,'DZ','DZA','Sétif','DZ-19',5),(12356,'DZ','DZA','Souk Ahras','DZ-41',5),(12357,'DZ','DZA','El Tarf','DZ-36',5),(12358,'DZ','DZA','Tébessa','DZ-12',5),(12359,'DZ','DZA','Tindouf','DZ-37',5),(12360,'DZ','DZA','Tiaret','DZ-14',5),(12361,'DZ','DZA','Oum el Bouaghi','DZ-04',5),(12362,'DZ','DZA','Oran','DZ-31',5),(12363,'DZ','DZA','Adrar','DZ-01',5),(12364,'DZ','DZA','Msila','DZ-28',5),(12365,'DZ','DZA','Mascara','DZ-29',5),(12366,'DZ','DZA','Guelma','DZ-24',5),(12367,'DZ','DZA','Chlef','DZ-02',5),(12368,'DZ','DZA','Tamanghasset','DZ-11',5),(12369,'DZ','DZA','Tipaza','DZ-42',5),(12370,'DZ','DZA','Tlemcen','DZ-13',5),(12378,'AD','AND','Sant Julià de Lòria','AD-06',7),(12379,'AD','AND','Ordino','AD-05',7),(12380,'AD','AND','Escaldes-Engordany','AD-08',7),(12381,'AD','AND','Canillo','AD-02',7),(12382,'AD','AND','Andorra la Vella','AD-07',7),(12383,'AD','AND','Encamp','AD-03',7),(12384,'AD','AND','La Massana','AD-04',7),(12385,'AO','AGO','Zaire','AO-ZAI',8),(12386,'AO','AGO','Lunda Sul','AO-LSU',8),(12387,'AO','AGO','Luanda','AO-LUA',8),(12388,'AO','AGO','Cuanza Norte','AO-CNO',8),(12389,'AO','AGO','Cunene','AO-CNN',8),(12390,'AO','AGO','Bengo','AO-BGO',8),(12391,'AO','AGO','Benguela','AO-BGU',8),(12392,'AO','AGO','Cabinda','AO-CAB',8),(12393,'AO','AGO','Huambo','AO-HUA',8),(12394,'AO','AGO','Cuando-Cubango','AO-CCU',8),(12395,'AO','AGO','Bié','AO-BIE',8),(12396,'AO','AGO','Huíla','AO-HUI',8),(12397,'AO','AGO','Cuanza Sul','AO-CUS',8),(12398,'AO','AGO','Lunda Norte','AO-LNO',8),(12399,'AO','AGO','Malange','AO-MAL',8),(12400,'AO','AGO','Uíge','AO-UIG',8),(12401,'AO','AGO','Moxico','AO-MOX',8),(12402,'AO','AGO','Namibe','AO-NAM',8),(12425,'AG','ATG','Redonda','AG-11',11),(12426,'AG','ATG','Barbuda','AG-10',11),(12427,'AG','ATG','Saint George','AG-03',11),(12428,'AG','ATG','Saint Mary','AG-05',11),(12429,'AG','ATG','Saint Paul','AG-06',11),(12430,'AG','ATG','Saint Philip','AG-08',11),(12431,'AG','ATG','Saint John’s','AG-04',11),(12432,'AG','ATG','Saint Peter','AG-07',11),(12433,'AR','ARG','Santiago del Estero','AR-G',12),(12434,'AR','ARG','Santa Cruz','AR-Z',12),(12435,'AR','ARG','Salta','AR-A',12),(12436,'AR','ARG','La Rioja','AR-F',12),(12437,'AR','ARG','Ciudad Autónoma de Buenos Aires','AR-C',12),(12438,'AR','ARG','Catamarca','AR-K',12),(12439,'AR','ARG','Buenos Aires','AR-B',12),(12440,'AR','ARG','Chaco','AR-H',12),(12441,'AR','ARG','Córdoba','AR-X',12),(12442,'AR','ARG','Corrientes','AR-W',12),(12443,'AR','ARG','Entre Ríos','AR-E',12),(12444,'AR','ARG','Jujuy','AR-Y',12),(12445,'AR','ARG','La Pampa','AR-L',12),(12446,'AR','ARG','Mendoza','AR-M',12),(12447,'AR','ARG','Neuquén','AR-Q',12),(12448,'AR','ARG','Río Negro','AR-R',12),(12449,'AR','ARG','San Juan','AR-J',12),(12450,'AR','ARG','San Luis','AR-D',12),(12451,'AR','ARG','Santa Fe','AR-S',12),(12452,'AR','ARG','Tierra del Fuego','AR-V',12),(12453,'AR','ARG','Tucumán','AR-T',12),(12454,'AR','ARG','Chubut','AR-U',12),(12455,'AR','ARG','Formosa','AR-P',12),(12456,'AR','ARG','Misiones','AR-N',12),(12457,'AM','ARM','Tavuš','AM-TV',13),(12458,'AM','ARM','Vayoc Jor','AM-VD',13),(12459,'AM','ARM','Širak','AM-SH',13),(12460,'AM','ARM','Gegark\'unik\'','AM-GR',13),(12461,'AM','ARM','Ararat','AM-AR',13),(12462,'AM','ARM','Kotayk\'','AM-KT',13),(12463,'AM','ARM','Syunik\'','AM-SU',13),(12464,'AM','ARM','Erevan','AM-ER',13),(12465,'AM','ARM','Lo?y','AM-LO',13),(12466,'AM','ARM','Aragac?otn','AM-AG',13),(12467,'AM','ARM','Armavir','AM-AV',13),(12470,'AU','AUS','Western Australia','AU-WA',15),(12471,'AU','AUS','Australian Capital Territory','AU-ACT',15),(12472,'AU','AUS','South Australia','AU-SA',15),(12473,'AU','AUS','Victoria','AU-VIC',15),(12474,'AU','AUS','Tasmania','AU-TAS',15),(12475,'AU','AUS','Northern Territory','AU-NT',15),(12476,'AU','AUS','Queensland','AU-QLD',15),(12477,'AU','AUS','New South Wales','AU-NSW',15),(12478,'AT','AUT','Wien','AT-9',16),(12479,'AT','AUT','Salzburg','AT-5',16),(12480,'AT','AUT','Burgenland','AT-1',16),(12481,'AT','AUT','Kärnten','AT-2',16),(12482,'AT','AUT','Oberösterreich','AT-4',16),(12483,'AT','AUT','Steiermark','AT-6',16),(12484,'AT','AUT','Vorarlberg','AT-8',16),(12485,'AT','AUT','Niederösterreich','AT-3',16),(12486,'AT','AUT','Tirol','AT-7',16),(12487,'AZ','AZE','Zängilan','AZ-ZAN',17),(12488,'AZ','AZE','Yardimli','AZ-YAR',17),(12489,'AZ','AZE','Xocali','AZ-XCI',17),(12490,'AZ','AZE','Xankändi','AZ-XA',17),(12491,'AZ','AZE','Sumqayit','AZ-SM',17),(12492,'AZ','AZE','Samux','AZ-SMX',17),(12493,'AZ','AZE','Agstafa','AZ-AGA',17),(12494,'AZ','AZE','Babäk','AZ-BAB',17),(12495,'AZ','AZE','Bärdä','AZ-BAR',17),(12496,'AZ','AZE','Cäbrayil','AZ-CAB',17),(12497,'AZ','AZE','Daskäsän','AZ-DAS',17),(12498,'AZ','AZE','Äli Bayramli','AZ-AB',17),(12499,'AZ','AZE','Gäncä','AZ-GA',17),(12500,'AZ','AZE','Haciqabul','AZ-HAC',17),(12501,'AZ','AZE','Ismayilli','AZ-ISM',17),(12502,'AZ','AZE','Sahbuz','AZ-SAH',17),(12503,'AZ','AZE','Samaxi','AZ-SMI',17),(12504,'AZ','AZE','Sädäräk','AZ-SAD',17),(12505,'AZ','AZE','Säki','AZ-SAK',17),(12506,'AZ','AZE','Särur','AZ-SAR',17),(12507,'AZ','AZE','Siyäzän','AZ-SIY',17),(12508,'AZ','AZE','Susa','AZ-SUS',17),(12509,'AZ','AZE','Tärtär','AZ-TAR',17),(12510,'AZ','AZE','Ucar','AZ-UCA',17),(12512,'AZ','AZE','Goranboy','AZ-GOR',17),(12513,'AZ','AZE','Göyçay','AZ-GOY',17),(12514,'AZ','AZE','Imisli','AZ-IMI',17),(12515,'AZ','AZE','Kälbäcär','AZ-KAL',17),(12516,'AZ','AZE','Kürdämir','AZ-KUR',17),(12517,'AZ','AZE','Länkäran','AZ-LAN',17),(12518,'AZ','AZE','Lerik','AZ-LER',17),(12519,'AZ','AZE','Mingäçevir','AZ-MI',17),(12520,'AZ','AZE','Naftalan','AZ-NA',17),(12521,'AZ','AZE','Abseron','AZ-ABS',17),(12522,'AZ','AZE','Agcabädi','AZ-AGC',17),(12523,'AZ','AZE','Agdas','AZ-AGS',17),(12524,'AZ','AZE','Agsu','AZ-AGU',17),(12525,'AZ','AZE','Astara','AZ-AST',17),(12526,'AZ','AZE','Baki','AZ-BA',17),(12527,'AZ','AZE','Balakän','AZ-BAL',17),(12528,'AZ','AZE','Beyläqan','AZ-BEY',17),(12529,'AZ','AZE','Biläsuvar','AZ-BIL',17),(12530,'AZ','AZE','Cälilabab','AZ-CAL',17),(12531,'AZ','AZE','Culfa','AZ-CUL',17),(12532,'AZ','AZE','Däväçi','AZ-DAV',17),(12533,'AZ','AZE','Füzuli','AZ-FUZ',17),(12534,'AZ','AZE','Gädäbäy','AZ-GAD',17),(12535,'AZ','AZE','Neftçala','AZ-NEF',17),(12536,'AZ','AZE','Ordubad','AZ-ORD',17),(12537,'AZ','AZE','Qax','AZ-QAX',17),(12538,'AZ','AZE','Qäbälä','AZ-QAB',17),(12539,'AZ','AZE','Qobustan','AZ-QOB',17),(12540,'AZ','AZE','Qubadli','AZ-QBI',17),(12541,'AZ','AZE','Qusar','AZ-QUS',17),(12542,'AZ','AZE','Sabirabad','AZ-SAB',17),(12543,'AZ','AZE','Xaçmaz','AZ-XAC',17),(12544,'AZ','AZE','Xanlar','AZ-XAN',17),(12545,'AZ','AZE','Xizi','AZ-XIZ',17),(12546,'AZ','AZE','Xocavänd','AZ-XVD',17),(12547,'AZ','AZE','Yevlax','AZ-YEV',17),(12548,'AZ','AZE','Zaqatala','AZ-ZAQ',17),(12549,'AZ','AZE','Zärdab','AZ-ZAR',17),(12550,'AZ','AZE','Agdam','AZ-AGM',17),(12551,'AZ','AZE','Laçin','AZ-LAC',17),(12552,'AZ','AZE','Masalli','AZ-MAS',17),(12553,'AZ','AZE','Naxçivan','AZ-NX',17),(12554,'AZ','AZE','Oguz','AZ-OGU',17),(12555,'AZ','AZE','Qazax','AZ-QAZ',17),(12556,'AZ','AZE','Quba','AZ-QBA',17),(12557,'AZ','AZE','Saatli','AZ-SAT',17),(12558,'AZ','AZE','Salyan','AZ-SAL',17),(12559,'AZ','AZE','Sämkir','AZ-SKR',17),(12560,'AZ','AZE','Tovuz','AZ-TOV',17),(12564,'BS','BHS','Mayaguana','BS-MG',18),(12565,'BS','BHS','Inagua','BS-IN',18),(12566,'BS','BHS','City of Freeport','BS-FP',18),(12567,'BS','BHS','Acklins  Islands','BS-AK',18),(12568,'BS','BHS','Ragged Island','BS-RI',18),(12571,'BS','BHS','Green Turtle Cay','BS-GT',18),(12572,'BS','BHS','Grand Cay','BS-GC',18),(12574,'BS','BHS','Bimini and Cat Cay','BS-BI',18),(12575,'BS','BHS','Cat Island','BS-CI',18),(12578,'BS','BHS','Exuma','BS-EX',18),(12579,'BS','BHS','Harbour Island','BS-HI',18),(12580,'BS','BHS','Long Island','BS-LI',18),(12581,'BH','BHR','Al Wustá','BH-16',21),(12582,'BH','BHR','Ash Shamaliyah','BH-17',21),(12583,'BH','BHR','Al Muharraq','BH-15',21),(12589,'BH','BHR','Al Manamah (Al ‘Asimah)','BH-13',21),(12592,'BH','BHR','Al Janubiyah','BH-14',21),(12593,'BD','BGD','Tangail zila','BD-63',22),(12594,'BD','BGD','Sirajganj zila','BD-59',22),(12595,'BD','BGD','Sherpur zila','BD-57',22),(12596,'BD','BGD','Rajshahi zila','BD-54',22),(12597,'BD','BGD','Panchagarh zila','BD-52',22),(12598,'BD','BGD','Nawabganj zila','BD-45',22),(12599,'BD','BGD','Narayanganj zila','BD-40',22),(12600,'BD','BGD','Bagerhat zila','BD-05',22),(12601,'BD','BGD','Bandarban zila','BD-01',22),(12602,'BD','BGD','Barguna zila','BD-02',22),(12603,'BD','BGD','Jessore zila','BD-22',22),(12604,'BD','BGD','Jhenaidah zila','BD-23',22),(12605,'BD','BGD','Kishoreganj zila','BD-26',22),(12606,'BD','BGD','Comilla zila','BD-08',22),(12607,'BD','BGD','Kushtia zila','BD-30',22),(12608,'BD','BGD','Lalmonirhat zila','BD-32',22),(12609,'BD','BGD','Magura zila','BD-37',22),(12610,'BD','BGD','Manikganj zila','BD-33',22),(12611,'BD','BGD','Meherpur zila','BD-39',22),(12612,'BD','BGD','Barisal zila','BD-06',22),(12613,'BD','BGD','Bhola zila','BD-07',22),(12614,'BD','BGD','Bogra zila','BD-03',22),(12615,'BD','BGD','Chandpur zila','BD-09',22),(12616,'BD','BGD','Dhaka zila','BD-13',22),(12617,'BD','BGD','Faridpur zila','BD-15',22),(12618,'BD','BGD','Feni zila','BD-16',22),(12619,'BD','BGD','Gopalganj zila','BD-17',22),(12620,'BD','BGD','Jaipurhat zila','BD-24',22),(12621,'BD','BGD','Mymensingh zila','BD-34',22),(12622,'BD','BGD','Moulvibazar zila','BD-38',22),(12623,'BD','BGD','Munshiganj zila','BD-35',22),(12624,'BD','BGD','Narail zila','BD-43',22),(12625,'BD','BGD','Narsingdi zila','BD-42',22),(12626,'BD','BGD','Naogaon zila','BD-48',22),(12627,'BD','BGD','Netrakona zila','BD-41',22),(12628,'BD','BGD','Noakhali zila','BD-47',22),(12629,'BD','BGD','Pabna zila','BD-49',22),(12630,'BD','BGD','Brahmanbaria zila','BD-04',22),(12631,'BD','BGD','Chittagong zila','BD-10',22),(12632,'BD','BGD','Chuadanga zila','BD-12',22),(12633,'BD','BGD','Dinajpur zila','BD-14',22),(12634,'BD','BGD','Gaibandha zila','BD-19',22),(12635,'BD','BGD','Gazipur zila','BD-18',22),(12636,'BD','BGD','Habiganj zila','BD-20',22),(12637,'BD','BGD','Jamalpur zila','BD-21',22),(12638,'BD','BGD','Jhalakati zila','BD-25',22),(12639,'BD','BGD','Khagrachari zila','BD-29',22),(12640,'BD','BGD','Khulna zila','BD-27',22),(12641,'BD','BGD','Cox\'s Bazar zila','BD-11',22),(12642,'BD','BGD','Kurigram zila','BD-28',22),(12643,'BD','BGD','Lakshmipur zila','BD-31',22),(12644,'BD','BGD','Madaripur zila','BD-36',22),(12645,'BD','BGD','Patuakhali zila','BD-51',22),(12646,'BD','BGD','Rajbari zila','BD-53',22),(12647,'BD','BGD','Rangamati zila','BD-56',22),(12648,'BD','BGD','Rangpur zila','BD-55',22),(12649,'BD','BGD','Shariatpur zila','BD-62',22),(12650,'BD','BGD','Sylhet zila','BD-60',22),(12651,'BD','BGD','Sunamganj zila','BD-61',22),(12652,'BD','BGD','Thakurgaon zila','BD-64',22),(12653,'BD','BGD','Natore zila','BD-44',22),(12654,'BD','BGD','Nilphamari zila','BD-46',22),(12655,'BD','BGD','Pirojpur zila','BD-50',22),(12656,'BD','BGD','Satkhira zila','BD-58',22),(12657,'BB','BRB','Saint Thomas','BB-11',23),(12658,'BB','BRB','Saint Michael','BB-08',23),(12659,'BB','BRB','Saint Joseph','BB-06',23),(12660,'BB','BRB','Saint James','BB-04',23),(12661,'BB','BRB','Christ Church','BB-01',23),(12662,'BB','BRB','Saint George','BB-03',23),(12663,'BB','BRB','Saint Andrew','BB-02',23),(12664,'BB','BRB','Saint John','BB-05',23),(12665,'BB','BRB','Saint Lucy','BB-07',23),(12666,'BB','BRB','Saint Peter','BB-09',23),(12667,'BB','BRB','Saint Philip','BB-10',23),(12668,'BY','BLR','Vitsyebskaya voblasts','BY-VI',24),(12669,'BY','BLR','Brestskaya voblasts','BY-BR',24),(12670,'BY','BLR','Homyel\'skaya voblasts','BY-HO',24),(12671,'BY','BLR','Mahilyowskaya voblasts','BY-MA',24),(12672,'BY','BLR','Hrodzenskaya voblasts','BY-HR',24),(12673,'BY','BLR','Minskaya voblasts','BY-MI',24),(12674,'BY','BLR','Horad Minsk','BY-HM',24),(12675,'BE','BEL','Vlaams Brabant','BE-VBR',25),(12676,'BE','BEL','Luxembourg','BE-WLX',25),(12677,'BE','BEL','Oost-Vlaanderen','BE-VOV',25),(12678,'BE','BEL','Hainaut','BE-WHT',25),(12679,'BE','BEL','Brabant Wallon','BE-WBR',25),(12680,'BE','BEL','Limburg','BE-VLI',25),(12681,'BE','BEL','West-Vlaanderen','BE-VWV',25),(12682,'BE','BEL','Brussels','BE-BRU',25),(12683,'BE','BEL','Antwerpen','BE-VAN',25),(12684,'BE','BEL','Liège','BE-WLG',25),(12685,'BE','BEL','Namur','BE-WNA',25),(12686,'BZ','BLZ','Stann Creek','BZ-SC',26),(12687,'BZ','BLZ','Belize','BZ-BZ',26),(12688,'BZ','BLZ','Corozal','BZ-CZL',26),(12689,'BZ','BLZ','Orange Walk','BZ-OW',26),(12690,'BZ','BLZ','Toledo','BZ-TOL',26),(12691,'BZ','BLZ','Cayo','BZ-CY',26),(12692,'BJ','BEN','Zou','BJ-ZO',27),(12693,'BJ','BEN','Plateau','BJ-PL',27),(12694,'BJ','BEN','Littoral','BJ-LI',27),(12696,'BJ','BEN','Alibori','BJ-AL',27),(12697,'BJ','BEN','Atlantique','BJ-AQ',27),(12698,'BJ','BEN','Borgou','BJ-BO',27),(12699,'BJ','BEN','Kouffo','BJ-KO',27),(12700,'BJ','BEN','Mono','BJ-MO',27),(12701,'BJ','BEN','Ouémé','BJ-OU',27),(12702,'BJ','BEN','Atakora','BJ-AK',27),(12704,'BJ','BEN','Collines','BJ-CO',27),(12705,'BJ','BEN','Donga','BJ-DO',27),(12717,'BT','BTN','Trongsa','BT-32',29),(12718,'BT','BTN','Samtse','BT-14',29),(12719,'BT','BTN','Punakha','BT-23',29),(12720,'BT','BTN','Zhemgang','BT-34',29),(12721,'BT','BTN','Trashigang','BT-41',29),(12722,'BT','BTN','Monggar','BT-42',29),(12723,'BT','BTN','Dagana','BT-22',29),(12724,'BT','BTN','Bumthang','BT-33',29),(12725,'BT','BTN','Tsirang','BT-21',29),(12726,'BT','BTN','Sarpang','BT-31',29),(12727,'BT','BTN','Lhuentse','BT-44',29),(12728,'BT','BTN','Pemagatshel','BT-43',29),(12729,'BT','BTN','Paro','BT-11',29),(12730,'BT','BTN','Samdrup Jongkha','BT-45',29),(12731,'BT','BTN','Thimphu','BT-15',29),(12732,'BT','BTN','Wangdue Phodrang','BT-24',29),(12733,'BT','BTN','Gasa','BT-GA',29),(12734,'BT','BTN','Trashi Yangtse','BT-TY',29),(12735,'BT','BTN','Chhukha','BT-12',29),(12736,'BT','BTN','Ha','BT-13',29),(12737,'BO','BOL','Potosí','BO-P',30),(12738,'BO','BOL','Oruro','BO-O',30),(12739,'BO','BOL','Chuquisaca','BO-H',30),(12740,'BO','BOL','El Beni','BO-B',30),(12741,'BO','BOL','Cochabamba','BO-C',30),(12742,'BO','BOL','La Paz','BO-L',30),(12743,'BO','BOL','Pando','BO-N',30),(12744,'BO','BOL','Santa Cruz','BO-S',30),(12745,'BO','BOL','Tarija','BO-T',30),(12746,'BA','BIH','Federacija Bosna i Hercegovina','BA-BIH',31),(12747,'BA','BIH','Republika Srpska','BA-SRP',31),(12749,'BW','BWA','North-East','BW-NE',32),(12751,'BW','BWA','South-East','BW-SE',32),(12759,'BW','BWA','Ghanzi','BW-GH',32),(12762,'BW','BWA','Kweneng','BW-KW',32),(12770,'BW','BWA','Kgatleng','BW-KL',32),(12771,'BR','BRA','São Paulo','BR-SP',34),(12772,'BR','BRA','Rondônia','BR-RO',34),(12773,'BR','BRA','Pernambuco','BR-PE',34),(12774,'BR','BRA','Mato Grosso do Sul','BR-MS',34),(12775,'BR','BRA','Amapá','BR-AP',34),(12776,'BR','BRA','Bahia','BR-BA',34),(12777,'BR','BRA','Distrito Federal','BR-DF',34),(12778,'BR','BRA','Espírito Santo','BR-ES',34),(12779,'BR','BRA','Maranhão','BR-MA',34),(12780,'BR','BRA','Mato Grosso','BR-MT',34),(12781,'BR','BRA','Minas Gerais','BR-MG',34),(12782,'BR','BRA','Paraíba','BR-PB',34),(12783,'BR','BRA','Paraná','BR-PR',34),(12784,'BR','BRA','Alagoas','BR-AL',34),(12785,'BR','BRA','Piauí','BR-PI',34),(12786,'BR','BRA','Rio de Janeiro','BR-RJ',34),(12787,'BR','BRA','Rio Grande do Sul','BR-RS',34),(12788,'BR','BRA','Roraima','BR-RR',34),(12789,'BR','BRA','Santa Catarina','BR-SC',34),(12790,'BR','BRA','Sergipe','BR-SE',34),(12791,'BR','BRA','Tocantins','BR-TO',34),(12793,'BR','BRA','Acre','BR-AC',34),(12794,'BR','BRA','Amazonas','BR-AM',34),(12795,'BR','BRA','Ceará','BR-CE',34),(12796,'BR','BRA','Goiás','BR-GO',34),(12797,'BR','BRA','Pará','BR-PA',34),(12798,'BR','BRA','Rio Grande do Norte','BR-RN',34),(12804,'BN','BRN','Tutong','BN-TU',36),(12805,'BN','BRN','Belait','BN-BE',36),(12806,'BN','BRN','Temburong','BN-TE',36),(12807,'BN','BRN','Brunei-Muara','BN-BM',36),(12808,'BG','BGR','Veliko Tarnovo','BG-04',37),(12809,'BG','BGR','Smolyan','BG-21',37),(12810,'BG','BGR','Razgrad','BG-17',37),(12811,'BG','BGR','Montana','BG-12',37),(12812,'BG','BGR','Yambol','BG-28',37),(12813,'BG','BGR','Burgas','BG-02',37),(12814,'BG','BGR','Plovdiv','BG-16',37),(12815,'BG','BGR','Ruse','BG-18',37),(12816,'BG','BGR','Sliven','BG-20',37),(12817,'BG','BGR','Sofia-Grad','BG-22',37),(12818,'BG','BGR','Stara Zagora','BG-24',37),(12819,'BG','BGR','Šumen','BG-27',37),(12820,'BG','BGR','Varna','BG-03',37),(12821,'BG','BGR','Vidin','BG-05',37),(12822,'BG','BGR','Vratsa','BG-06',37),(12823,'BG','BGR','Gabrovo','BG-07',37),(12824,'BG','BGR','Haskovo','BG-26',37),(12825,'BG','BGR','Kardzhali','BG-09',37),(12826,'BG','BGR','Lovech','BG-11',37),(12827,'BG','BGR','Pazardzhik','BG-13',37),(12828,'BG','BGR','Pleven','BG-15',37),(12829,'BG','BGR','Blagoevgrad','BG-01',37),(12830,'BG','BGR','Dobrich','BG-08',37),(12831,'BG','BGR','Kjustendil','BG-10',37),(12832,'BG','BGR','Pernik','BG-14',37),(12833,'BG','BGR','Silistra','BG-19',37),(12834,'BG','BGR','Sofia','BG-23',37),(12835,'BG','BGR','Targovishte','BG-25',37),(12837,'BF','BFA','Loroum','BF-LOR',38),(12838,'BF','BFA','Nahouri','BF-NAO',38),(12839,'BF','BFA','Noumbiel','BF-NOU',38),(12840,'BF','BFA','Oudalan','BF-OUD',38),(12841,'BF','BFA','Sanguié','BF-SNG',38),(12842,'BF','BFA','Séno','BF-SEN',38),(12843,'BF','BFA','Sissili','BF-SIS',38),(12844,'BF','BFA','Soum','BF-SOM',38),(12845,'BF','BFA','Sourou','BF-SOR',38),(12846,'BF','BFA','Balé','BF-BAL',38),(12847,'BF','BFA','Banwa','BF-BAN',38),(12848,'BF','BFA','Boulgou','BF-BLG',38),(12849,'BF','BFA','Comoé','BF-COM',38),(12850,'BF','BFA','Gourma','BF-GOU',38),(12851,'BF','BFA','Ioba','BF-IOB',38),(12852,'BF','BFA','Kénédougou','BF-KEN',38),(12853,'BF','BFA','Kossi','BF-KOS',38),(12854,'BF','BFA','Kouritenga','BF-KOT',38),(12855,'BF','BFA','Bam','BF-BAM',38),(12856,'BF','BFA','Bazèga','BF-BAZ',38),(12857,'BF','BFA','Bougouriba','BF-BGR',38),(12858,'BF','BFA','Boulkiemdé','BF-BLK',38),(12859,'BF','BFA','Ganzourgou','BF-GAN',38),(12860,'BF','BFA','Gnagna','BF-GNA',38),(12861,'BF','BFA','Houet','BF-HOU',38),(12862,'BF','BFA','Kadiogo','BF-KAD',38),(12863,'BF','BFA','Komondjari','BF-KMD',38),(12864,'BF','BFA','Kompienga','BF-KMP',38),(12865,'BF','BFA','Koulpélogo','BF-KOP',38),(12866,'BF','BFA','Kourwéogo','BF-KOW',38),(12867,'BF','BFA','Léraba','BF-LER',38),(12868,'BF','BFA','Mouhoun','BF-MOU',38),(12869,'BF','BFA','Namentenga','BF-NAM',38),(12870,'BF','BFA','Nayala','BF-NAY',38),(12871,'BF','BFA','Oubritenga','BF-OUB',38),(12872,'BF','BFA','Passoré','BF-PAS',38),(12873,'BF','BFA','Poni','BF-PON',38),(12874,'BF','BFA','Sanmatenga','BF-SMT',38),(12876,'BF','BFA','Ziro','BF-ZIR',38),(12877,'BF','BFA','Yatenga','BF-YAT',38),(12878,'BF','BFA','Yagha','BF-YAG',38),(12879,'BF','BFA','Tapoa','BF-TAP',38),(12880,'BF','BFA','Tui','BF-TUI',38),(12881,'BF','BFA','Zondoma','BF-ZON',38),(12882,'BF','BFA','Zoundwéogo','BF-ZOU',38),(12883,'BI','BDI','Ruyigi','BI-RY',39),(12885,'BI','BDI','Cankuzo','BI-CA',39),(12886,'BI','BDI','Gitega','BI-GI',39),(12887,'BI','BDI','Karuzi','BI-KR',39),(12888,'BI','BDI','Kirundo','BI-KI',39),(12889,'BI','BDI','Makamba','BI-MA',39),(12890,'BI','BDI','Muyinga','BI-MY',39),(12891,'BI','BDI','Ngozi','BI-NG',39),(12892,'BI','BDI','Rutana','BI-RT',39),(12893,'BI','BDI','Bubanza','BI-BB',39),(12894,'BI','BDI','Kayanza','BI-KY',39),(12895,'BI','BDI','Bururi','BI-BR',39),(12896,'BI','BDI','Cibitoke','BI-CI',39),(12897,'BI','BDI','Muramvya','BI-MU',39),(12898,'BI','BDI','Mwaro','BI-MW',39),(12900,'KH','KHM','Pousaat [Pouthisat]','KH-15',40),(12901,'KH','KHM','Otdar Mean Chey [Otdâr Méanchey] ','KH-22',40),(12902,'KH','KHM','Kampong Thum [Kâmpóng Thum]','KH-6',40),(12903,'KH','KHM','Kampot [Kâmpôt]','KH-7',40),(12904,'KH','KHM','Kandaal [Kândal]','KH-8',40),(12905,'KH','KHM','Kaoh Kong [Kaôh Kong]','KH-9',40),(12906,'KH','KHM','Kracheh [Krâchéh]','KH-10',40),(12907,'KH','KHM','Krong Kaeb [Krong Kêb]','KH-23',40),(12908,'KH','KHM','Krong Pailin [Krong Pailin]','KH-24',40),(12909,'KH','KHM','Krong Preah Sihanouk [Krong Preah Sihanouk]','KH-18',40),(12910,'KH','KHM','Mondol Kiri [Môndól Kiri]','KH-11',40),(12911,'KH','KHM','Banteay Mean Chey [Bântéay Méanchey]','KH-1',40),(12912,'KH','KHM','Kampong Chaam [Kâmpóng Cham]','KH-3',40),(12913,'KH','KHM','Preah Vihear [Preah Vihéar]','KH-13',40),(12914,'KH','KHM','Prey Veaeng [Prey Vêng]','KH-14',40),(12915,'KH','KHM','Siem Reab [Siemréab]','KH-17',40),(12916,'KH','KHM','Svaay Rieng [Svay Rieng]','KH-20',40),(12918,'KH','KHM','Baat Dambang [Batdâmbâng]','KH-2',40),(12919,'KH','KHM','Kampong Chhnang [Kâmpóng Chhnang]','KH-4',40),(12920,'KH','KHM','Kampong Spueu [Kâmpóng Spœ]','KH-5',40),(12921,'KH','KHM','Phnom Penh [Phnum Pénh]','KH-12',40),(12922,'KH','KHM','Rotanak Kiri [Rôtânôkiri]','KH-16',40),(12924,'KH','KHM','Taakaev [Takêv]','KH-21',40),(12925,'KH','KHM','Stueng Traeng [Stœ?ng Trêng]','KH-19',40),(12926,'CM','CMR','South-West','CM-SW',41),(12927,'CM','CMR','North-West','CM-NW',41),(12928,'CM','CMR','Centre','CM-CE',41),(12929,'CM','CMR','Littoral','CM-LT',41),(12930,'CM','CMR','West','CM-OU',41),(12931,'CM','CMR','North','CM-NO',41),(12932,'CM','CMR','Adamaoua','CM-AD',41),(12933,'CM','CMR','East','CM-ES',41),(12934,'CM','CMR','Far North','CM-EN',41),(12935,'CM','CMR','South','CM-SU',41),(12936,'CA','CAN','Saskatchewan','CA-SK',42),(12937,'CA','CAN','New Brunswick','CA-NB',42),(12938,'CA','CAN','British Columbia','CA-BC',42),(12939,'CA','CAN','Northwest Territories','CA-NT',42),(12940,'CA','CAN','Alberta','CA-AB',42),(12941,'CA','CAN','Manitoba','CA-MB',42),(12942,'CA','CAN','Newfoundland and Labrador','CA-NL',42),(12943,'CA','CAN','Nova Scotia','CA-NS',42),(12944,'CA','CAN','Nunavut','CA-NU',42),(12945,'CA','CAN','Prince Edward Island','CA-PE',42),(12946,'CA','CAN','Quebec','CA-QC',42),(12947,'CA','CAN','Yukon Territory','CA-YT',42),(12948,'CA','CAN','Ontario','CA-ON',42),(12950,'CV','CPV','São Vicente','CV-SV',43),(12953,'CV','CPV','Boa Vista','CV-BV',43),(12954,'CV','CPV','Maio','CV-MA',43),(12955,'CV','CPV','Ribeira Grande','CV-RG',43),(12956,'CV','CPV','São Lourenço dos Órgãos','CV-SL',43),(12957,'CV','CPV','Brava','CV-BR',43),(12958,'KY','CYM','Little Cayman','Ky-05~',44),(12962,'KY','CYM','Cayman Brac','KY-02~',44),(12963,'CF','CAF','Sangha','CF-SE',45),(12964,'CF','CAF','Ombella-Mpoko','CF-MP',45),(12965,'CF','CAF','Gribingui','CF-KB',45),(12966,'CF','CAF','Haute-Sangha / Mambéré-Kadéï','CF-HS',45),(12967,'CF','CAF','Kémo-Gribingui','CF-KG',45),(12968,'CF','CAF','Haute-Kotto','CF-HK',45),(12969,'CF','CAF','Bangui','CF-BGF',45),(12970,'CF','CAF','Ouham-Pendé','CF-OP',45),(12971,'CF','CAF','Vakaga','CF-VK',45),(12972,'CF','CAF','Bamingui-Bangoran','CF-BB',45),(12973,'CF','CAF','Basse-Kotto','CF-BK',45),(12974,'CF','CAF','Haut-Mbomou','CF-HM',45),(12975,'CF','CAF','Lobaye','CF-LB',45),(12976,'CF','CAF','Mbomou','CF-MB',45),(12977,'CF','CAF','Nana-Mambéré','CF-NM',45),(12978,'CF','CAF','Ouham','CF-AC',45),(12979,'CF','CAF','Ouaka','CF-UK',45),(12980,'TD','TCD','Tānjilī','TD-TA',46),(12981,'TD','TCD','Al Baṭḩah','TD-BA',46),(12983,'TD','TCD','Qīrā','TD-GR',46),(12984,'TD','TCD','Kānim','TD-KA',46),(12985,'TD','TCD','Al Buḩayrah','TD-LC',46),(12986,'TD','TCD','Lūqūn al Gharbī','TD-LO',46),(12987,'TD','TCD','Lūqūn ash Sharqī','TD-LR',46),(12988,'TD','TCD','Waddāy','TD-OD',46),(12990,'TD','TCD','Shārī Bāqirmī','TD-CB',46),(12991,'TD','TCD','Shārī al Awsaṭ','TD-MC',46),(12992,'TD','TCD','Salāmāt','TD-SA',46),(12994,'CL','CHL','Tarapacá','CL-TA',47),(12995,'CL','CHL','Maule','CL-ML',47),(12996,'CL','CHL','Coquimbo','CL-CO',47),(12997,'CL','CHL','Araucanía','CL-AR',47),(12998,'CL','CHL','Antofagasta','CL-AN',47),(12999,'CL','CHL','Atacama','CL-AT',47),(13000,'CL','CHL','Libertador General Bernardo O\'Higgins','CL-LI',47),(13001,'CL','CHL','Magallanes','CL-MA',47),(13002,'CL','CHL','Región Metropolitana de Santiago','CL-RM',47),(13003,'CL','CHL','Valparaíso','CL-VS',47),(13004,'CL','CHL','Aisén del General Carlos Ibáñez del Campo','CL-AI',47),(13005,'CL','CHL','Bío-Bío','CL-BI',47),(13006,'CL','CHL','Los Lagos','CL-LL',47),(13007,'CN','CHN','Zhejiang','CN-33',48),(13008,'CN','CHN','Xinjiang','CN-65',48),(13009,'CN','CHN','Tianjin','CN-12',48),(13010,'CN','CHN','Shanxi','CN-14',48),(13011,'CN','CHN','Shandong','CN-37',48),(13012,'CN','CHN','Anhui','CN-34',48),(13013,'CN','CHN','Beijing','CN-11',48),(13014,'CN','CHN','Chongqing','CN-50',48),(13015,'CN','CHN','Gansu','CN-62',48),(13016,'CN','CHN','Guangdong','CN-44',48),(13017,'CN','CHN','Guizhou','CN-52',48),(13018,'CN','CHN','Hainan','CN-46',48),(13019,'CN','CHN','Hebei','CN-13',48),(13020,'CN','CHN','Hubei','CN-42',48),(13021,'CN','CHN','Jiangxi','CN-36',48),(13022,'CN','CHN','Jilin','CN-22',48),(13023,'CN','CHN','Liaoning','CN-21',48),(13024,'CN','CHN','Nei Mongol (mn)','CN-15',48),(13025,'CN','CHN','Ningxia','CN-64',48),(13026,'CN','CHN','Qinghai','CN-63',48),(13027,'CN','CHN','Shaanxi','CN-61',48),(13028,'CN','CHN','Heilongjiang','CN-23',48),(13029,'CN','CHN','Henan','CN-41',48),(13030,'CN','CHN','Hunan','CN-43',48),(13031,'CN','CHN','Jiangsu','CN-32',48),(13032,'CN','CHN','Xizang','CN-54',48),(13033,'CN','CHN','Yunnan','CN-53',48),(13034,'CN','CHN','Aomen (zh) ***','CN-92',48),(13035,'CN','CHN','Fujian','CN-35',48),(13036,'CN','CHN','Guangxi','CN-45',48),(13037,'CN','CHN','Shanghai','CN-31',48),(13038,'CN','CHN','Sichuan','CN-51',48),(13039,'CN','CHN','Xianggang (zh) **','CN-91',48),(13040,'CO','COL','Vaupés','CO-VAU',51),(13041,'CO','COL','Sucre','CO-SUC',51),(13042,'CO','COL','Quindío','CO-QUI',51),(13043,'CO','COL','San Andrés, Providencia y Santa Catalina','CO-SAP',51),(13044,'CO','COL','Nariño','CO-NAR',51),(13045,'CO','COL','Amazonas','CO-AMA',51),(13046,'CO','COL','Arauca','CO-ARA',51),(13047,'CO','COL','Atlántico','CO-ATL',51),(13048,'CO','COL','Bolívar','CO-BOL',51),(13049,'CO','COL','Caldas','CO-CAL',51),(13050,'CO','COL','Caquetá','CO-CAQ',51),(13051,'CO','COL','Cauca','CO-CAU',51),(13052,'CO','COL','Chocó','CO-CHO',51),(13053,'CO','COL','Córdoba','CO-COR',51),(13054,'CO','COL','Guainía','CO-GUA',51),(13055,'CO','COL','Antioquia','CO-ANT',51),(13056,'CO','COL','Distrito Capital de Bogotá','CO-DC',51),(13057,'CO','COL','Boyacá','CO-BOY',51),(13058,'CO','COL','Casanare','CO-CAS',51),(13059,'CO','COL','Cesar','CO-CES',51),(13060,'CO','COL','Cundinamarca','CO-CUN',51),(13061,'CO','COL','Guaviare','CO-GUV',51),(13062,'CO','COL','Magdalena','CO-MAG',51),(13063,'CO','COL','Huila','CO-HUI',51),(13064,'CO','COL','La Guajira','CO-LAG',51),(13065,'CO','COL','Meta','CO-MET',51),(13066,'CO','COL','Norte de Santander','CO-NSA',51),(13067,'CO','COL','Putumayo','CO-PUT',51),(13068,'CO','COL','Risaralda','CO-RIS',51),(13069,'CO','COL','Santander','CO-SAN',51),(13070,'CO','COL','Tolima','CO-TOL',51),(13071,'CO','COL','Valle del Cauca','CO-VAC',51),(13072,'CO','COL','Vichada','CO-VID',51),(13073,'KM','COM','Andjouân (Anjwān)','KM-A',52),(13074,'KM','COM','Andjazîdja','KM-G',52),(13075,'KM','COM','Moûhîlî (Mūhīlī)','KM-M',52),(13076,'CG','COG','Cuvette-Ouest','CG-15',53),(13077,'CG','COG','Cuvette','CG-8',53),(13078,'CG','COG','Bouenza','CG-11',53),(13079,'CG','COG','Likouala','CG-7',53),(13080,'CG','COG','Brazzaville','CG-BZV',53),(13081,'CG','COG','Kouilou','CG-5',53),(13082,'CG','COG','Lékoumou','CG-2',53),(13083,'CG','COG','Niari','CG-9',53),(13084,'CG','COG','Pool','CG-12',53),(13085,'CG','COG','Sangha','CG-13',53),(13086,'CG','COG','Plateaux','CG-14',53),(13087,'CD','COD','Nord-Kivu','CD-NK',54),(13088,'CD','COD','Bas-Congo','CD-BC',54),(13089,'CD','COD','Orientale','CD-OR',54),(13090,'CD','COD','Kasai-Oriental','CD-KE',54),(13091,'CD','COD','Kinshasa','CD-KN',54),(13092,'CD','COD','Kasai-Occidental','CD-KW',54),(13093,'CD','COD','Équateur','CD-EQ',54),(13094,'CD','COD','Bandundu','CD-BN',54),(13095,'CD','COD','Maniema','CD-MA',54),(13096,'CD','COD','Sud-Kivu','CD-SK',54),(13097,'CD','COD','Katanga','CD-KA',54),(13113,'CR','CRI','Puntarenas','CR-P',56),(13114,'CR','CRI','Limón','CR-L',56),(13115,'CR','CRI','Cartago','CR-C',56),(13116,'CR','CRI','Guanacaste','CR-G',56),(13117,'CR','CRI','San José','CR-SJ',56),(13118,'CR','CRI','Heredia','CR-H',56),(13119,'CR','CRI','Alajuela','CR-A',56),(13120,'HR','HRV','Vukovarsko-srijemska županija','HR-16',58),(13121,'HR','HRV','Istarska županija','HR-18',58),(13122,'HR','HRV','Dubrovacko-neretvanska županija','HR-19',58),(13123,'HR','HRV','Grad Zagreb','HR-21',58),(13124,'HR','HRV','Karlovacka županija','HR-04',58),(13125,'HR','HRV','Krapinsko-zagorska županija','HR-02',58),(13126,'HR','HRV','Licko-senjska županija','HR-09',58),(13127,'HR','HRV','Osjecko-baranjska županija','HR-14',58),(13128,'HR','HRV','Primorsko-goranska županija','HR-08',58),(13129,'HR','HRV','Šibensko-kninska županija','HR-15',58),(13130,'HR','HRV','Brodsko-posavska županija','HR-12',58),(13131,'HR','HRV','Varaždinska županija','HR-05',58),(13132,'HR','HRV','Viroviticko-podravska županija','HR-10',58),(13133,'HR','HRV','Zadarska županija','HR-13',58),(13134,'HR','HRV','Zagrebacka županija','HR-01',58),(13135,'HR','HRV','Bjelovarsko-bilogorska županija','HR-07',58),(13136,'HR','HRV','Koprivnicko-križevacka županija','HR-06',58),(13137,'HR','HRV','Splitsko-dalmatinska županija','HR-17',58),(13138,'HR','HRV','Sisacko-moslavacka županija','HR-03',58),(13139,'HR','HRV','Požeško-slavonska županija','HR-11',58),(13140,'HR','HRV','Medimurska županija','HR-20',58),(13142,'CU','CUB','Ciudad de La Habana','CU-03',59),(13143,'CU','CUB','Isla de la Juventud','CU-99',59),(13144,'CU','CUB','Las Tunas','CU-10',59),(13145,'CU','CUB','Matanzas','CU-04',59),(13146,'CU','CUB','Sancti Spíritus','CU-07',59),(13147,'CU','CUB','Villa Clara','CU-05',59),(13152,'CU','CUB','Camagüey','CU-09',59),(13153,'CU','CUB','Ciego de Ávila','CU-08',59),(13154,'CU','CUB','Cienfuegos','CU-06',59),(13155,'CU','CUB','Granma','CU-12',59),(13156,'CU','CUB','Holguín','CU-11',59),(13157,'CU','CUB','Guantánamo','CU-14',59),(13158,'CU','CUB','Santiago de Cuba','CU-13',59),(13159,'CU','CUB','La Habana','CU-02',59),(13160,'CU','CUB','Pinar del Río','CU-01',59),(13183,'CZ','CZE','Karlovarský kraj','CZ-KA',61),(13184,'CZ','CZE','Liberecký kraj','CZ-LI',61),(13185,'CZ','CZE','Olomoucký kraj','CZ-OL',61),(13186,'CZ','CZE','Plzenský kraj','CZ-PL',61),(13187,'CZ','CZE','Stredoceský kraj','CZ-ST',61),(13188,'CZ','CZE','Vysocina','CZ-VY',61),(13219,'CZ','CZE','Jihoceský kraj','CZ-JC',61),(13220,'CZ','CZE','Jihomoravský kraj ','CZ-JM',61),(13221,'CZ','CZE','Královéhradecký kraj','CZ-KR',61),(13222,'CZ','CZE','Moravskoslezský kraj','CZ-MO',61),(13223,'CZ','CZE','Pardubický kraj','CZ-PA',61),(13224,'CZ','CZE','Praha, hlavní mesto','CZ-PR',61),(13225,'CZ','CZE','Ústecký kraj ','CZ-US',61),(13226,'CZ','CZE','Zlínský kraj','CZ-ZL',61),(13256,'DK','DNK','Bornholm','DK-040',62),(13257,'DK','DNK','Frederiksborg','DK-020',62),(13258,'DK','DNK','København City','DK-101',62),(13259,'DK','DNK','Ringkøbing','DK-065',62),(13260,'DK','DNK','Sønderjylland','DK-050',62),(13261,'DK','DNK','Storstrøm','DK-035',62),(13262,'DK','DNK','Vejle','DK-060',62),(13263,'DK','DNK','Vestsjælland','DK-030',62),(13264,'DK','DNK','Viborg','DK-076',62),(13265,'DK','DNK','Fyn','DK-042',62),(13266,'DK','DNK','København','DK-015',62),(13267,'DK','DNK','Nordjylland','DK-080',62),(13268,'DK','DNK','Ribe','DK-055',62),(13269,'DK','DNK','Roskilde','DK-025',62),(13274,'DK','DNK','Århus','DK-070',62),(13275,'DK','DNK','Frederiksberg City','DK-147',62),(13280,'DJ','DJI','Djibouti','DJ-DJ',63),(13281,'DJ','DJI','Obock','DJ-OB',63),(13282,'DJ','DJI','Dikhil','DJ-DI',63),(13283,'DJ','DJI','Ali Sabieh','DJ-AS',63),(13284,'DJ','DJI','Tadjourah','DJ-TA',63),(13285,'DM','DMA','Saint Patrick','DM-09',64),(13286,'DM','DMA','Saint Andrew','DM-02',64),(13287,'DM','DMA','Saint Paul','DM-10',64),(13288,'DM','DMA','Saint Peter','DM-11',64),(13289,'DM','DMA','Saint David','DM-03',64),(13290,'DM','DMA','Saint Mark','DM-08',64),(13291,'DM','DMA','Saint Joseph','DM-06',64),(13292,'DM','DMA','Saint John','DM-05',64),(13293,'DM','DMA','Saint George','DM-04',64),(13294,'DM','DMA','Saint Luke','DM-07',64),(13477,'DO','DOM','Barahona','DO-04',65),(13487,'DO','DOM','La Romana','DO-12',65),(13489,'DO','DOM','Bahoruco','DO-03',65),(13490,'DO','DOM','Dajabón','DO-05',65),(13491,'DO','DOM','Duarte','DO-06',65),(13492,'DO','DOM','El Seybo [El Seibo]','DO-08',65),(13493,'DO','DOM','Espaillat','DO-09',65),(13494,'DO','DOM','Independencia','DO-10',65),(13496,'DO','DOM','María Trinidad Sánchez','DO-14',65),(13497,'DO','DOM','Monte Cristi','DO-15',65),(13498,'DO','DOM','Pedernales','DO-16',65),(13499,'DO','DOM','Peravia','DO-17',65),(13500,'DO','DOM','Salcedo','DO-19',65),(13501,'DO','DOM','Sánchez Ramírez','DO-24',65),(13502,'DO','DOM','San Jose de Ocoa','DO-31',65),(13503,'DO','DOM','San Pedro de Macorís','DO-23',65),(13504,'DO','DOM','Santiago Rodríguez','DO-26',65),(13505,'DO','DOM','Valverde','DO-27',65),(13506,'DO','DOM','Azua','DO-02',65),(13509,'DO','DOM','La Estrelleta [Elías Piña]','DO-07',65),(13510,'DO','DOM','Hato Mayor','DO-30',65),(13511,'DO','DOM','La Altagracia','DO-11',65),(13512,'DO','DOM','La Vega','DO-13',65),(13513,'DO','DOM','Monseñor Nouel','DO-28',65),(13514,'DO','DOM','Monte Plata','DO-29',65),(13515,'DO','DOM','Puerto Plata','DO-18',65),(13516,'DO','DOM','Samaná','DO-20',65),(13517,'DO','DOM','San Cristóbal','DO-21',65),(13518,'DO','DOM','San Juan','DO-22',65),(13519,'DO','DOM','Santiago','DO-25',65),(13520,'DO','DOM','Distrito Nacional (Santo Domingo)','DO-01',65),(13552,'TL','TLS','Manufahi','TL-MF',226),(13553,'TL','TLS','Ainaro','TL-AN',226),(13554,'TL','TLS','Aileu','TL-AL',226),(13555,'TL','TLS','Oecussi','TL-OE',226),(13556,'TL','TLS','Bobonaro','TL-BO',226),(13557,'TL','TLS','Cova Lima','TL-CO',226),(13558,'TL','TLS','Ermera','TL-ER',226),(13559,'TL','TLS','Liquiça','TL-LI',226),(13560,'TL','TLS','Manatuto','TL-MT',226),(13561,'TL','TLS','Viqueque','TL-VI',226),(13562,'TL','TLS','Baucau','TL-BA',226),(13563,'TL','TLS','Lautem','TL-LA',226),(13564,'TL','TLS','Dili','TL-DI',226),(13566,'EC','ECU','Zamora-Chinchipe','EC-Z',66),(13567,'EC','ECU','Sucumbíos','EC-U',66),(13568,'EC','ECU','Pastaza','EC-Y',66),(13569,'EC','ECU','Napo','EC-N',66),(13570,'EC','ECU','Azuay','EC-A',66),(13571,'EC','ECU','Bolívar','EC-B',66),(13572,'EC','ECU','Carchi','EC-C',66),(13573,'EC','ECU','Cotopaxi','EC-X',66),(13574,'EC','ECU','El Oro','EC-O',66),(13575,'EC','ECU','Galápagos','EC-W',66),(13576,'EC','ECU','Guayas','EC-G',66),(13577,'EC','ECU','Loja','EC-L',66),(13578,'EC','ECU','Cañar','EC-F',66),(13579,'EC','ECU','Chimborazo','EC-H',66),(13580,'EC','ECU','Esmeraldas','EC-E',66),(13581,'EC','ECU','Imbabura','EC-I',66),(13582,'EC','ECU','Los Ríos','EC-R',66),(13583,'EC','ECU','Manabí','EC-M',66),(13584,'EC','ECU','Morona-Santiago','EC-S',66),(13585,'EC','ECU','Orellana','EC-D',66),(13586,'EC','ECU','Pichincha','EC-P',66),(13587,'EC','ECU','Tungurahua','EC-T',66),(13588,'EG','EGY','Al Wadi al Jadid','EG-WAD',67),(13589,'EG','EGY','al-Uqsur','EG-LX',67),(13590,'EG','EGY','Shamal Sina\'','EG-SIN',67),(13591,'EG','EGY','Al Minya','EG-MN',67),(13592,'EG','EGY','Kafr ash Shaykh','EG-KFS',67),(13593,'EG','EGY','Būr Sa`īd','EG-PTS',67),(13594,'EG','EGY','Dumyat','EG-DT',67),(13595,'EG','EGY','Al Iskandariyah','EG-ALX',67),(13596,'EG','EGY','Al Jizah','EG-GZ',67),(13597,'EG','EGY','Matrūh','EG-MT',67),(13598,'EG','EGY','Al Qahirah','EG-C',67),(13599,'EG','EGY','Qina','EG-KN',67),(13600,'EG','EGY','Ash Sharqiyah','EG-SHR',67),(13601,'EG','EGY','As Suways','EG-SUZ',67),(13602,'EG','EGY','Aswan','EG-ASN',67),(13603,'EG','EGY','Bani Suwayf','EG-BNS',67),(13604,'EG','EGY','Asyut','EG-AST',67),(13605,'EG','EGY','Al Bahr al Ahmar','EG-BA',67),(13606,'EG','EGY','Al Buhayrah','EG-BH',67),(13607,'EG','EGY','Ad Daqahliyah','EG-DK',67),(13608,'EG','EGY','Al Fayyum','EG-FYM',67),(13609,'EG','EGY','Al Gharbiyah','EG-GH',67),(13610,'EG','EGY','Al Ismā`īlīyah','EG-IS',67),(13611,'EG','EGY','Janub Sina\'','EG-JS',67),(13612,'EG','EGY','Al Minufiyah','EG-MNF',67),(13613,'EG','EGY','Al Qalyubiyah','EG-KB',67),(13614,'EG','EGY','Suhaj','EG-SHG',67),(13615,'SV','SLV','Usulután','SV-US',68),(13616,'SV','SLV','San Vicente','SV-SV',68),(13617,'SV','SLV','Morazán','SV-MO',68),(13618,'SV','SLV','Chalatenango','SV-CH',68),(13619,'SV','SLV','Ahuachapán','SV-AH',68),(13620,'SV','SLV','Cabañas','SV-CA',68),(13621,'SV','SLV','Cuscatlán','SV-CU',68),(13622,'SV','SLV','La Paz','SV-PA',68),(13623,'SV','SLV','La Unión','SV-UN',68),(13624,'SV','SLV','San Miguel','SV-SM',68),(13625,'SV','SLV','Santa Ana','SV-SA',68),(13626,'SV','SLV','Sonsonate','SV-SO',68),(13627,'SV','SLV','La Libertad','SV-LI',68),(13628,'SV','SLV','San Salvador','SV-SS',68),(13629,'GQ','GNQ','Wele-Nzás','GQ-WN',69),(13630,'GQ','GNQ','Kie-Ntem','GQ-KN',69),(13631,'GQ','GNQ','Litoral','GQ-LI',69),(13632,'GQ','GNQ','Bioko Norte','GQ-BN',69),(13633,'GQ','GNQ','Centro Sur','GQ-CS',69),(13634,'GQ','GNQ','Bioko Sur','GQ-BS',69),(13635,'GQ','GNQ','Annobón','GQ-AN',69),(13636,'ER','ERI','Semenawi Keyih Bahri [Semien-Keih-Bahri]','ER-SK',70),(13637,'ER','ERI','Gash-Barka','ER-GB',70),(13638,'ER','ERI','Anseba','ER-AN',70),(13639,'ER','ERI','Debubawi Keyih Bahri [Debub-Keih-Bahri]','ER-DK',70),(13640,'ER','ERI','Maakel [Maekel]','ER-MA',70),(13641,'ER','ERI','Debub','ER-DU',70),(13642,'EE','EST','Võrumaa','EE-86',71),(13643,'EE','EST','Raplamaa','EE-70',71),(13644,'EE','EST','Viljandimaa','EE-84',71),(13645,'EE','EST','Saaremaa','EE-74',71),(13646,'EE','EST','Ida-Virumaa','EE-44',71),(13647,'EE','EST','Jõgevamaa','EE-49',71),(13648,'EE','EST','Läänemaa','EE-57',71),(13649,'EE','EST','Pärnumaa','EE-67',71),(13650,'EE','EST','Põlvamaa','EE-65',71),(13651,'EE','EST','Valgamaa','EE-82',71),(13652,'EE','EST','Järvamaa','EE-51',71),(13653,'EE','EST','Harjumaa','EE-37',71),(13654,'EE','EST','Hiiumaa','EE-39',71),(13655,'EE','EST','Lääne-Virumaa','EE-59',71),(13656,'EE','EST','Tartumaa','EE-78',71),(13657,'ET','ETH','YeDebub Biheroch Bihereseboch na Hizboch','ET-SN',73),(13658,'ET','ETH','Amara','ET-AM',73),(13659,'ET','ETH','Tigray','ET-TI',73),(13661,'ET','ETH','Adis Abeba','ET-AA',73),(13662,'ET','ETH','Afar','ET-AF',73),(13663,'ET','ETH','Binshangul Gumuz','ET-BE',73),(13664,'ET','ETH','Sumale','ET-SO',73),(13665,'ET','ETH','Hareri Hizb','ET-HA',73),(13666,'ET','ETH','Gambela Hizboch','ET-GA',73),(13667,'ET','ETH','Dire Dawa','ET-DD',73),(13668,'ET','ETH','Oromiya','ET-OR',73),(13681,'FJ','FJI','Western','FJ-W',76),(13682,'FJ','FJI','Eastern','FJ-E',76),(13683,'FJ','FJI','Central','FJ-C',76),(13684,'FJ','FJI','Northern','FJ-N',76),(13690,'FI','FIN','Lapin lääni','FI-LL',77),(13703,'FI','FIN','Ahvenanmaan lääni','FI-AL',77),(13706,'FI','FIN','Itä-Suomen lääni','FI-IS',77),(13707,'FR','FRA','Yvelines','FR-78',78),(13708,'FR','FRA','Vosges','FR-88',78),(13709,'FR','FRA','Val-d\'Oise','FR-95',78),(13710,'FR','FRA','Seine-Maritime','FR-76',78),(13711,'FR','FRA','Somme','FR-80',78),(13712,'FR','FRA','Tarn-et-Garonne','FR-82',78),(13713,'FR','FRA','Vaucluse','FR-84',78),(13714,'FR','FRA','Savoie','FR-73',78),(13717,'FR','FRA','Allier','FR-03',78),(13718,'FR','FRA','Alpes-Maritimes','FR-06',78),(13719,'FR','FRA','Ardennes','FR-08',78),(13720,'FR','FRA','Aude','FR-11',78),(13721,'FR','FRA','Bas-Rhin','FR-67',78),(13722,'FR','FRA','Calvados','FR-14',78),(13723,'FR','FRA','Charente','FR-16',78),(13736,'FR','FRA','Ain','FR-01',78),(13737,'FR','FRA','Aisne','FR-02',78),(13738,'FR','FRA','Alpes-de-Haute-Provence','FR-04',78),(13739,'FR','FRA','Ardèche','FR-07',78),(13740,'FR','FRA','Ariège','FR-09',78),(13741,'FR','FRA','Aube','FR-10',78),(13742,'FR','FRA','Aveyron','FR-12',78),(13743,'FR','FRA','Bouches-du-Rhône','FR-13',78),(13744,'FR','FRA','Cantal','FR-15',78),(13745,'FR','FRA','Charente-Maritime','FR-17',78),(13746,'FR','FRA','Cher','FR-18',78),(13747,'FR','FRA','Corse-du-Sud','FR-2A',78),(13748,'FR','FRA','Haute-Corse','FR-2B',78),(13749,'FR','FRA','Haute-Loire','FR-43',78),(13750,'FR','FRA','Hautes-Alpes','FR-05',78),(13751,'FR','FRA','Haute-Savoie','FR-74',78),(13752,'FR','FRA','Hautes-Pyrénées','FR-65',78),(13753,'FR','FRA','Haut-Rhin','FR-68',78),(13754,'FR','FRA','Hérault','FR-34',78),(13755,'FR','FRA','Indre','FR-36',78),(13756,'FR','FRA','Indre-et-Loire','FR-37',78),(13757,'FR','FRA','Jura','FR-39',78),(13758,'FR','FRA','Loire','FR-42',78),(13759,'FR','FRA','Loiret','FR-45',78),(13760,'FR','FRA','Loir-et-Cher','FR-41',78),(13761,'FR','FRA','Lot-et-Garonne','FR-47',78),(13762,'FR','FRA','Maine-et-Loire','FR-49',78),(13763,'FR','FRA','Marne','FR-51',78),(13764,'FR','FRA','Mayenne','FR-53',78),(13765,'FR','FRA','Meuse','FR-55',78),(13766,'FR','FRA','Moselle','FR-57',78),(13767,'FR','FRA','Nord','FR-59',78),(13768,'FR','FRA','Oise','FR-60',78),(13769,'FR','FRA','Paris','FR-75',78),(13770,'FR','FRA','Puy-de-Dôme','FR-63',78),(13771,'FR','FRA','Pyrénées-Orientales','FR-66',78),(13772,'FR','FRA','Rhône','FR-69',78),(13773,'FR','FRA','Sarthe','FR-72',78),(13774,'FR','FRA','Seine-et-Marne','FR-77',78),(13775,'FR','FRA','Seine-Saint-Denis','FR-93',78),(13776,'FR','FRA','Tarn','FR-81',78),(13777,'FR','FRA','Territoire de Belfort','FR-90',78),(13778,'FR','FRA','Val-de-Marne','FR-94',78),(13779,'FR','FRA','Var','FR-83',78),(13780,'FR','FRA','Vendée','FR-85',78),(13781,'FR','FRA','Vienne','FR-86',78),(13782,'FR','FRA','Yonne','FR-89',78),(13791,'FR','FRA','Corrèze','FR-19',78),(13792,'FR','FRA','Côte-d\'Or','FR-21',78),(13793,'FR','FRA','Côtes-d\'Armor','FR-22',78),(13794,'FR','FRA','Creuse','FR-23',78),(13795,'FR','FRA','Deux-Sèvres','FR-79',78),(13796,'FR','FRA','Dordogne','FR-24',78),(13797,'FR','FRA','Doubs','FR-25',78),(13798,'FR','FRA','Lozère','FR-48',78),(13799,'FR','FRA','Manche','FR-50',78),(13800,'FR','FRA','Meurthe-et-Moselle','FR-54',78),(13801,'FR','FRA','Morbihan','FR-56',78),(13802,'FR','FRA','Nièvre','FR-58',78),(13803,'FR','FRA','Orne','FR-61',78),(13804,'FR','FRA','Pas-de-Calais','FR-62',78),(13805,'FR','FRA','Pyrénées-Atlantiques','FR-64',78),(13806,'FR','FRA','Saône-et-Loire','FR-71',78),(13807,'FR','FRA','Haute-Marne','FR-52',78),(13808,'FR','FRA','Haute-Saône','FR-70',78),(13809,'FR','FRA','Haute-Vienne','FR-87',78),(13810,'FR','FRA','Hauts-de-Seine','FR-92',78),(13811,'FR','FRA','Ille-et-Vilaine','FR-35',78),(13812,'FR','FRA','Isère','FR-38',78),(13813,'FR','FRA','Landes','FR-40',78),(13814,'FR','FRA','Loire-Atlantique','FR-44',78),(13815,'FR','FRA','Lot','FR-46',78),(13816,'FR','FRA','Drôme','FR-26',78),(13817,'FR','FRA','Essonne','FR-91',78),(13818,'FR','FRA','Eure','FR-27',78),(13819,'FR','FRA','Eure-et-Loir','FR-28',78),(13820,'FR','FRA','Finistère','FR-29',78),(13821,'FR','FRA','Gard','FR-30',78),(13822,'FR','FRA','Gers','FR-32',78),(13823,'FR','FRA','Gironde','FR-33',78),(13824,'FR','FRA','Haute-Garonne','FR-31',78),(13834,'TF','ATF','Ile Saint-Paul et Ile Amsterdam','TF-X1~',82),(13836,'TF','ATF','Crozet Islands','TF-X2~',82),(13837,'TF','ATF','Kerguelen','TF-X3~',82),(13838,'GA','GAB','Woleu-Ntem','GA-9',83),(13839,'GA','GAB','Estuaire','GA-1',83),(13840,'GA','GAB','Ogooué-Maritime','GA-8',83),(13841,'GA','GAB','Moyen-Ogooué','GA-3',83),(13842,'GA','GAB','Ogooué-Ivindo','GA-6',83),(13843,'GA','GAB','Ogooué-Lolo','GA-7',83),(13844,'GA','GAB','Ngounié','GA-4',83),(13845,'GA','GAB','Haut-Ogooué','GA-2',83),(13846,'GA','GAB','Nyanga','GA-5',83),(13877,'GM','GMB','MacCarthy Island','GM-M',84),(13880,'GM','GMB','Banjul','GM-B',84),(13881,'GM','GMB','Upper River','GM-U',84),(13882,'GM','GMB','Western','GM-W',84),(13885,'GM','GMB','North Bank','GM-N',84),(13887,'GM','GMB','Lower River','GM-L',84),(13895,'GE','GEO','Tbilisi','GE-TB',1),(13896,'GE','GEO','Ajaria','GE-AJ',1),(13897,'GE','GEO','Guria','GE-GU',1),(13898,'GE','GEO','Kakheti','GE-KA',1),(13899,'GE','GEO','Racha-Lechkhumi [and] Kvemo Svaneti','GE-RL',1),(13900,'GE','GEO','Kvemo Kartli','GE-KK',1),(13901,'GE','GEO','Imereti','GE-IM',1),(13902,'GE','GEO','Abkhazia','GE-AB',1),(13903,'GE','GEO','Samtskhe-Javakheti','GE-SJ',1),(13904,'GE','GEO','Shida Kartli','GE-SK',1),(13905,'GE','GEO','Mtskheta-Mtianeti','GE-MM',1),(13906,'GE','GEO','Samegrelo-Zemo Svaneti','GE-SZ',1),(14044,'DE','DEU','Bayern','DE-BY',85),(14045,'DE','DEU','Brandenburg','DE-BB',85),(14046,'DE','DEU','Hamburg','DE-HH',85),(14047,'DE','DEU','Mecklenburg-Vorpommern','DE-MV',85),(14048,'DE','DEU','Nordrhein-Westfalen','DE-NW',85),(14049,'DE','DEU','Saarland','DE-SL',85),(14050,'DE','DEU','Sachsen-Anhalt','DE-ST',85),(14051,'DE','DEU','Thüringen','DE-TH',85),(14337,'DE','DEU','Baden-Württemberg','DE-BW',85),(14338,'DE','DEU','Berlin','DE-BE',85),(14339,'DE','DEU','Bremen','DE-HB',85),(14340,'DE','DEU','Hessen','DE-HE',85),(14341,'DE','DEU','Niedersachsen','DE-NI',85),(14342,'DE','DEU','Rheinland-Pfalz','DE-RP',85),(14343,'DE','DEU','Sachsen','DE-SN',85),(14344,'DE','DEU','Schleswig-Holstein','DE-SH',85),(14397,'GH','GHA','Upper West','GH-UW',86),(14398,'GH','GHA','Western','GH-WP',86),(14399,'GH','GHA','Greater Accra','GH-AA',86),(14400,'GH','GHA','Brong-Ahafo','GH-BA',86),(14401,'GH','GHA','Volta','GH-TV',86),(14402,'GH','GHA','Northern','GH-NP',86),(14403,'GH','GHA','Ashanti','GH-AH',86),(14404,'GH','GHA','Central','GH-CP',86),(14405,'GH','GHA','Eastern','GH-EP',86),(14406,'GH','GHA','Upper East','GH-UE',86),(14408,'GR','GRC','Xanthi','GR-72',88),(14409,'GR','GRC','Trikala','GR-44',88),(14410,'GR','GRC','Thesprotia','GR-32',88),(14411,'GR','GRC','Samos','GR-84',88),(14412,'GR','GRC','Pieria','GR-61',88),(14413,'GR','GRC','Lesvos','GR-83',88),(14414,'GR','GRC','Achaïa','GR-13',88),(14415,'GR','GRC','Argolida','GR-11',88),(14416,'GR','GRC','Attiki','GR-A1',88),(14417,'GR','GRC','Agio Oros','GR-69',88),(14418,'GR','GRC','Evrytania','GR-05',88),(14419,'GR','GRC','Evvoia','GR-04',88),(14420,'GR','GRC','Fthiotida','GR-06',88),(14421,'GR','GRC','Chalkidiki','GR-64',88),(14422,'GR','GRC','Chios','GR-85',88),(14423,'GR','GRC','Aitolia kai Akarnania','GR-01',88),(14424,'GR','GRC','Arkadia','GR-12',88),(14425,'GR','GRC','Arta','GR-31',88),(14426,'GR','GRC','Dodekanisos','GR-81',88),(14427,'GR','GRC','Drama','GR-52',88),(14428,'GR','GRC','Evros','GR-71',88),(14429,'GR','GRC','Florina','GR-63',88),(14430,'GR','GRC','Fokida','GR-07',88),(14431,'GR','GRC','Grevena','GR-51',88),(14432,'GR','GRC','Chania','GR-94',88),(14433,'GR','GRC','Ileia','GR-14',88),(14434,'GR','GRC','Irakleio','GR-91',88),(14435,'GR','GRC','Karditsa','GR-41',88),(14436,'GR','GRC','Kavala','GR-55',88),(14437,'GR','GRC','Kyklades','GR-82',88),(14438,'GR','GRC','Korinthia','GR-15',88),(14439,'GR','GRC','Lakonia','GR-16',88),(14440,'GR','GRC','Lasithi','GR-92',88),(14441,'GR','GRC','Lefkada','GR-24',88),(14442,'GR','GRC','Messinia','GR-17',88),(14443,'GR','GRC','Pella','GR-59',88),(14444,'GR','GRC','Preveza','GR-34',88),(14445,'GR','GRC','Rodopi','GR-73',88),(14446,'GR','GRC','Serres','GR-62',88),(14447,'GR','GRC','Thessaloniki','GR-54',88),(14448,'GR','GRC','Voiotia','GR-03',88),(14449,'GR','GRC','Zakynthos','GR-21',88),(14450,'GR','GRC','Imathia','GR-53',88),(14451,'GR','GRC','Ioannina','GR-33',88),(14452,'GR','GRC','Kastoria','GR-56',88),(14453,'GR','GRC','Kefallonia','GR-23',88),(14454,'GR','GRC','Kerkyra','GR-22',88),(14455,'GR','GRC','Kilkis','GR-57',88),(14456,'GR','GRC','Kozani','GR-58',88),(14457,'GR','GRC','Larisa','GR-42',88),(14458,'GR','GRC','Magnisia','GR-43',88),(14459,'GR','GRC','Rethymno','GR-93',88),(14480,'GD','GRD','Saint Mark','GD-05',90),(14481,'GD','GRD','Southern Grenadine Islands','GD-10',90),(14482,'GD','GRD','Saint Patrick','GD-06',90),(14483,'GD','GRD','Saint John','GD-04',90),(14484,'GD','GRD','Saint Andrew','GD-01',90),(14485,'GD','GRD','Saint George','GD-03',90),(14486,'GD','GRD','Saint David','GD-02',90),(14521,'GT','GTM','Totonicapán','GT-TO',93),(14522,'GT','GTM','Sololá','GT-SO',93),(14523,'GT','GTM','San Marcos','GT-SM',93),(14524,'GT','GTM','Retalhuleu','GT-RE',93),(14525,'GT','GTM','Quetzaltenango','GT-QZ',93),(14526,'GT','GTM','Baja Verapaz','GT-BV',93),(14527,'GT','GTM','Chiquimula','GT-CQ',93),(14528,'GT','GTM','Escuintla','GT-ES',93),(14529,'GT','GTM','Guatemala','GT-GU',93),(14530,'GT','GTM','Zacapa','GT-ZA',93),(14531,'GT','GTM','Alta Verapaz','GT-AV',93),(14532,'GT','GTM','Chimaltenango','GT-CM',93),(14533,'GT','GTM','El Progreso','GT-PR',93),(14534,'GT','GTM','Huehuetenango','GT-HU',93),(14535,'GT','GTM','Izabal','GT-IZ',93),(14536,'GT','GTM','Jalapa','GT-JA',93),(14537,'GT','GTM','Jutiapa','GT-JU',93),(14538,'GT','GTM','Petén','GT-PE',93),(14539,'GT','GTM','Quiché','GT-QC',93),(14540,'GT','GTM','Sacatepéquez','GT-SA',93),(14541,'GT','GTM','Santa Rosa','GT-SR',93),(14542,'GT','GTM','Suchitepéquez','GT-SU',93),(14556,'GN','GIN','Tougué','GN-TO',95),(14557,'GN','GIN','Pita','GN-PI',95),(14558,'GN','GIN','Mandiana','GN-MD',95),(14559,'GN','GIN','Mali','GN-ML',95),(14560,'GN','GIN','Kouroussa','GN-KO',95),(14561,'GN','GIN','Kérouané','GN-KE',95),(14565,'GN','GIN','Beyla','GN-BE',95),(14566,'GN','GIN','Boffa','GN-BF',95),(14567,'GN','GIN','Boké','GN-BK',95),(14568,'GN','GIN','Conakry','GN-C',95),(14569,'GN','GIN','Coyah','GN-CO',95),(14570,'GN','GIN','Dalaba','GN-DL',95),(14571,'GN','GIN','Forécariah','GN-FO',95),(14572,'GN','GIN','Gaoual','GN-GA',95),(14573,'GN','GIN','Dubréka','GN-DU',95),(14575,'GN','GIN','Dabola','GN-DB',95),(14576,'GN','GIN','Dinguiraye','GN-DI',95),(14577,'GN','GIN','Faranah','GN-FA',95),(14578,'GN','GIN','Fria','GN-FR',95),(14579,'GN','GIN','Guékédou','GN-GU',95),(14580,'GN','GIN','Kankan','GN-KA',95),(14581,'GN','GIN','Kindia','GN-KD',95),(14582,'GN','GIN','Koubia','GN-KB',95),(14583,'GN','GIN','Koundara','GN-KN',95),(14584,'GN','GIN','Labé','GN-LA',95),(14585,'GN','GIN','Lola','GN-LO',95),(14586,'GN','GIN','Macenta','GN-MC',95),(14587,'GN','GIN','Mamou','GN-MM',95),(14588,'GN','GIN','Nzérékoré','GN-NZ',95),(14589,'GN','GIN','Siguiri','GN-SI',95),(14590,'GN','GIN','Télimélé','GN-TE',95),(14591,'GN','GIN','Yomou','GN-YO',95),(14592,'GN','GIN','Kissidougou','GN-KS',95),(14593,'GN','GIN','Lélouma','GN-LE',95),(14594,'GW','GNB','Quinara','GW-QU',96),(14595,'GW','GNB','Bafatá','GW-BA',96),(14596,'GW','GNB','Oio','GW-OI',96),(14597,'GW','GNB','Bissau','GW-BS',96),(14598,'GW','GNB','Biombo','GW-BM',96),(14599,'GW','GNB','Cacheu','GW-CA',96),(14600,'GW','GNB','Tombali','GW-TO',96),(14601,'GW','GNB','Bolama','GW-BL',96),(14602,'GW','GNB','Gabú','GW-GA',96),(14603,'GY','GUY','Upper Demerara-Berbice','GY-UD',97),(14604,'GY','GUY','Pomeroon-Supenaam','GY-PM',97),(14605,'GY','GUY','Barima-Waini','GY-BA',97),(14606,'GY','GUY','Demerara-Mahaica','GY-DE',97),(14607,'GY','GUY','Essequibo Islands-West Demerara','GY-ES',97),(14608,'GY','GUY','Mahaica-Berbice','GY-MA',97),(14609,'GY','GUY','Potaro-Siparuni','GY-PT',97),(14610,'GY','GUY','Upper Takutu-Upper Essequibo','GY-UT',97),(14611,'GY','GUY','East Berbice-Corentyne','GY-EB',97),(14612,'GY','GUY','Cuyuni-Mazaruni','GY-CU',97),(14613,'HT','HTI','Sud','HT-SD',98),(14614,'HT','HTI','Nord-Ouest','HT-NO',98),(14615,'HT','HTI','Ouest','HT-OU',98),(14616,'HT','HTI','Nord','HT-ND',98),(14617,'HT','HTI','Centre','HT-CE',98),(14618,'HT','HTI','Nord-Est','HT-NE',98),(14619,'HT','HTI','Sud-Est','HT-SE',98),(14620,'HT','HTI','Grande-Anse','HT-GA',98),(14621,'HT','HTI','Artibonite','HT-AR',98),(14622,'HN','HND','Valle','HN-VA',101),(14623,'HN','HND','Intibucá','HN-IN',101),(14624,'HN','HND','Choluteca','HN-CH',101),(14625,'HN','HND','Colón','HN-CL',101),(14626,'HN','HND','Copán','HN-CP',101),(14628,'HN','HND','Francisco Morazán','HN-FM',101),(14629,'HN','HND','Gracias a Dios','HN-GD',101),(14630,'HN','HND','Islas de la Bahía','HN-IB',101),(14631,'HN','HND','Lempira','HN-LE',101),(14632,'HN','HND','Olancho','HN-OL',101),(14633,'HN','HND','Santa Bárbara','HN-SB',101),(14634,'HN','HND','Yoro','HN-YO',101),(14635,'HN','HND','Atlántida','HN-AT',101),(14636,'HN','HND','Comayagua','HN-CM',101),(14637,'HN','HND','Cortés','HN-CR',101),(14638,'HN','HND','El Paraíso','HN-EP',101),(14639,'HN','HND','La Paz','HN-LP',101),(14640,'HN','HND','Ocotepeque','HN-OC',101),(14641,'HU','HUN','Zala','HU-ZA',103),(14642,'HU','HUN','Tolna','HU-TO',103),(14643,'HU','HUN','Pest','HU-PE',103),(14644,'HU','HUN','Komárom-Esztergom','HU-KE',103),(14645,'HU','HUN','Fejér','HU-FE',103),(14646,'HU','HUN','Baranya','HU-BA',103),(14647,'HU','HUN','Bács-Kiskun','HU-BK',103),(14648,'HU','HUN','Békés','HU-BE',103),(14649,'HU','HUN','Budapest','HU-BU',103),(14650,'HU','HUN','Csongrád','HU-CS',103),(14651,'HU','HUN','Gyor-Moson-Sopron','HU-GS',103),(14652,'HU','HUN','Heves','HU-HE',103),(14653,'HU','HUN','Jász-Nagykun-Szolnok','HU-JN',103),(14654,'HU','HUN','Nógrád','HU-NO',103),(14655,'HU','HUN','Somogy','HU-SO',103),(14656,'HU','HUN','Szabolcs-Szatmár-Bereg','HU-SZ',103),(14657,'HU','HUN','Vas','HU-VA',103),(14658,'HU','HUN','Veszprém','HU-VE',103),(14660,'HU','HUN','Borsod-Abaúj-Zemplén','HU-BZ',103),(14661,'HU','HUN','Hajdú-Bihar','HU-HB',103),(14662,'IS','ISL','Vesturland','IS-3',104),(14663,'IS','ISL','Vestfirðir','IS-4',104),(14664,'IS','ISL','Norðurland vestra','IS-5',104),(14666,'IS','ISL','Höfuðborgarsvæði utan Reykjavíkur','IS-1',104),(14667,'IS','ISL','Suðurnes','IS-2',104),(14668,'IS','ISL','Suðurland','IS-8',104),(14669,'IS','ISL','Norðurland eystra','IS-6',104),(14670,'IS','ISL','Austurland','IS-7',104),(14671,'IN','IND','Uttaranchal','IN-UL',105),(14672,'IN','IND','Himachal Pradesh','IN-HP',105),(14673,'IN','IND','Andaman and Nicobar Islands','IN-AN',105),(14674,'IN','IND','Arunachal Pradesh','IN-AR',105),(14675,'IN','IND','Assam','IN-AS',105),(14676,'IN','IND','Bihar','IN-BR',105),(14677,'IN','IND','Chhattisgarh','IN-CT',105),(14678,'IN','IND','Dadra and Nagar Haveli','IN-DN',105),(14679,'IN','IND','Delhi','IN-DL',105),(14680,'IN','IND','Gujarat','IN-GJ',105),(14681,'IN','IND','Haryana','IN-HR',105),(14682,'IN','IND','Jammu and Kashmir','IN-JK',105),(14683,'IN','IND','Karnataka','IN-KA',105),(14684,'IN','IND','Kerala','IN-KL',105),(14685,'IN','IND','Madhya Pradesh','IN-MP',105),(14686,'IN','IND','Maharashtra','IN-MH',105),(14687,'IN','IND','Meghalaya','IN-ML',105),(14688,'IN','IND','Nagaland','IN-NL',105),(14689,'IN','IND','Orissa','IN-OR',105),(14690,'IN','IND','Punjab','IN-PB',105),(14691,'IN','IND','Rajasthan','IN-RJ',105),(14692,'IN','IND','Tamil Nadu','IN-TN',105),(14693,'IN','IND','Tripura','IN-TR',105),(14694,'IN','IND','Uttar Pradesh','IN-UP',105),(14695,'IN','IND','Andhra Pradesh','IN-AP',105),(14696,'IN','IND','West Bengal','IN-WB',105),(14697,'IN','IND','Chandigarh','IN-CH',105),(14698,'IN','IND','Daman and Diu','IN-DD',105),(14699,'IN','IND','Goa','IN-GA',105),(14700,'IN','IND','Jharkhand','IN-JH',105),(14701,'IN','IND','Sikkim','IN-SK',105),(14702,'IN','IND','Mizoram','IN-MZ',105),(14703,'IN','IND','Manipur','IN-MN',105),(14704,'IN','IND','Lakshadweep','IN-LD',105),(14705,'IN','IND','Pondicherry','IN-PY',105),(14706,'ID','IDN','Sumatera Utara','ID-SU',106),(14707,'ID','IDN','Sulawesi Selatan','ID-SN',106),(14708,'ID','IDN','Riau','ID-RI',106),(14709,'ID','IDN','Nusa Tenggara Timur','ID-NT',106),(14710,'ID','IDN','Maluku Utara','ID-MU',106),(14711,'ID','IDN','Gorontalo','ID-GO',106),(14712,'ID','IDN','Jambi','ID-JA',106),(14713,'ID','IDN','Jawa Tengah','ID-JT',106),(14714,'ID','IDN','Kalimantan Barat','ID-KB',106),(14715,'ID','IDN','Kalimantan Selatan','ID-KS',106),(14716,'ID','IDN','Sulawesi Utara','ID-SA',106),(14717,'ID','IDN','Sumatera Selatan','ID-SS',106),(14718,'ID','IDN','Yogyakarta','ID-YO',106),(14719,'ID','IDN','Bali','ID-BA',106),(14720,'ID','IDN','Aceh','ID-AC',106),(14721,'ID','IDN','Bangka Belitung','ID-BB',106),(14722,'ID','IDN','Bengkulu','ID-BE',106),(14723,'ID','IDN','Banten','ID-BT',106),(14724,'ID','IDN','Jakarta Raya','ID-JK',106),(14725,'ID','IDN','Jawa Barat','ID-JB',106),(14726,'ID','IDN','Jawa Timur','ID-JI',106),(14727,'ID','IDN','Kalimantan Tengah','ID-KT',106),(14728,'ID','IDN','Kalimantan Timur','ID-KI',106),(14729,'ID','IDN','Lampung','ID-LA',106),(14730,'ID','IDN','Maluku','ID-MA',106),(14731,'ID','IDN','Nusa Tenggara Barat','ID-NB',106),(14732,'ID','IDN','Papua','ID-PA',106),(14733,'ID','IDN','Kepulauan Riau','ID-KR',106),(14734,'ID','IDN','Sulawesi Tengah','ID-ST',106),(14735,'ID','IDN','Sumatera Barat','ID-SB',106),(14736,'ID','IDN','Sulawesi Tenggara','ID-SG',106),(14737,'IR','IRN','Zanjan','IR-11',107),(14738,'IR','IRN','Qom','IR-26',107),(14739,'IR','IRN','Kermanshah','IR-17',107),(14740,'IR','IRN','Khorasan','IR-09',107),(14741,'IR','IRN','Khuzestan','IR-10',107),(14742,'IR','IRN','Kohkiluyeh va Buyer Ahmad','IR-18',107),(14743,'IR','IRN','Kordestan','IR-16',107),(14744,'IR','IRN','Lorestan','IR-20',107),(14745,'IR','IRN','Markazi','IR-22',107),(14746,'IR','IRN','Mazandaran','IR-21',107),(14747,'IR','IRN','Qazvin','IR-28',107),(14748,'IR','IRN','Ardabil','IR-03',107),(14749,'IR','IRN','Az¯arbayjan-e Sharqi','IR-01',107),(14750,'IR','IRN','Chahar Mah¸all va Bakhtiari','IR-08',107),(14751,'IR','IRN','Fars','IR-14',107),(14752,'IR','IRN','Hamadan','IR-24',107),(14753,'IR','IRN','Ilam','IR-05',107),(14754,'IR','IRN','Semnan','IR-12',107),(14755,'IR','IRN','Tehran','IR-07',107),(14756,'IR','IRN','Az¯arbayjan-e Gharbi','IR-02',107),(14757,'IR','IRN','Bushehr','IR-06',107),(14758,'IR','IRN','Esfahan','IR-04',107),(14759,'IR','IRN','Gilan','IR-19',107),(14760,'IR','IRN','Golestan','IR-27',107),(14761,'IR','IRN','Hormozgan','IR-23',107),(14762,'IR','IRN','Kerman','IR-15',107),(14763,'IR','IRN','Yazd','IR-25',107),(14764,'IR','IRN','Sistan va Baluchestan','IR-13',107),(14765,'IQ','IRQ','At Ta\'mim','IQ-TS',108),(14766,'IQ','IRQ','Al Qadisiyah','IQ-QA',108),(14767,'IQ','IRQ','Salah ad Din','IQ-SD',108),(14768,'IQ','IRQ','An Najaf','IQ-NA',108),(14769,'IQ','IRQ','Arbil','IQ-AR',108),(14770,'IQ','IRQ','Baghdad','IQ-BG',108),(14771,'IQ','IRQ','Al Anbar','IQ-AN',108),(14772,'IQ','IRQ','Babil','IQ-BB',108),(14773,'IQ','IRQ','Al Basrah','IQ-BA',108),(14774,'IQ','IRQ','Dahuk','IQ-DA',108),(14775,'IQ','IRQ','Diyalá','IQ-DI',108),(14776,'IQ','IRQ','Karbala\'','IQ-KA',108),(14777,'IQ','IRQ','Al Muthanná','IQ-MU',108),(14778,'IQ','IRQ','Ninawá','IQ-NI',108),(14779,'IQ','IRQ','As Sulaymaniyah','IQ-SU',108),(14780,'IQ','IRQ','Wasit','IQ-WA',108),(14781,'IQ','IRQ','Dhi Qar','IQ-DQ',108),(14782,'IQ','IRQ','Maysan','IQ-MA',108),(14783,'IE','IRL','Wexford','IE-WX',109),(14784,'IE','IRL','Waterford','IE-WD',109),(14786,'IE','IRL','Monaghan','IE-MN',109),(14787,'IE','IRL','Longford','IE-LD',109),(14788,'IE','IRL','Kildare','IE-KE',109),(14789,'IE','IRL','Meath','IE-MH',109),(14790,'IE','IRL','Offaly','IE-OY',109),(14791,'IE','IRL','Sligo','IE-SO',109),(14792,'IE','IRL','Tipperary','IE-TA',109),(14793,'IE','IRL','Westmeath','IE-WH',109),(14794,'IE','IRL','Wicklow','IE-WW',109),(14795,'IE','IRL','Cavan','IE-CN',109),(14796,'IE','IRL','Donegal','IE-DL',109),(14797,'IE','IRL','Galway','IE-G',109),(14798,'IE','IRL','Carlow','IE-CW',109),(14799,'IE','IRL','Clare','IE-CE',109),(14800,'IE','IRL','Cork','IE-C',109),(14801,'IE','IRL','Dublin','IE-D',109),(14802,'IE','IRL','Kerry','IE-KY',109),(14803,'IE','IRL','Kilkenny','IE-KK',109),(14804,'IE','IRL','Leitrim','IE-LM',109),(14805,'IE','IRL','Limerick','IE-LK',109),(14806,'IE','IRL','Louth','IE-LH',109),(14807,'IE','IRL','Laois','IE-LS',109),(14808,'IE','IRL','Mayo','IE-MO',109),(14809,'IE','IRL','Roscommon','IE-RN',109),(14847,'IL','ISR','HaDarom','IL-D',111),(14848,'IL','ISR','HaZafon','IL-Z',111),(14850,'IL','ISR','Tel-Aviv','IL-TA',111),(14877,'IL','ISR','HaMerkaz','IL-M',111),(14878,'IL','ISR','Haifa','IL-HA',111),(14879,'IL','ISR','Yerushalayim','IL-JM',111),(14882,'IT','ITA','Valle d\'Aosta','IT-23',112),(14883,'IT','ITA','Sardegna','IT-88',112),(14884,'IT','ITA','Molise','IT-67',112),(14885,'IT','ITA','Friuli-Venezia Giulia','IT-36',112),(14886,'IT','ITA','Emilia-Romagna','IT-45',112),(14887,'IT','ITA','Lazio','IT-62',112),(14888,'IT','ITA','Lombardia','IT-25',112),(14889,'IT','ITA','Marche','IT-57',112),(14890,'IT','ITA','Puglia','IT-75',112),(14891,'IT','ITA','Sicilia','IT-82',112),(14892,'IT','ITA','Trentino-Alto Adige','IT-32',112),(14893,'IT','ITA','Umbria','IT-55',112),(14894,'IT','ITA','Veneto','IT-34',112),(14895,'IT','ITA','Abruzzo','IT-65',112),(14896,'IT','ITA','Calabria','IT-78',112),(14897,'IT','ITA','Basilicata','IT-77',112),(14898,'IT','ITA','Campania','IT-72',112),(14899,'IT','ITA','Liguria','IT-42',112),(14900,'IT','ITA','Piemonte','IT-21',112),(14901,'IT','ITA','Toscana','IT-52',112),(14902,'JM','JAM','Saint Thomas','JM-03',113),(14903,'JM','JAM','Saint Elizabeth','JM-11',113),(14904,'JM','JAM','Saint Ann','JM-06',113),(14905,'JM','JAM','Clarendon','JM-13',113),(14906,'JM','JAM','Kingston','JM-01',113),(14907,'JM','JAM','Portland','JM-04',113),(14908,'JM','JAM','Saint Andrew','JM-02',113),(14909,'JM','JAM','Saint Catherine','JM-14',113),(14910,'JM','JAM','Saint James','JM-08',113),(14911,'JM','JAM','Saint Mary','JM-05',113),(14912,'JM','JAM','Trelawny','JM-07',113),(14913,'JM','JAM','Westmoreland','JM-10',113),(14914,'JM','JAM','Manchester','JM-12',113),(14915,'JM','JAM','Hanover','JM-09',113),(14916,'JP','JPN','Yamagata','JP-06',114),(14917,'JP','JPN','Tottori','JP-31',114),(14918,'JP','JPN','Totigi [Tochigi]','JP-09',114),(14919,'JP','JPN','Siga [Shiga]','JP-25',114),(14920,'JP','JPN','Ôita [Oita]','JP-44',114),(14921,'JP','JPN','Miyagi','JP-04',114),(14922,'JP','JPN','Saitama','JP-11',114),(14923,'JP','JPN','Simane [Shimane]','JP-32',114),(14924,'JP','JPN','Sizuoka [Shizuoka]','JP-22',114),(14925,'JP','JPN','Tokusima [Tokushima]','JP-36',114),(14926,'JP','JPN','Tôkyô [Tokyo]','JP-13',114),(14927,'JP','JPN','Toyama','JP-16',114),(14928,'JP','JPN','Wakayama','JP-30',114),(14929,'JP','JPN','Yamaguti [Yamaguchi]','JP-35',114),(14930,'JP','JPN','Yamanasi [Yamanashi]','JP-19',114),(14931,'JP','JPN','Aiti [Aichi]','JP-23',114),(14932,'JP','JPN','Aomori','JP-02',114),(14933,'JP','JPN','Tiba [Chiba]','JP-12',114),(14934,'JP','JPN','Hukui [Fukui]','JP-18',114),(14935,'JP','JPN','Hukuoka [Fukuoka]','JP-40',114),(14936,'JP','JPN','Gihu [Gifu]','JP-21',114),(14937,'JP','JPN','Gunma','JP-10',114),(14938,'JP','JPN','Hirosima [Hiroshima]','JP-34',114),(14939,'JP','JPN','Hyôgo [Hyogo]','JP-28',114),(14940,'JP','JPN','Isikawa [Ishikawa]','JP-17',114),(14941,'JP','JPN','Iwate','JP-03',114),(14942,'JP','JPN','Kagawa','JP-37',114),(14943,'JP','JPN','Kanagawa','JP-14',114),(14944,'JP','JPN','Kôti [Kochi]','JP-39',114),(14945,'JP','JPN','Kyôto [Kyoto]','JP-26',114),(14946,'JP','JPN','Mie','JP-24',114),(14947,'JP','JPN','Miyazaki','JP-45',114),(14948,'JP','JPN','Nagano','JP-20',114),(14949,'JP','JPN','Nara','JP-29',114),(14950,'JP','JPN','Niigata','JP-15',114),(14951,'JP','JPN','Okayama','JP-33',114),(14952,'JP','JPN','Okinawa','JP-47',114),(14953,'JP','JPN','Saga','JP-41',114),(14954,'JP','JPN','Akita','JP-05',114),(14955,'JP','JPN','Ehime','JP-38',114),(14956,'JP','JPN','Hukusima [Fukushima]','JP-07',114),(14957,'JP','JPN','Hokkaidô [Hokkaido]','JP-01',114),(14958,'JP','JPN','Ibaraki','JP-08',114),(14959,'JP','JPN','Kagosima [Kagoshima]','JP-46',114),(14960,'JP','JPN','Kumamoto','JP-43',114),(14961,'JP','JPN','Nagasaki','JP-42',114),(14962,'JP','JPN','Ôsaka [Osaka]','JP-27',114),(14975,'JO','JOR','At Tafilah','JO-AT',116),(14976,'JO','JOR','Az Zarqa\'','JO-AZ',116),(14977,'JO','JOR','Ma`an','JO-MN',116),(14978,'JO','JOR','?Amman','JO-AM',116),(14979,'JO','JOR','Al Balqa\'','JO-BA',116),(14980,'JO','JOR','Jarash','JO-JA',116),(14981,'JO','JOR','Al Mafraq','JO-MA',116),(14982,'JO','JOR','?Ajlun','JO-AJ',116),(14983,'JO','JOR','Madaba','JO-MD',116),(14984,'JO','JOR','Al Karak','JO-KA',116),(14985,'JO','JOR','Aqaba','JO-AQ',116),(14986,'JO','JOR','Irbid','JO-IR',116),(14987,'KZ','KAZ','Zhambyl oblysy','KZ-ZHA',117),(14988,'KZ','KAZ','Batys Qazaqstan oblysy','KZ-ZAP',117),(14989,'KZ','KAZ','Soltüstik Qazaqstan oblysy','KZ-SEV',117),(14990,'KZ','KAZ','Qyzylorda oblysy','KZ-KZY',117),(14991,'KZ','KAZ','Aqmola oblysy','KZ-AKM',117),(14992,'KZ','KAZ','Aqtöbe oblysy','KZ-AKT',117),(14993,'KZ','KAZ','Almaty','KZ-ALA',117),(14994,'KZ','KAZ','Atyrau oblysy','KZ-ATY',117),(14995,'KZ','KAZ','Mangghystau oblysy','KZ-MAN',117),(14996,'KZ','KAZ','Shyghys Qazaqstan oblysy','KZ-VOS',117),(14997,'KZ','KAZ','Qaraghandy oblysy','KZ-KAR',117),(14998,'KZ','KAZ','Pavlodar oblysy','KZ-PAV',117),(14999,'KZ','KAZ','Ongtüstik Qazaqstan oblysy','KZ-YUZ',117),(15000,'KZ','KAZ','Qostanay oblysy','KZ-KUS',117),(15001,'KE','KEN','Nyanza','KE-600',118),(15003,'KE','KEN','Western','KE-900',118),(15004,'KE','KEN','North-Eastern','KE-500',118),(15005,'KE','KEN','Coast','KE-300',118),(15006,'KE','KEN','Eastern','KE-400',118),(15007,'KE','KEN','Rift Valley','KE-700',118),(15009,'KE','KEN','Central','KE-200',118),(15010,'KE','KEN','Nairobi','KE-110',118),(15018,'KI','KIR','Line Islands','KI-L',119),(15033,'KI','KIR','Phoenix Islands','KI-P',119),(15042,'KR','KOR','Gang\'weondo [Kang-won-do]','KR-42',120),(15053,'KP','PRK','Kangwon-do','KP-07',121),(15063,'KW','KWT','Al Jahrah','KW-JA',122),(15064,'KW','KWT','Al Ahmadi','KW-AH',122),(15065,'KW','KWT','Mubarak al-Kabir','KW-MU',122),(15066,'KW','KWT','Al Kuwayt','KW-KU',122),(15067,'KW','KWT','Hawalli','KW-HA',122),(15068,'KW','KWT','Al Farwaniyah','KW-FA',122),(15069,'KG','KGZ','Osh','KG-O',123),(15070,'KG','KGZ','Batken','KG-B',123),(15071,'KG','KGZ','Naryn','KG-N',123),(15072,'KG','KGZ','Bishkek','KG-GB',123),(15074,'KG','KGZ','Ysyk-Köl','KG-Y',123),(15075,'KG','KGZ','Talas','KG-T',123),(15077,'KG','KGZ','Jalal-Abad','KG-J',123),(15078,'KG','KGZ','Chü','KG-C',123),(15079,'LA','LAO','Xiangkhoang [Xieng Khouang]','LA-XI',124),(15080,'LA','LAO','Attapu [Attopeu]','LA-AT',124),(15081,'LA','LAO','Bokèo','LA-BK',124),(15082,'LA','LAO','Champasak [Champassak]','LA-CH',124),(15083,'LA','LAO','Louang Namtha','LA-LM',124),(15084,'LA','LAO','Oudômxai [Oudomsai]','LA-OU',124),(15085,'LA','LAO','Phôngsali [Phong Saly]','LA-PH',124),(15086,'LA','LAO','Savannakhét','LA-SV',124),(15087,'LA','LAO','Vientiane Prefecture','LA-VT',124),(15088,'LA','LAO','Xaignabouli [Sayaboury]','LA-XA',124),(15089,'LA','LAO','Bolikhamxai [Borikhane]','LA-BL',124),(15090,'LA','LAO','Xékong [Sékong]','LA-XE',124),(15091,'LA','LAO','Salavan [Saravane]','LA-SL',124),(15092,'LA','LAO','Louangphabang [Louang Prabang]','LA-LP',124),(15093,'LA','LAO','Houaphan','LA-HO',124),(15094,'LA','LAO','Khammouan','LA-KH',124),(15095,'LA','LAO','Vientiane','LA-VI',124),(15096,'LA','LAO','Xaisômboun','LA-XN',124),(15097,'LV','LVA','Ventspils Aprinkis','LV-VE',125),(15098,'LV','LVA','Ogres Aprinkis','LV-OG',125),(15099,'LV','LVA','Rezekne','LV-REZ',125),(15100,'LV','LVA','Rezeknes Aprinkis','LV-RE',125),(15101,'LV','LVA','Rigas Aprinkis','LV-RI',125),(15102,'LV','LVA','Saldus Aprinkis','LV-SA',125),(15103,'LV','LVA','Tukuma Aprinkis','LV-TU',125),(15104,'LV','LVA','Valkas Aprinkis','LV-VK',125),(15105,'LV','LVA','Ventspils','LV-VEN',125),(15106,'LV','LVA','Aizkraukles Aprinkis','LV-AI',125),(15107,'LV','LVA','Aluksnes Aprinkis','LV-AL',125),(15108,'LV','LVA','Balvu Aprinkis','LV-BL',125),(15109,'LV','LVA','Bauskas Aprinkis','LV-BU',125),(15110,'LV','LVA','Cesu Aprinkis','LV-CE',125),(15111,'LV','LVA','Daugavpils','LV-DGV',125),(15112,'LV','LVA','Daugavpils Aprinkis','LV-DA',125),(15113,'LV','LVA','Dobeles Aprinkis','LV-DO',125),(15114,'LV','LVA','Jekabpils Aprinkis','LV-JK',125),(15115,'LV','LVA','Kraslavas Aprinkis','LV-KR',125),(15116,'LV','LVA','Kuldigas Aprinkis','LV-KU',125),(15117,'LV','LVA','Liepajas Aprinkis','LV-LE',125),(15118,'LV','LVA','Limbažu Aprinkis','LV-LM',125),(15119,'LV','LVA','Madonas Aprinkis','LV-MA',125),(15121,'LV','LVA','Riga','LV-RIX',125),(15122,'LV','LVA','Preilu Aprinkis','LV-PR',125),(15123,'LV','LVA','Ludzas Aprinkis','LV-LU',125),(15124,'LV','LVA','Gulbenes Aprinkis','LV-GU',125),(15125,'LV','LVA','Jelgava','LV-JEL',125),(15126,'LV','LVA','Jelgavas Aprinkis','LV-JL',125),(15127,'LV','LVA','Jurmala','LV-JUR',125),(15128,'LV','LVA','Liepaja','LV-LPX',125),(15129,'LV','LVA','Talsu Aprinkis','LV-TA',125),(15130,'LV','LVA','Valmieras Aprinkis','LV-VM',125),(15131,'LB','LBN','Loubnâne ech Chemâli','LB-AS',126),(15132,'LB','LBN','Nabatîyé','LB-NA',126),(15133,'LB','LBN','Jabal Loubnâne','LB-JL',126),(15134,'LB','LBN','Beirut','LB-BA',126),(15135,'LB','LBN','El Béqaa','LB-BI',126),(15136,'LB','LBN','Loubnâne ej Jnoûbi','LB-JA',126),(15137,'LS','LSO','Qacha\'s Nek','LS-H',127),(15138,'LS','LSO','Berea','LS-D',127),(15139,'LS','LSO','Butha-Buthe','LS-B',127),(15140,'LS','LSO','Mafeteng','LS-E',127),(15141,'LS','LSO','Mohale\'s Hoek','LS-F',127),(15142,'LS','LSO','Mokhotlong','LS-J',127),(15143,'LS','LSO','Quthing','LS-G',127),(15144,'LS','LSO','Thaba-Tseka','LS-K',127),(15145,'LS','LSO','Leribe','LS-C',127),(15146,'LS','LSO','Maseru','LS-A',127),(15147,'LR','LBR','Sinoe','LR-SI',128),(15148,'LR','LBR','Bong','LR-BG',128),(15149,'LR','LBR','Rivercess','LR-RI',128),(15150,'LR','LBR','Maryland','LR-MY',128),(15151,'LR','LBR','Grand Gedeh','LR-GG',128),(15152,'LR','LBR','Bomi','LR-BM',128),(15153,'LR','LBR','Grand Bassa','LR-GB',128),(15154,'LR','LBR','Lofa','LR-LO',128),(15155,'LR','LBR','Nimba','LR-NI',128),(15156,'LR','LBR','Grand Cape Mount','LR-CM',128),(15157,'LR','LBR','Montserrado','LR-MO',128),(15158,'LR','LBR','Margibi','LR-MG',128),(15160,'LY','LBY','Al Marqab','LY-MB',129),(15161,'LY','LBY','Misratah','LY-MI',129),(15162,'LY','LBY','Nalut','LY-NL',129),(15165,'LY','LBY','Tarabulus','LY-TB',129),(15166,'LY','LBY','Wadi al ?ayat','LY-WD',129),(15167,'LY','LBY','Al Wāḩāt','LY-WA',129),(15168,'LY','LBY','Az Zawiyah','LY-ZA',129),(15171,'LY','LBY','Al Butnan','LY-BU',129),(15173,'LY','LBY','Ghat','LY-GT',129),(15174,'LY','LBY','Al Jabal al Akh?ar','LY-JA',129),(15175,'LY','LBY','Al Jufrah','LY-JU',129),(15176,'LY','LBY','Al Kufrah','LY-KF',129),(15177,'LY','LBY','Banghazi','LY-BA',129),(15178,'LY','LBY','Darnah','LY-DR',129),(15181,'LY','LBY','Al Jifarah','LY-JI',129),(15182,'LY','LBY','Al Marj','LY-MJ',129),(15183,'LY','LBY','Surt','LY-SR',129),(15184,'LY','LBY','Sabha','LY-SB',129),(15185,'LY','LBY','An Nuqat al Khams','LY-NQ',129),(15186,'LY','LBY','Murzuq','LY-MQ',129),(15190,'LI','LIE','Vaduz','LI-11',130),(15191,'LI','LIE','Ruggell','LI-06',130),(15192,'LI','LIE','Gamprin','LI-03',130),(15193,'LI','LIE','Balzers','LI-01',130),(15194,'LI','LIE','Eschen','LI-02',130),(15195,'LI','LIE','Mauren','LI-04',130),(15196,'LI','LIE','Planken','LI-05',130),(15197,'LI','LIE','Schaan','LI-07',130),(15198,'LI','LIE','Triesen','LI-09',130),(15199,'LI','LIE','Triesenberg','LI-10',130),(15200,'LI','LIE','Schellenberg','LI-08',130),(15201,'LT','LTU','Vilniaus Apskritis','LT-VL',131),(15202,'LT','LTU','Panevežio Apskritis','LT-PN',131),(15203,'LT','LTU','Utenos Apskritis','LT-UT',131),(15204,'LT','LTU','Šiauliu Apskritis','LT-SA',131),(15205,'LT','LTU','Kauno Apskritis','LT-KU',131),(15206,'LT','LTU','Marijampoles Apskritis','LT-MR',131),(15207,'LT','LTU','Telšiu Apskritis','LT-TE',131),(15208,'LT','LTU','Klaipedos Apskritis','LT-KL',131),(15209,'LT','LTU','Alytaus Apskritis','LT-AL',131),(15210,'LT','LTU','Taurages Apskritis','LT-TA',131),(15215,'LU','LUX','Grevenmacher','LU-G',132),(15216,'LU','LUX','Diekirch','LU-D',132),(15220,'LU','LUX','Luxembourg (fr)','LU-L',132),(15223,'MK','MKD','Veles','MK-VE',134),(15224,'MK','MKD','Berovo','MK-BR',134),(15225,'MK','MKD','Bitola','MK-TL',134),(15227,'MK','MKD','Debar','MK-DB',134),(15228,'MK','MKD','Delcevo','MK-DL',134),(15229,'MK','MKD','Demir Hisar','MK-DM',134),(15230,'MK','MKD','Gevgelija','MK-GV',134),(15231,'MK','MKD','Kavadarci','MK-AV',134),(15232,'MK','MKD','Kocani','MK-OC',134),(15233,'MK','MKD','Gostivar','MK-GT',134),(15234,'MK','MKD','Kicevo','MK-KH',134),(15235,'MK','MKD','Kratovo','MK-KY',134),(15236,'MK','MKD','Kruševo','MK-KS',134),(15237,'MK','MKD','Negotino','MK-NG',134),(15238,'MK','MKD','Ohrid','MK-OD',134),(15239,'MK','MKD','Probištip','MK-PT',134),(15240,'MK','MKD','Resen','MK-RE',134),(15241,'MK','MKD','Štip','MK-ST',134),(15242,'MK','MKD','Struga','MK-UG',134),(15243,'MK','MKD','Sveti Nikole','MK-SL',134),(15244,'MK','MKD','Valandovo','MK-VA',134),(15245,'MK','MKD','Vinica','MK-NI',134),(15246,'MK','MKD','Skopje','MK-X1~',134),(15247,'MK','MKD','Radoviš','MK-RV',134),(15248,'MK','MKD','Prilep','MK-PP',134),(15249,'MK','MKD','Kriva Palanka','MK-KZ',134),(15250,'MK','MKD','Kumanovo','MK-UM',134),(15251,'MK','MKD','Strumica','MK-RU',134),(15252,'MK','MKD','Tetovo','MK-ET',134),(15253,'MG','MDG','Toamasina','MG-A',135),(15254,'MG','MDG','Antsiranana','MG-D',135),(15255,'MG','MDG','Antananarivo','MG-T',135),(15256,'MG','MDG','Toliara','MG-U',135),(15257,'MG','MDG','Mahajanga','MG-M',135),(15258,'MG','MDG','Fianarantsoa','MG-F',135),(15261,'MW','MWI','Blantyre','MW-BL',136),(15262,'MW','MWI','Chiradzulu','MW-CR',136),(15263,'MW','MWI','Dedza','MW-DE',136),(15264,'MW','MWI','Dowa','MW-DO',136),(15265,'MW','MWI','Kasungu','MW-KS',136),(15267,'MW','MWI','Machinga','MW-MH',136),(15268,'MW','MWI','Mangochi','MW-MG',136),(15269,'MW','MWI','Mulanje','MW-MU',136),(15270,'MW','MWI','Mwanza','MW-MW',136),(15272,'MW','MWI','Nkhotakota','MW-NK',136),(15273,'MW','MWI','Nsanje','MW-NS',136),(15274,'MW','MWI','Ntchisi','MW-NI',136),(15275,'MW','MWI','Phalombe','MW-PH',136),(15276,'MW','MWI','Salima','MW-SA',136),(15277,'MW','MWI','Thyolo','MW-TH',136),(15278,'MW','MWI','Zomba','MW-ZO',136),(15279,'MW','MWI','Balaka','MW-BA',136),(15280,'MW','MWI','Chikwawa','MW-CK',136),(15281,'MW','MWI','Chitipa','MW-CT',136),(15282,'MW','MWI','Nkhata Bay','MW-NB',136),(15283,'MW','MWI','Mzimba','MW-MZ',136),(15284,'MW','MWI','Mchinji','MW-MC',136),(15285,'MW','MWI','Karonga','MW-KR',136),(15286,'MW','MWI','Lilongwe','MW-LI',136),(15287,'MW','MWI','Ntcheu','MW-NU',136),(15288,'MW','MWI','Rumphi','MW-RU',136),(15289,'MY','MYS','Terengganu','MY-11',137),(15290,'MY','MYS','Johor','MY-01',137),(15291,'MY','MYS','Kelantan','MY-03',137),(15292,'MY','MYS','Wilayah Persekutuan Labuan','MY-15',137),(15293,'MY','MYS','Melaka','MY-04',137),(15294,'MY','MYS','Pahang','MY-06',137),(15295,'MY','MYS','Perak','MY-08',137),(15296,'MY','MYS','Pulau Pinang','MY-07',137),(15297,'MY','MYS','Sabah','MY-12',137),(15298,'MY','MYS','Selangor','MY-10',137),(15299,'MY','MYS','Kedah','MY-02',137),(15300,'MY','MYS','Wilayah Persekutuan Kuala Lumpur','MY-14',137),(15301,'MY','MYS','Negeri Sembilan','MY-05',137),(15302,'MY','MYS','Perlis','MY-09',137),(15303,'MY','MYS','Sarawak','MY-13',137),(15304,'MV','MDV','Thaa','MV-08',138),(15305,'MV','MDV','Kaafu','MV-26',138),(15306,'MV','MDV','Gnaviyani','MV-29',138),(15307,'MV','MDV','Alif','MV-02',138),(15308,'MV','MDV','Alif Dhaal','MV-X1~',138),(15309,'MV','MDV','Baa','MV-20',138),(15310,'MV','MDV','Dhaalu','MV-17',138),(15311,'MV','MDV','Faafu','MV-14',138),(15312,'MV','MDV','Gaaf Alif','MV-27',138),(15313,'MV','MDV','Gaafu Dhaalu','MV-28',138),(15314,'MV','MDV','Haa Alif','MV-07',138),(15315,'MV','MDV','Haa Dhaalu','MV-23',138),(15316,'MV','MDV','Laamu','MV-05',138),(15317,'MV','MDV','Male','MV-MLE',138),(15318,'MV','MDV','Raa','MV-13',138),(15319,'MV','MDV','Seenu','MV-01',138),(15320,'MV','MDV','Vaavu','MV-04',138),(15321,'MV','MDV','Lhaviyani','MV-03',138),(15322,'MV','MDV','Shaviyani','MV-24',138),(15323,'MV','MDV','Noonu','MV-25',138),(15324,'MV','MDV','Meemu','MV-12',138),(15325,'ML','MLI','Tombouctou','ML-6',139),(15326,'ML','MLI','Mopti','ML-5',139),(15327,'ML','MLI','Bamako','ML-BKO',139),(15328,'ML','MLI','Kidal','ML-8',139),(15329,'ML','MLI','Gao','ML-7',139),(15330,'ML','MLI','Kayes','ML-1',139),(15331,'ML','MLI','Koulikoro','ML-2',139),(15332,'ML','MLI','Ségou','ML-4',139),(15333,'ML','MLI','Sikasso','ML-3',139),(15340,'MH','MHL','Wotje','MH-WTJ',141),(15341,'MH','MHL','Wotho','MH-WTH',141),(15344,'MH','MHL','Namu','MH-NMU',141),(15345,'MH','MHL','Majuro','MH-MAJ',141),(15347,'MH','MHL','Ailuk','MH-ALK',141),(15348,'MH','MHL','Arno','MH-ARN',141),(15351,'MH','MHL','Ebon','MH-EBO',141),(15353,'MH','MHL','Jaluit','MH-JAL',141),(15355,'MH','MHL','Kwajalein','MH-KWA',141),(15356,'MH','MHL','Lib','MH-LIB',141),(15357,'MH','MHL','Likiep','MH-LIK',141),(15358,'MH','MHL','Maloelap','MH-MAL',141),(15359,'MH','MHL','Mili','MH-MIL',141),(15360,'MH','MHL','Namdrik','MH-NMK',141),(15361,'MH','MHL','Rongelap','MH-RON',141),(15362,'MH','MHL','Ailinglaplap','MH-ALL',141),(15363,'MH','MHL','Aur','MH-AUR',141),(15365,'MH','MHL','Enewetak','MH-ENI',141),(15367,'MH','MHL','Kili','MH-KIL',141),(15368,'MH','MHL','Lae','MH-LAE',141),(15369,'MH','MHL','Mejit','MH-MEJ',141),(15371,'MH','MHL','Ujae','MH-UJA',141),(15372,'MH','MHL','Utirik','MH-UTI',141),(15377,'MR','MRT','Trarza','MR-06',143),(15378,'MR','MRT','Assaba','MR-03',143),(15379,'MR','MRT','Adrar','MR-07',143),(15380,'MR','MRT','Dakhlet Nouâdhibou','MR-08',143),(15381,'MR','MRT','Hodh el Gharbi','MR-02',143),(15382,'MR','MRT','Inchiri','MR-12',143),(15383,'MR','MRT','Tiris Zemmour','MR-11',143),(15384,'MR','MRT','Brakna','MR-05',143),(15385,'MR','MRT','Tagant','MR-09',143),(15386,'MR','MRT','Hodh ech Chargui','MR-01',143),(15387,'MR','MRT','Gorgol','MR-04',143),(15388,'MR','MRT','Guidimaka','MR-10',143),(15389,'MR','MRT','Nouakchott','MR-NKC',143),(15390,'MU','MUS','Savanne','MU-SA',144),(15391,'MU','MUS','Plaines Wilhems','MU-PW',144),(15392,'MU','MUS','Black River','MU-BL',144),(15393,'MU','MUS','Grand Port','MU-GP',144),(15394,'MU','MUS','Moka','MU-MO',144),(15395,'MU','MUS','Flacq','MU-FL',144),(15396,'MU','MUS','Pamplemousses','MU-PA',144),(15397,'MU','MUS','Port Louis City','MU-PL',144),(15398,'MU','MUS','Rodrigues Island','MU-RO',144),(15399,'MU','MUS','Rivière du Rempart','MU-RR',144),(15402,'MX','MEX','Yucatán','MX-YUC',146),(15403,'MX','MEX','Nuevo León','MX-NLE',146),(15404,'MX','MEX','Puebla','MX-PUE',146),(15405,'MX','MEX','Querétaro','MX-QUE',146),(15406,'MX','MEX','San Luis Potosí','MX-SLP',146),(15407,'MX','MEX','Sinaloa','MX-SIN',146),(15408,'MX','MEX','Tabasco','MX-TAB',146),(15409,'MX','MEX','Tlaxcala','MX-TLA',146),(15410,'MX','MEX','Veracruz','MX-VER',146),(15411,'MX','MEX','Zacatecas','MX-ZAC',146),(15412,'MX','MEX','Baja California','MX-BCN',146),(15413,'MX','MEX','Baja California Sur','MX-BCS',146),(15414,'MX','MEX','Chiapas','MX-CHP',146),(15415,'MX','MEX','Coahuila','MX-COA',146),(15416,'MX','MEX','Colima','MX-COL',146),(15417,'MX','MEX','Durango','MX-DUR',146),(15418,'MX','MEX','Guanajuato','MX-GUA',146),(15419,'MX','MEX','Hidalgo','MX-HID',146),(15420,'MX','MEX','Jalisco','MX-JAL',146),(15421,'MX','MEX','Michoacán','MX-MIC',146),(15422,'MX','MEX','Morelos','MX-MOR',146),(15423,'MX','MEX','Aguascalientes','MX-AGU',146),(15424,'MX','MEX','Campeche','MX-CAM',146),(15425,'MX','MEX','Chihuahua','MX-CHH',146),(15426,'MX','MEX','Distrito Federal','MX-DIF',146),(15427,'MX','MEX','Guerrero','MX-GRO',146),(15428,'MX','MEX','México','MX-MEX',146),(15429,'MX','MEX','Nayarit','MX-NAY',146),(15430,'MX','MEX','Oaxaca','MX-OAX',146),(15431,'MX','MEX','Tamaulipas','MX-TAM',146),(15432,'MX','MEX','Quintana Roo','MX-ROO',146),(15433,'MX','MEX','Sonora','MX-SON',146),(15434,'FM','FSM','Pohnpei','FM-PNI',147),(15436,'FM','FSM','Kosrae','FM-KSA',147),(15437,'FM','FSM','Chuuk','FM-TRK',147),(15438,'FM','FSM','Yap','FM-YAP',147),(15440,'MD','MDA','Ştefan Vodă','MD-SV',148),(15441,'MD','MDA','Rezina','MD-RE',148),(15442,'MD','MDA','Ialoveni','MD-IA',148),(15443,'MD','MDA','Floreşti','MD-FL',148),(15444,'MD','MDA','Dubăsari','MD-DU',148),(15445,'MD','MDA','Făleşti','MD-FA',148),(15446,'MD','MDA','Gagauzia, Unitatea teritoriala autonoma (UTAG)','MD-GA',148),(15448,'MD','MDA','Hînceşti','MD-HI',148),(15449,'MD','MDA','Leova','MD-LE',148),(15450,'MD','MDA','Nisporeni','MD-NI',148),(15451,'MD','MDA','Orhei','MD-OR',148),(15453,'MD','MDA','Bălţi','MD-BA',148),(15454,'MD','MDA','Basarabeasca','MD-BS',148),(15455,'MD','MDA','Cahul','MD-CA',148),(15458,'MD','MDA','Cantemir','MD-CT',148),(15459,'MD','MDA','Chisinau','MD-CU',148),(15460,'MD','MDA','Cimişlia','MD-CM',148),(15461,'MD','MDA','Donduşeni','MD-DO',148),(15463,'MD','MDA','Rîşcani','MD-RI',148),(15464,'MD','MDA','Sîngerei','MD-SI',148),(15465,'MD','MDA','Şoldăneşti','MD-SD',148),(15466,'MD','MDA','Soroca','MD-SO',148),(15467,'MD','MDA','Străşeni','MD-ST',148),(15468,'MD','MDA','Teleneşti','MD-TE',148),(15469,'MD','MDA','Tighina','MD-BD',148),(15470,'MD','MDA','Ungheni','MD-UN',148),(15471,'MD','MDA','Anenii Noi','MD-AN',148),(15472,'MD','MDA','Briceni','MD-BR',148),(15473,'MD','MDA','Călăraşi','MD-CL',148),(15474,'MD','MDA','Căuşeni','MD-CS',148),(15475,'MD','MDA','Criuleni','MD-CR',148),(15476,'MD','MDA','Drochia','MD-DR',148),(15477,'MD','MDA','Edinet','MD-ED',148),(15478,'MD','MDA','Glodeni','MD-GL',148),(15479,'MD','MDA','Ocniţa','MD-OC',148),(15481,'MD','MDA','Taraclia','MD-TA',148),(15486,'MN','MNG','Ulaanbaatar','MN-1',150),(15487,'MN','MNG','Selenge','MN-049',150),(15488,'MN','MNG','Hövsgöl','MN-041',150),(15489,'MN','MNG','Dundgovi','MN-059',150),(15490,'MN','MNG','Bayan-Ölgiy','MN-071',150),(15491,'MN','MNG','Bayanhongor','MN-069',150),(15492,'MN','MNG','Bulgan','MN-067',150),(15493,'MN','MNG','Darhan uul','MN-037',150),(15494,'MN','MNG','Dornogovi','MN-063',150),(15495,'MN','MNG','Govi-Altay','MN-065',150),(15496,'MN','MNG','Hentiy','MN-039',150),(15497,'MN','MNG','Hovd','MN-043',150),(15498,'MN','MNG','Ömnögovi','MN-053',150),(15499,'MN','MNG','Övörhangay','MN-055',150),(15500,'MN','MNG','Sühbaatar','MN-051',150),(15501,'MN','MNG','Töv','MN-047',150),(15502,'MN','MNG','Uvs','MN-046',150),(15503,'MN','MNG','Dzavhan','MN-057',150),(15504,'MN','MNG','Arhangay','MN-073',150),(15505,'MN','MNG','Dornod','MN-061',150),(15506,'MN','MNG','Govi-Sümber','MN-064',150),(15507,'MN','MNG','Orhon','MN-035',150),(15516,'MA','MAR','Al Hoceïma','MA-HOC',153),(15517,'MA','MAR','Tiznit','MA-TIZ',153),(15520,'MA','MAR','Guelmim','MA-GUE',153),(15521,'MA','MAR','Tata','MA-TAT',153),(15522,'MA','MAR','Chichaoua','MA-CHI',153),(15523,'MA','MAR','Essaouira','MA-ESI',153),(15524,'MA','MAR','El Hajeb','MA-HAJ',153),(15525,'MA','MAR','Ifrane','MA-IFR',153),(15526,'MA','MAR','Berkane','MA-BER',153),(15527,'MA','MAR','Nador','MA-NAD',153),(15528,'MA','MAR','Taourirt','MA-TAI',153),(15535,'MA','MAR','Safi','MA-SAF',153),(15537,'MA','MAR','Moulay Yacoub','MA-MOU',153),(15538,'MA','MAR','Sidi Kacem','MA-SIK',153),(15539,'MA','MAR','Mediouna','MA-MED',153),(15541,'MA','MAR','Assa-Zag','MA-ASZ',153),(15542,'MA','MAR','Tan-Tan','MA-TNT',153),(15543,'MA','MAR','Al Haouz','MA-HAO',153),(15544,'MA','MAR','Kelaat es Sraghna','MA-KES',153),(15547,'MA','MAR','Errachidia','MA-ERR',153),(15548,'MA','MAR','Khenifra','MA-KHN',153),(15549,'MA','MAR','Figuig','MA-FIG',153),(15550,'MA','MAR','Jrada','MA-JRA',153),(15552,'MA','MAR','Khemisset','MA-KHE',153),(15556,'MA','MAR','Taroudant','MA-TAR',153),(15557,'MA','MAR','Zagora','MA-ZAG',153),(15558,'MA','MAR','Beni Mellal','MA-BEM',153),(15559,'MA','MAR','Chefchaouen','MA-CHE',153),(15560,'MA','MAR','Larache','MA-LAR',153),(15562,'MA','MAR','Taounate','MA-TAO',153),(15563,'MA','MAR','Taza','MA-TAZ',153),(15572,'MA','MAR','Ben Slimane','MA-BES',153),(15573,'MA','MAR','Khouribga','MA-KHO',153),(15574,'MA','MAR','Settat','MA-SET',153),(15575,'MA','MAR','El Jadida','MA-JDI',153),(15576,'MA','MAR','Boulemane','MA-BOM',153),(15577,'MA','MAR','Sefrou','MA-SEF',153),(15578,'MA','MAR','Kénitra','MA-KEN',153),(15580,'MA','MAR','Nouaceur','MA-NOU',153),(15582,'MA','MAR','Ouarzazate','MA-OUA',153),(15583,'MA','MAR','Azilal','MA-AZI',153),(15589,'MZ','MOZ','Inhambane','MZ-I',154),(15590,'MZ','MOZ','Manica','MZ-B',154),(15591,'MZ','MOZ','Maputo','MZ-L',154),(15592,'MZ','MOZ','Niassa','MZ-A',154),(15593,'MZ','MOZ','Tete','MZ-T',154),(15599,'MZ','MOZ','Cabo Delgado','MZ-P',154),(15602,'MZ','MOZ','Gaza','MZ-G',154),(15603,'MZ','MOZ','Maputo City','MZ-MPM',154),(15604,'MZ','MOZ','Nampula','MZ-N',154),(15605,'MZ','MOZ','Sofala','MZ-S',154),(15606,'MZ','MOZ','Zambézia','MZ-Q',154),(15607,'MM','MMR','Tanintharyi','MM-05',155),(15608,'MM','MMR','Ayeyarwady','MM-07',155),(15609,'MM','MMR','Bago','MM-02',155),(15610,'MM','MMR','Kachin','MM-11',155),(15611,'MM','MMR','Kayin','MM-13',155),(15612,'MM','MMR','Magway','MM-03',155),(15613,'MM','MMR','Mon','MM-15',155),(15614,'MM','MMR','Sagaing','MM-01',155),(15615,'MM','MMR','Shan','MM-17',155),(15616,'MM','MMR','Yangon','MM-06',155),(15617,'MM','MMR','Chin','MM-14',155),(15618,'MM','MMR','Kayah','MM-12',155),(15619,'MM','MMR','Rakhine','MM-16',155),(15620,'MM','MMR','Mandalay','MM-04',155),(15621,'NA','NAM','Oshikoto','NA-OT',156),(15622,'NA','NAM','Omaheke','NA-OH',156),(15623,'NA','NAM','Hardap','NA-HA',156),(15624,'NA','NAM','Khomas','NA-KH',156),(15625,'NA','NAM','Caprivi','NA-CA',156),(15626,'NA','NAM','Erongo','NA-ER',156),(15627,'NA','NAM','Karas','NA-KA',156),(15628,'NA','NAM','Okavango','NA-OK',156),(15629,'NA','NAM','Kunene','NA-KU',156),(15630,'NA','NAM','Ohangwena','NA-OW',156),(15631,'NA','NAM','Omusati','NA-OS',156),(15632,'NA','NAM','Oshana','NA-ON',156),(15633,'NA','NAM','Otjozondjupa','NA-OD',156),(15635,'NR','NRU','Yaren','NR-14',157),(15636,'NR','NRU','Nibok','NR-12',157),(15637,'NR','NRU','Anabar','NR-02',157),(15638,'NR','NRU','Uaboe','NR-13',157),(15639,'NR','NRU','Ijuw','NR-10',157),(15640,'NR','NRU','Buada','NR-07',157),(15641,'NR','NRU','Anibare','NR-04',157),(15642,'NR','NRU','Aiwo','NR-01',157),(15643,'NR','NRU','Anetan','NR-03',157),(15644,'NR','NRU','Boe','NR-06',157),(15645,'NR','NRU','Ewa','NR-09',157),(15646,'NR','NRU','Meneng','NR-11',157),(15647,'NR','NRU','Baiti','NR-05',157),(15648,'NR','NRU','Denigomodu','NR-08',157),(15725,'NL','NLD','Utrecht','NL-UT',159),(15726,'NL','NLD','Gelderland','NL-GE',159),(15727,'NL','NLD','Drenthe','NL-DR',159),(15728,'NL','NLD','Zeeland','NL-ZE',159),(15729,'NL','NLD','Noord-Brabant','NL-NB',159),(15730,'NL','NLD','Friesland','NL-FR',159),(15731,'NL','NLD','Flevoland','NL-FL',159),(15732,'NL','NLD','Groningen','NL-GR',159),(15733,'NL','NLD','Overijssel','NL-OV',159),(15734,'NL','NLD','Zuid-Holland','NL-ZH',159),(15735,'NL','NLD','Limburg','NL-LI',159),(15736,'NL','NLD','Noord-Holland','NL-NH',159),(15746,'NZ','NZL','Waikato','NZ-WKO',162),(15747,'NZ','NZL','Northland','NZ-NTL',162),(15748,'NZ','NZL','Auckland','NZ-AUK',162),(15749,'NZ','NZL','Gisborne District','NZ-GIS',162),(15750,'NZ','NZL','Manawatu-Wanganui','NZ-MWT',162),(15751,'NZ','NZL','Taranaki','NZ-TKI',162),(15753,'NZ','NZL','Bay of Plenty','NZ-BOP',162),(15754,'NZ','NZL','Canterbury','NZ-CAN',162),(15755,'NZ','NZL','Hawkes\'s Bay','NZ-HKB',162),(15756,'NZ','NZL','Marlborough District','NZ-MBH',162),(15757,'NZ','NZL','Nelson City','NZ-NSN',162),(15758,'NZ','NZL','Otago','NZ-OTA',162),(15759,'NZ','NZL','Southland','NZ-STL',162),(15760,'NZ','NZL','Tasman District','NZ-TAS',162),(15761,'NZ','NZL','Wellington','NZ-WGN',162),(15762,'NZ','NZL','West Coast','NZ-WTC',162),(15763,'NI','NIC','Río San Juan','NI-SJ',163),(15764,'NI','NIC','Masaya','NI-MS',163),(15765,'NI','NIC','Chontales','NI-CO',163),(15766,'NI','NIC','Carazo','NI-CA',163),(15767,'NI','NIC','Nueva Segovia','NI-NS',163),(15768,'NI','NIC','Managua','NI-MN',163),(15769,'NI','NIC','Jinotega','NI-JI',163),(15770,'NI','NIC','Chinandega','NI-CI',163),(15771,'NI','NIC','Atlántico Sur*','NI-AS',163),(15772,'NI','NIC','Boaco','NI-BO',163),(15773,'NI','NIC','Estelí','NI-ES',163),(15774,'NI','NIC','León','NI-LE',163),(15775,'NI','NIC','Matagalpa','NI-MT',163),(15776,'NI','NIC','Rivas','NI-RI',163),(15777,'NI','NIC','Granada','NI-GR',163),(15778,'NI','NIC','Madriz','NI-MD',163),(15779,'NI','NIC','Atlántico Norte*','NI-AN',163),(15782,'NE','NER','Agadez','NE-1',164),(15783,'NE','NER','Diffa','NE-2',164),(15784,'NE','NER','Dosso','NE-3',164),(15785,'NE','NER','Maradi','NE-4',164),(15786,'NE','NER','Niamey','NE-8',164),(15787,'NE','NER','Tahoua','NE-5',164),(15788,'NE','NER','Tillabéri','NE-6',164),(15789,'NE','NER','Zinder','NE-7',164),(15792,'NG','NGA','Zamfara','NG-ZA',165),(15793,'NG','NGA','Taraba','NG-TA',165),(15794,'NG','NGA','Nassarawa','NG-NA',165),(15795,'NG','NGA','Ondo','NG-ON',165),(15796,'NG','NGA','Plateau','NG-PL',165),(15797,'NG','NGA','Kogi','NG-KO',165),(15798,'NG','NGA','Imo','NG-IM',165),(15799,'NG','NGA','Delta','NG-DE',165),(15801,'NG','NGA','Abuja Federal Capital Territory','NG-FC',165),(15802,'NG','NGA','Adamawa','NG-AD',165),(15803,'NG','NGA','Akwa Ibom','NG-AK',165),(15804,'NG','NGA','Anambra','NG-AN',165),(15805,'NG','NGA','Bauchi','NG-BA',165),(15806,'NG','NGA','Borno','NG-BO',165),(15807,'NG','NGA','Ekiti','NG-EK',165),(15808,'NG','NGA','Kebbi','NG-KE',165),(15809,'NG','NGA','Kwara','NG-KW',165),(15810,'NG','NGA','Lagos','NG-LA',165),(15811,'NG','NGA','Niger','NG-NI',165),(15812,'NG','NGA','Ogun','NG-OG',165),(15813,'NG','NGA','Osun','NG-OS',165),(15814,'NG','NGA','Oyo','NG-OY',165),(15815,'NG','NGA','Rivers','NG-RI',165),(15816,'NG','NGA','Sokoto','NG-SO',165),(15817,'NG','NGA','Benue','NG-BE',165),(15818,'NG','NGA','Cross River','NG-CR',165),(15819,'NG','NGA','Ebonyi','NG-EB',165),(15820,'NG','NGA','Edo','NG-ED',165),(15821,'NG','NGA','Enugu','NG-EN',165),(15822,'NG','NGA','Gombe','NG-GO',165),(15823,'NG','NGA','Jigawa','NG-JI',165),(15824,'NG','NGA','Kaduna','NG-KD',165),(15825,'NG','NGA','Katsina','NG-KT',165),(15826,'NG','NGA','Bayelsa','NG-BY',165),(15827,'NG','NGA','Yobe','NG-YO',165),(15828,'NG','NGA','Kano','NG-KN',165),(15848,'NO','NOR','Vest-Agder','NO-10',169),(15849,'NO','NOR','Sør-Trøndelag','NO-16',169),(15850,'NO','NOR','Østfold','NO-01',169),(15851,'NO','NOR','Nord-Trøndelag','NO-17',169),(15852,'NO','NOR','Finnmark','NO-20',169),(15853,'NO','NOR','Aust-Agder','NO-09',169),(15854,'NO','NOR','Buskerud','NO-06',169),(15855,'NO','NOR','Hedmark','NO-04',169),(15856,'NO','NOR','Møre og Romsdal','NO-15',169),(15857,'NO','NOR','Nordland','NO-18',169),(15858,'NO','NOR','Oppland','NO-05',169),(15859,'NO','NOR','Oslo','NO-03',169),(15860,'NO','NOR','Rogaland','NO-11',169),(15861,'NO','NOR','Sogn og Fjordane','NO-14',169),(15862,'NO','NOR','Telemark','NO-08',169),(15863,'NO','NOR','Troms','NO-19',169),(15864,'NO','NOR','Vestfold','NO-07',169),(15866,'NO','NOR','Akershus','NO-02',169),(15867,'NO','NOR','Hordaland','NO-12',169),(15868,'OM','OMN','Az̧ Z̧āhirah','OM-ZA',170),(15870,'OM','OMN','Ash Sharqiyah','OM-SH',170),(15871,'OM','OMN','Ad Dakhiliyah','OM-DA',170),(15872,'OM','OMN','Al Wustá','OM-WU',170),(15873,'OM','OMN','Al Batinah','OM-BA',170),(15874,'OM','OMN','Musandam','OM-MU',170),(15875,'OM','OMN','Masqat','OM-MA',170),(15876,'PK','PAK','Punjab','PK-PB',171),(15877,'PK','PAK','Northern Areas','PK-NA',171),(15878,'PK','PAK','Federally Administered Tribal Areas','PK-TA',171),(15879,'PK','PAK','North-West Frontier','PK-NW',171),(15880,'PK','PAK','Sindh','PK-SD',171),(15881,'PK','PAK','Baluchistan (en)','PK-BA',171),(15882,'PK','PAK','Azad Kashmir','PK-JK',171),(15883,'PK','PAK','Islamabad','PK-IS',171),(15884,'PW','PLW','Sonsorol','PW-370',172),(15885,'PW','PLW','Ngeremlengui','PW-227',172),(15886,'PW','PLW','Hatobohei','PW-050',172),(15887,'PW','PLW','Aimeliik','PW-002',172),(15888,'PW','PLW','Melekeok','PW-212',172),(15889,'PW','PLW','Angaur','PW-010',172),(15890,'PW','PLW','Kayangel','PW-100',172),(15891,'PW','PLW','Koror','PW-150',172),(15892,'PW','PLW','Ngaraard','PW-214',172),(15893,'PW','PLW','Ngardmau','PW-222',172),(15894,'PW','PLW','Ngatpang','PW-224',172),(15895,'PW','PLW','Ngchesar','PW-226',172),(15896,'PW','PLW','Ngiwal','PW-228',172),(15897,'PW','PLW','Peleliu','PW-350',172),(15898,'PW','PLW','Airai','PW-004',172),(15899,'PW','PLW','Ngarchelong','PW-218',172),(15916,'PA','PAN','Panamá','PA-8',175),(15917,'PA','PAN','Los Santos','PA-7',175),(15919,'PA','PAN','Ngöbe-Buglé','PA-NB',175),(15920,'PA','PAN','Chiriquí','PA-4',175),(15921,'PA','PAN','Colón','PA-3',175),(15922,'PA','PAN','Darién','PA-5',175),(15923,'PA','PAN','Herrera','PA-6',175),(15926,'PA','PAN','Emberá','PA-EM',175),(15927,'PA','PAN','Veraguas','PA-9',175),(15928,'PA','PAN','Bocas del Toro','PA-1',175),(15929,'PA','PAN','Coclé','PA-2',175),(15931,'PG','PNG','Chimbu','PG-CPK',176),(15932,'PG','PNG','New Ireland','PG-NIK',176),(15933,'PG','PNG','Manus','PG-MRL',176),(15934,'PG','PNG','Enga','PG-EPW',176),(15935,'PG','PNG','Central','PG-CPM',176),(15936,'PG','PNG','Eastern Highlands','PG-EHG',176),(15937,'PG','PNG','East Sepik','PG-ESW',176),(15938,'PG','PNG','Western','PG-WPD',176),(15939,'PG','PNG','Madang','PG-MPM',176),(15940,'PG','PNG','Milne Bay','PG-MBA',176),(15941,'PG','PNG','Morobe','PG-MPL',176),(15942,'PG','PNG','North Solomons','PG-NSA',176),(15943,'PG','PNG','Sandaun [West Sepik]','PG-SAN',176),(15944,'PG','PNG','Southern Highlands','PG-SHM',176),(15945,'PG','PNG','West New Britain','PG-WBK',176),(15946,'PG','PNG','East New Britain','PG-EBR',176),(15947,'PG','PNG','Gulf','PG-GPK',176),(15948,'PG','PNG','National Capital District (Port Moresby)','PG-NCD',176),(15949,'PG','PNG','Northern','PG-NPP',176),(15950,'PG','PNG','Western Highlands','PG-WHM',176),(15951,'PY','PRY','Paraguarí','PY-9',177),(15952,'PY','PRY','Central','PY-11',177),(15953,'PY','PRY','Boquerón','PY-19',177),(15954,'PY','PRY','Asunción','PY-ASU',177),(15955,'PY','PRY','Caaguazú','PY-5',177),(15956,'PY','PRY','Canindeyú','PY-14',177),(15957,'PY','PRY','Concepción','PY-1',177),(15958,'PY','PRY','Cordillera','PY-3',177),(15959,'PY','PRY','Itapúa','PY-7',177),(15960,'PY','PRY','Ñeembucú','PY-12',177),(15961,'PY','PRY','Presidente Hayes','PY-15',177),(15962,'PY','PRY','San Pedro','PY-2',177),(15963,'PY','PRY','Alto Paraguay','PY-16',177),(15964,'PY','PRY','Alto Paraná','PY-10',177),(15965,'PY','PRY','Amambay','PY-13',177),(15966,'PY','PRY','Caazapá','PY-6',177),(15967,'PY','PRY','Guairá','PY-4',177),(15968,'PY','PRY','Misiones','PY-8',177),(15969,'PE','PER','Lima','PE-LIM',178),(15970,'PE','PER','Madre de Dios','PE-MDD',178),(15971,'PE','PER','Ica','PE-ICA',178),(15972,'PE','PER','Arequipa','PE-ARE',178),(15973,'PE','PER','Lambayeque','PE-LAM',178),(15974,'PE','PER','Loreto','PE-LOR',178),(15975,'PE','PER','Moquegua','PE-MOQ',178),(15976,'PE','PER','Piura','PE-PIU',178),(15977,'PE','PER','Puno','PE-PUN',178),(15978,'PE','PER','Tacna','PE-TAC',178),(15979,'PE','PER','Tumbes','PE-TUM',178),(15981,'PE','PER','Ancash','PE-ANC',178),(15982,'PE','PER','Amazonas','PE-AMA',178),(15983,'PE','PER','Apurímac','PE-APU',178),(15984,'PE','PER','Ayacucho','PE-AYA',178),(15985,'PE','PER','Cajamarca','PE-CAJ',178),(15986,'PE','PER','Huancavelica','PE-HUV',178),(15987,'PE','PER','Huánuco','PE-HUC',178),(15988,'PE','PER','Junín','PE-JUN',178),(15989,'PE','PER','Cusco [Cuzco]','PE-CUS',178),(15990,'PE','PER','La Libertad','PE-LAL',178),(15991,'PE','PER','Pasco','PE-PAS',178),(15992,'PE','PER','El Callao','PE-CAL',178),(15993,'PE','PER','Ucayali','PE-UCA',178),(15994,'PE','PER','San Martín','PE-SAM',178),(16144,'PH','PHL','Quirino','PH-QUI',180),(16298,'PH','PHL','Cagayan Valley (Region II)','PH-02',180),(16299,'PH','PHL','Caraga (Region XIII)','PH-13',180),(16301,'PH','PHL','Lanao del Sur','PH-LAS',180),(16302,'PH','PHL','Sulu','PH-SLU',180),(16303,'PH','PHL','Albay','PH-ALB',180),(16304,'PH','PHL','Camarines Norte','PH-CAN',180),(16305,'PH','PHL','Catanduanes','PH-CAT',180),(16306,'PH','PHL','Sorsogon','PH-SOR',180),(16307,'PH','PHL','Batanes','PH-BTN',180),(16308,'PH','PHL','Isabela','PH-ISA',180),(16310,'PH','PHL','Agusan del Norte','PH-AGN',180),(16311,'PH','PHL','Surigao del Norte','PH-SUN',180),(16312,'PH','PHL','Bataan','PH-BAN',180),(16313,'PH','PHL','Nueva Ecija','PH-NUE',180),(16314,'PH','PHL','Pampanga','PH-PAM',180),(16315,'PH','PHL','Benguet','PH-BEN',180),(16316,'PH','PHL','Ifugao','PH-IFU',180),(16317,'PH','PHL','Mountain Province','PH-MOU',180),(16318,'PH','PHL','Eastern Samar','PH-EAS',180),(16320,'PH','PHL','Western Samar','PH-WSA',180),(16321,'PH','PHL','Ilocos Norte','PH-ILN',180),(16322,'PH','PHL','La Union','PH-LUN',180),(16323,'PH','PHL','Pangasinan','PH-PAN',180),(16333,'PH','PHL','Bukidnon','PH-BUK',180),(16334,'PH','PHL','Camiguin','PH-CAM',180),(16335,'PH','PHL','Misamis Oriental','PH-MSR',180),(16336,'PH','PHL','Davao del Norte','PH-DAV',180),(16337,'PH','PHL','Davao Oriental','PH-DAO',180),(16338,'PH','PHL','South Cotabato','PH-SCO',180),(16340,'PH','PHL','Cavite','PH-CAV',180),(16341,'PH','PHL','Laguna','PH-LAG',180),(16342,'PH','PHL','Mindoro Occidental','PH-MDC',180),(16343,'PH','PHL','Palawan','PH-PLW',180),(16346,'PH','PHL','Zamboanga del Norte','PH-ZAN',180),(16347,'PH','PHL','Aklan','PH-AKL',180),(16348,'PH','PHL','Antique','PH-ANT',180),(16349,'PH','PHL','Guimaras','PH-GUI',180),(16350,'PH','PHL','Negros Occidental','PH-NEC',180),(16521,'PH','PHL','Dinagat Islands','PH-DIN',180),(16765,'PH','PHL','Leyte','PH-LEY',180),(17082,'PH','PHL','Romblon','PH-ROM',180),(17115,'PH','PHL','Aurora','PH-AUR',180),(17201,'PH','PHL','Bicol (Region V)','PH-05',180),(17202,'PH','PHL','Central Luzon (Region III)','PH-03',180),(17203,'PH','PHL','Central Visayas (Region VII)','PH-07',180),(17204,'PH','PHL','Cordillera Administrative Region (CAR)','PH-15',180),(17205,'PH','PHL','Eastern Visayas (Region VIII)','PH-08',180),(17206,'PH','PHL','Ilocos (Region I)','PH-01',180),(17207,'PH','PHL','Autonomous Region in Muslim Mindanao (ARMM)','PH-14',180),(17208,'PH','PHL','National Capital Region','PH-00',180),(17209,'PH','PHL','Northern Mindanao (Region X)','PH-10',180),(17213,'PH','PHL','Western Visayas (Region VI)','PH-06',180),(17214,'PH','PHL','Abra','PH-ABR',180),(17215,'PH','PHL','Apayao','PH-APA',180),(17216,'PH','PHL','Kalinga','PH-KAL',180),(17217,'PH','PHL','Biliran','PH-BIL',180),(17218,'PH','PHL','Northern Samar','PH-NSA',180),(17219,'PH','PHL','Southern Leyte','PH-SLE',180),(17220,'PH','PHL','Ilocos Sur','PH-ILS',180),(17229,'PH','PHL','Misamis Occidental','PH-MSC',180),(17230,'PH','PHL','Compostela Valley','PH-COM',180),(17231,'PH','PHL','Davao del Sur','PH-DAS',180),(17232,'PH','PHL','Sarangani','PH-SAR',180),(17233,'PH','PHL','Batangas','PH-BTG',180),(17234,'PH','PHL','Marinduque','PH-MAD',180),(17235,'PH','PHL','Mindoro Oriental','PH-MDR',180),(17237,'PH','PHL','Basilan','PH-BAS',180),(17238,'PH','PHL','Zamboanga del Sur','PH-ZAS',180),(17239,'PH','PHL','Capiz','PH-CAP',180),(17240,'PH','PHL','Iloilo','PH-ILI',180),(17287,'PH','PHL','Maguindanao','PH-MAG',180),(17288,'PH','PHL','Tawi-Tawi','PH-TAW',180),(17289,'PH','PHL','Camarines Sur','PH-CAS',180),(17290,'PH','PHL','Masbate','PH-MAS',180),(17291,'PH','PHL','Cagayan','PH-CAG',180),(17292,'PH','PHL','Nueva Vizcaya','PH-NUV',180),(17293,'PH','PHL','Agusan del Sur','PH-AGS',180),(17294,'PH','PHL','Surigao del Sur','PH-SUR',180),(17295,'PH','PHL','Bulacan','PH-BUL',180),(17296,'PH','PHL','Tarlac','PH-TAR',180),(17297,'PH','PHL','Zambales','PH-ZMB',180),(17298,'PH','PHL','North Cotabato','PH-NCO',180),(17300,'PH','PHL','Lanao del Norte','PH-LAN',180),(17302,'PH','PHL','Sultan Kudarat','PH-SUK',180),(17303,'PH','PHL','Bohol','PH-BOH',180),(17304,'PH','PHL','Cebu','PH-CEB',180),(17305,'PH','PHL','Negros Oriental','PH-NER',180),(17306,'PH','PHL','Siquijor','PH-SIG',180),(17583,'PH','PHL','Rizal','PH-RIZ',180),(17595,'PH','PHL','Quezon','PH-QUE',180),(17672,'PH','PHL','Zamboanga Sibuguey [Zamboanga Sibugay]','PH-ZSI',180),(17730,'PL','POL','Zachodniopomorskie','PL-ZP',183),(17731,'PL','POL','Dolnoslaskie','PL-DS',183),(17732,'PL','POL','Kujawsko-pomorskie','PL-KP',183),(17733,'PL','POL','Lubelskie','PL-LU',183),(17734,'PL','POL','Lódzkie','PL-LD',183),(17735,'PL','POL','Mazowieckie','PL-MZ',183),(17736,'PL','POL','Podkarpackie','PL-PK',183),(17737,'PL','POL','Pomorskie','PL-PM',183),(17738,'PL','POL','Swietokrzyskie','PL-SK',183),(17739,'PL','POL','Wielkopolskie','PL-WP',183),(17740,'PL','POL','Lubuskie','PL-LB',183),(17741,'PL','POL','Warminsko-mazurskie','PL-WN',183),(17742,'PL','POL','Podlaskie','PL-PD',183),(17743,'PL','POL','Opolskie','PL-OP',183),(17744,'PL','POL','Malopolskie','PL-MA',183),(17745,'PL','POL','Slaskie','PL-SL',183),(17748,'PT','PRT','Região Autónoma dos Açores','PT-20',184),(17751,'PT','PRT','Região Autónoma da Madeira','PT-30',184),(17762,'QA','QAT','Umm Salal','QA-US',186),(17763,'QA','QAT','Al Wakrah','QA-WA',186),(17764,'QA','QAT','Al Jumayliyah','QA-JU',186),(17765,'QA','QAT','Al Khawr','QA-KH',186),(17766,'QA','QAT','Madinat ash Shamal','QA-MS',186),(17767,'QA','QAT','Umm Sa\'id','QA-X1~',186),(17768,'QA','QAT','Jariyan al Batnah','QA-JB',186),(17769,'QA','QAT','Ad Dawhah','QA-DA',186),(17770,'QA','QAT','Al Ghuwayriyah','QA-GH',186),(17771,'QA','QAT','Ar Rayyan','QA-RA',186),(17781,'RO','ROU','Vrancea','RO-VN',189),(17782,'RO','ROU','Ialomita','RO-IL',189),(17783,'RO','ROU','Brasov','RO-BV',189),(17784,'RO','ROU','Buzau','RO-BZ',189),(17785,'RO','ROU','Caras-Severin','RO-CS',189),(17786,'RO','ROU','Constanta','RO-CT',189),(17787,'RO','ROU','Dâmbovita','RO-DB',189),(17788,'RO','ROU','Dolj','RO-DJ',189),(17789,'RO','ROU','Giurgiu','RO-GR',189),(17790,'RO','ROU','Gorj','RO-GJ',189),(17791,'RO','ROU','Hunedoara','RO-HD',189),(17792,'RO','ROU','Iasi','RO-IS',189),(17793,'RO','ROU','Maramures','RO-MM',189),(17794,'RO','ROU','Alba','RO-AB',189),(17795,'RO','ROU','Arad','RO-AR',189),(17796,'RO','ROU','Arges','RO-AG',189),(17797,'RO','ROU','Bacau','RO-BC',189),(17798,'RO','ROU','Bihor','RO-BH',189),(17799,'RO','ROU','Bistrita-Nasaud','RO-BN',189),(17800,'RO','ROU','Botosani','RO-BT',189),(17801,'RO','ROU','Braila','RO-BR',189),(17802,'RO','ROU','Bucuresti','RO-B',189),(17803,'RO','ROU','Calarasi','RO-CL',189),(17804,'RO','ROU','Cluj','RO-CJ',189),(17805,'RO','ROU','Covasna','RO-CV',189),(17806,'RO','ROU','Galati','RO-GL',189),(17807,'RO','ROU','Harghita','RO-HR',189),(17808,'RO','ROU','Mehedinti','RO-MH',189),(17809,'RO','ROU','Neamt','RO-NT',189),(17810,'RO','ROU','Prahova','RO-PH',189),(17811,'RO','ROU','Salaj','RO-SJ',189),(17812,'RO','ROU','Sibiu','RO-SB',189),(17813,'RO','ROU','Suceava','RO-SV',189),(17814,'RO','ROU','Timis','RO-TM',189),(17815,'RO','ROU','Tulcea','RO-TL',189),(17816,'RO','ROU','Vaslui','RO-VS',189),(17817,'RO','ROU','Ilfov','RO-IF',189),(17818,'RO','ROU','Vâlcea','RO-VL',189),(17819,'RO','ROU','Satu Mare','RO-SM',189),(17820,'RO','ROU','Olt','RO-OT',189),(17821,'RO','ROU','Mures','RO-MS',189),(17822,'RO','ROU','Teleorman','RO-TR',189),(17823,'RU','RUS','Vologodskaya oblast\'','RU-VLG',190),(17824,'RU','RUS','Tatarstan, Respublika','RU-TA',190),(17825,'RU','RUS','Primorskiy kray','RU-PRI',190),(17826,'RU','RUS','Ryazanskaya oblast\'','RU-RYA',190),(17827,'RU','RUS','Sakha, Respublika [Yakutiya]','RU-SA',190),(17828,'RU','RUS','Sakhalinskaya oblast\'','RU-SAK',190),(17829,'RU','RUS','Sankt-Peterburg','RU-SPE',190),(17830,'RU','RUS','Smolenskaya oblast\'','RU-SMO',190),(17831,'RU','RUS','Stavropol\'skiy kray','RU-STA',190),(17832,'RU','RUS','Sverdlovskaya oblast\'','RU-SVE',190),(17833,'RU','RUS','Tambovskaya oblast\'','RU-TAM',190),(17834,'RU','RUS','Mariy El, Respublika','RU-ME',190),(17835,'RU','RUS','Moskva','RU-MOW',190),(17836,'RU','RUS','Moskovskaya oblast\'','RU-MOS',190),(17837,'RU','RUS','Nenetskiy avtonomnyy okrug','RU-NEN',190),(17838,'RU','RUS','Nizhegorodskaya oblast\'','RU-NIZ',190),(17839,'RU','RUS','Novosibirskaya oblast\'','RU-NVS',190),(17840,'RU','RUS','Orenburgskaya oblast\'','RU-ORE',190),(17841,'RU','RUS','Orlovskaya oblast\'','RU-ORL',190),(17842,'RU','RUS','Perm','RU-PER',190),(17843,'RU','RUS','Kemerovskaya oblast\'','RU-KEM',190),(17844,'RU','RUS','Kirovskaya oblast\'','RU-KIR',190),(17845,'RU','RUS','Komi, Respublika','RU-KO',190),(17846,'RU','RUS','Komi-Permyak','RU-X1~',190),(17847,'RU','RUS','Kostromskaya oblast\'','RU-KOS',190),(17848,'RU','RUS','Krasnoyarskiy kray','RU-KYA',190),(17849,'RU','RUS','Kurganskaya oblast\'','RU-KGN',190),(17850,'RU','RUS','Leningradskaya oblast\'','RU-LEN',190),(17851,'RU','RUS','Magadanskaya oblast\'','RU-MAG',190),(17852,'RU','RUS','Severnaya Osetiya, Respublika [Alaniya] [Respublika Severnaya Osetiya-Alaniya]','RU-SE',190),(17853,'RU','RUS','Arkhangel\'skaya oblast\'','RU-ARK',190),(17854,'RU','RUS','Belgorodskaya oblast\'','RU-BEL',190),(17855,'RU','RUS','Chechenskaya Respublika','RU-CE',190),(17856,'RU','RUS','Chuvashskaya Respublika','RU-CU',190),(17857,'RU','RUS','Altay, Respublika','RU-AL',190),(17858,'RU','RUS','Khanty-Mansiyskiy avtonomnyy okrug [Yugra]','RU-KHM',190),(17859,'RU','RUS','Ivanovskaya oblast\'','RU-IVA',190),(17861,'RU','RUS','Krasnodarskiy kray','RU-KDA',190),(17862,'RU','RUS','Kurskaya oblast\'','RU-KRS',190),(17863,'RU','RUS','Lipetskaya oblast\'','RU-LIP',190),(17864,'RU','RUS','Mordoviya, Respublika','RU-MO',190),(17865,'RU','RUS','Murmanskaya oblast\'','RU-MUR',190),(17866,'RU','RUS','Novgorodskaya oblast\'','RU-NGR',190),(17867,'RU','RUS','Omskaya oblast\'','RU-OMS',190),(17868,'RU','RUS','Penzenskaya oblast\'','RU-PNZ',190),(17869,'RU','RUS','Pskovskaya oblast\'','RU-PSK',190),(17870,'RU','RUS','Rostovskaya oblast\'','RU-ROS',190),(17871,'RU','RUS','Samarskaya oblast\'','RU-SAM',190),(17872,'RU','RUS','Saratovskaya oblast\'','RU-SAR',190),(17874,'RU','RUS','Tyumenskaya oblast\'','RU-TYU',190),(17875,'RU','RUS','Tul\'skaya oblast\'','RU-TUL',190),(17876,'RU','RUS','Udmurtskaya Respublika','RU-UD',190),(17877,'RU','RUS','Vladimirskaya oblast\'','RU-VLA',190),(17878,'RU','RUS','Voronezhskaya oblast\'','RU-VOR',190),(17879,'RU','RUS','Adygeya, Respublika','RU-AD',190),(17881,'RU','RUS','Altayskiy kray','RU-ALT',190),(17882,'RU','RUS','Amurskaya oblast\'','RU-AMU',190),(17883,'RU','RUS','Astrakhanskaya oblast\'','RU-AST',190),(17884,'RU','RUS','Bashkortostan, Respublika','RU-BA',190),(17885,'RU','RUS','Bryanskaya oblast\'','RU-BRY',190),(17886,'RU','RUS','Buryatiya, Respublika','RU-BU',190),(17887,'RU','RUS','Chelyabinskaya oblast\'','RU-CHE',190),(17889,'RU','RUS','Chukotskiy avtonomnyy okrug','RU-CHU',190),(17890,'RU','RUS','Dagestan, Respublika','RU-DA',190),(17892,'RU','RUS','Khabarovskiy kray','RU-KHA',190),(17893,'RU','RUS','Khakasiya, Respublika','RU-KK',190),(17894,'RU','RUS','Ingushskaya Respublika [Respublika Ingushetiya]','RU-IN',190),(17895,'RU','RUS','Irkutskaya oblast\'','RU-IRK',190),(17896,'RU','RUS','Yamalo-Nenetskiy avtonomnyy okrug','RU-YAN',190),(17897,'RU','RUS','Yaroslavskaya oblast\'','RU-YAR',190),(17898,'RU','RUS','Yevreyskaya avtonomnaya oblast\'','RU-YEV',190),(17899,'RU','RUS','Kabardino-Balkarskaya Respublika','RU-KB',190),(17900,'RU','RUS','Kaliningradskaya oblast\'','RU-KGD',190),(17901,'RU','RUS','Kalmykiya, Respublika','RU-KL',190),(17902,'RU','RUS','Kaluzhskaya oblast\'','RU-KLU',190),(17903,'RU','RUS','Kamchatskaya oblast\'','RU-KAM',190),(17904,'RU','RUS','Karachayevo-Cherkesskaya Respublika','RU-KC',190),(17905,'RU','RUS','Kareliya, Respublika','RU-KR',190),(17906,'RU','RUS','Tomskaya oblast\'','RU-TOM',190),(17907,'RU','RUS','Volgogradskaya oblast\'','RU-VGG',190),(17908,'RU','RUS','Ul\'yanovskaya oblast\'','RU-ULY',190),(17909,'RU','RUS','Tyva, Respublika [Tuva]','RU-TY',190),(17910,'RU','RUS','Tverskaya oblast\'','RU-TVE',190),(17912,'RW','RWA','Sud','RW-05',191),(17923,'RW','RWA','Ville de Kigali','RW-01',191),(17925,'SH','SHN','Tristan da Cunha','SH-TA',192),(17926,'SH','SHN','Ascension','SH-AC',192),(17930,'SH','SHN','Saint Helena','SH-SH',192),(17931,'KN','KNA','Trinity Palmetto Point','KN-15',193),(17932,'KN','KNA','Saint John Capisterre','KN-06',193),(17933,'KN','KNA','Christ Church Nichola Town','KN-01',193),(17934,'KN','KNA','Saint George Basseterre','KN-03',193),(17935,'KN','KNA','Saint James Windward','KN-05',193),(17936,'KN','KNA','Saint John Figtree','KN-07',193),(17937,'KN','KNA','Saint Paul Capisterre','KN-09',193),(17938,'KN','KNA','Saint Peter Basseterre','KN-11',193),(17939,'KN','KNA','Saint Thomas Middle Island','KN-13',193),(17940,'KN','KNA','Saint Anne Sandy Point','KN-02',193),(17941,'KN','KNA','Saint George Gingerland','KN-04',193),(17942,'KN','KNA','Saint Mary Cayon','KN-08',193),(17943,'KN','KNA','Saint Thomas Lowland','KN-12',193),(17944,'KN','KNA','Saint Paul Charlestown','KN-10',193),(17957,'VC','VCT','Saint George','VC-04',195),(17958,'VC','VCT','Grenadines','VC-06',195),(17959,'VC','VCT','Saint David','VC-03',195),(17960,'VC','VCT','Saint Patrick','VC-05',195),(17962,'VC','VCT','Saint Andrew','VC-02',195),(17963,'VC','VCT','Charlotte','VC-01',195),(17968,'SM','SMR','Serravalle','SM-09',197),(17969,'SM','SMR','Fiorentino','SM-05',197),(17970,'SM','SMR','Domagnano','SM-03',197),(17971,'SM','SMR','Borgo Maggiore','SM-06',197),(17972,'SM','SMR','Acquaviva','SM-01',197),(17973,'SM','SMR','Chiesanuova','SM-02',197),(17974,'SM','SMR','Faetano','SM-04',197),(17975,'SM','SMR','Montegiardino','SM-08',197),(17976,'SM','SMR','San Marino','SM-07',197),(17977,'SA','SAU','Tabuk','SA-07',199),(17978,'SA','SAU','Ar Riya?','SA-01',199),(17979,'SA','SAU','Al Madinah','SA-03',199),(17980,'SA','SAU','Al Ba?ah','SA-11',199),(17981,'SA','SAU','?a\'il','SA-06',199),(17982,'SA','SAU','Al Jawf','SA-12',199),(17983,'SA','SAU','Najran','SA-10',199),(17984,'SA','SAU','?Asir','SA-14',199),(17985,'SA','SAU','Al ?udud ash Shamaliyah','SA-08',199),(17986,'SA','SAU','Jizan','SA-09',199),(17987,'SA','SAU','Makkah','SA-02',199),(17988,'SA','SAU','Al Qasim','SA-05',199),(17989,'SA','SAU','Ash Sharqiyah','SA-04',199),(17990,'SN','SEN','Ziguinchor','SN-ZG',200),(17991,'SN','SEN','Diourbel','SN-DB',200),(17992,'SN','SEN','Saint-Louis','SN-SL',200),(17993,'SN','SEN','Kolda','SN-KD',200),(17994,'SN','SEN','Matam','SN-MT',200),(17995,'SN','SEN','Thiès','SN-TH',200),(17996,'SN','SEN','Louga','SN-LG',200),(17997,'SN','SEN','Fatick','SN-FK',200),(17998,'SN','SEN','Dakar','SN-DK',200),(17999,'SN','SEN','Kaolack','SN-KL',200),(18000,'SN','SEN','Tambacounda','SN-TC',200),(18004,'RS','SRB','Kosovski okrug','RS-25',201),(18005,'SC','SYC','Takamaka','SC-23',202),(18006,'SC','SYC','Baie Lazare','SC-06',202),(18007,'SC','SYC','Grand Anse Praslin','SC-14',202),(18009,'SC','SYC','Mont Buxton','SC-17',202),(18011,'SC','SYC','Pointe La Rue','SC-20',202),(18012,'SC','SYC','Port Glaud','SC-21',202),(18013,'SC','SYC','Saint Louis','SC-22',202),(18014,'SC','SYC','Anse aux Pins','SC-01',202),(18015,'SC','SYC','Anse Royale','SC-05',202),(18017,'SC','SYC','Anse Boileau','SC-02',202),(18018,'SC','SYC','Anse Étoile','SC-03',202),(18019,'SC','SYC','Au Cap','SC-04',202),(18020,'SC','SYC','Baie Sainte Anne','SC-07',202),(18021,'SC','SYC','Beau Vallon','SC-08',202),(18022,'SC','SYC','Bel Ombre','SC-10',202),(18023,'SC','SYC','English River','SC-16',202),(18024,'SC','SYC','Glacis','SC-12',202),(18025,'SC','SYC','Bel Air','SC-09',202),(18026,'SC','SYC','Plaisance','SC-19',202),(18027,'SC','SYC','La Digue','SC-15',202),(18028,'SC','SYC','Grand Anse Mahe','SC-13',202),(18029,'SC','SYC','Cascade','SC-11',202),(18030,'SC','SYC','Mont Fleuri','SC-18',202),(18033,'SL','SLE','Northern','SL-N',203),(18034,'SL','SLE','Western Area (Freetown)','SL-W',203),(18044,'SL','SLE','Eastern','SL-E',203),(18045,'SL','SLE','Southern','SL-S',203),(18052,'SK','SVK','Trenciansky kraj','SK-TC',206),(18053,'SK','SVK','Bratislavský kraj','SK-BL',206),(18054,'SK','SVK','Nitriansky kraj','SK-NI',206),(18055,'SK','SVK','Prešovský kraj','SK-PV',206),(18056,'SK','SVK','Trnavský kraj','SK-TA',206),(18057,'SK','SVK','Žilinský kraj','SK-ZI',206),(18059,'SK','SVK','Košický kraj','SK-KI',206),(18060,'SK','SVK','Banskobystrický kraj','SK-BC',206),(18073,'SB','SLB','Temotu','SB-TE',208),(18074,'SB','SLB','Central','SB-CE',208),(18075,'SB','SLB','Choiseul','SB-CH',208),(18076,'SB','SLB','Guadalcanal','SB-GU',208),(18077,'SB','SLB','Western','SB-WE',208),(18078,'SB','SLB','Rennell and Bellona','SB-RB',208),(18079,'SB','SLB','Capital Territory (Honiara)','SB-CT',208),(18080,'SB','SLB','Makira','SB-MK',208),(18081,'SB','SLB','Isabel','SB-IS',208),(18082,'SB','SLB','Malaita','SB-ML',208),(18083,'SO','SOM','Sool','SO-SO',209),(18084,'SO','SOM','Galguduud','SO-GA',209),(18085,'SO','SOM','Gedo','SO-GE',209),(18086,'SO','SOM','Jubbada Dhexe','SO-JD',209),(18087,'SO','SOM','Jubbada Hoose','SO-JH',209),(18088,'SO','SOM','Nugaal','SO-NU',209),(18089,'SO','SOM','Shabeellaha Hoose','SO-SH',209),(18090,'SO','SOM','Sanaag','SO-SA',209),(18091,'SO','SOM','Togdheer','SO-TO',209),(18092,'SO','SOM','Woqooyi Galbeed','SO-WO',209),(18093,'SO','SOM','Awdal','SO-AW',209),(18094,'SO','SOM','Bakool','SO-BK',209),(18095,'SO','SOM','Bari','SO-BR',209),(18096,'SO','SOM','Mudug','SO-MU',209),(18097,'SO','SOM','Bay','SO-BY',209),(18098,'SO','SOM','Banaadir','SO-BN',209),(18099,'SO','SOM','Hiiraan','SO-HI',209),(18100,'SO','SOM','Shabeellaha Dhexe','SO-SD',209),(18101,'ZA','ZAF','North-West','ZA-NW',210),(18102,'ZA','ZAF','Mpumalanga','ZA-MP',210),(18103,'ZA','ZAF','Eastern Cape','ZA-EC',210),(18104,'ZA','ZAF','Free State','ZA-FS',210),(18105,'ZA','ZAF','Kwazulu-Natal','ZA-NL',210),(18106,'ZA','ZAF','Limpopo','ZA-LP',210),(18107,'ZA','ZAF','Northern Cape','ZA-NC',210),(18108,'ZA','ZAF','Western Cape','ZA-WC',210),(18109,'ZA','ZAF','Gauteng','ZA-GT',210),(18110,'ES','ESP','Zaragoza','ES-Z',212),(18111,'ES','ESP','Valencia','ES-V',212),(18112,'ES','ESP','Tarragona','ES-T',212),(18113,'ES','ESP','Vizcaya','ES-BI',212),(18114,'ES','ESP','Zamora','ES-ZA',212),(18115,'ES','ESP','Segovia','ES-SG',212),(18116,'ES','ESP','Ourense','ES-OR',212),(18117,'ES','ESP','Soria','ES-SO',212),(18118,'ES','ESP','Teruel','ES-TE',212),(18119,'ES','ESP','Toledo','ES-TO',212),(18120,'ES','ESP','Valladolid','ES-VA',212),(18121,'ES','ESP','Álava','ES-VI',212),(18122,'ES','ESP','Asturias','ES-O',212),(18123,'ES','ESP','Baleares','ES-PM',212),(18124,'ES','ESP','Burgos','ES-BU',212),(18125,'ES','ESP','Cantabria','ES-S',212),(18126,'ES','ESP','Ciudad Real','ES-CR',212),(18127,'ES','ESP','Córdoba','ES-CO',212),(18128,'ES','ESP','Girona','ES-GI',212),(18129,'ES','ESP','Granada','ES-GR',212),(18130,'ES','ESP','Guipúzcoa','ES-SS',212),(18131,'ES','ESP','Huesca','ES-HU',212),(18132,'ES','ESP','Jaén','ES-J',212),(18133,'ES','ESP','Las Palmas','ES-GC',212),(18134,'ES','ESP','Lleida','ES-L',212),(18135,'ES','ESP','A Coruña','ES-C',212),(18136,'ES','ESP','Alicante','ES-A',212),(18137,'ES','ESP','Albacete','ES-AB',212),(18138,'ES','ESP','Almería','ES-AL',212),(18139,'ES','ESP','Ávila','ES-AV',212),(18140,'ES','ESP','Badajoz','ES-BA',212),(18141,'ES','ESP','Barcelona','ES-B',212),(18142,'ES','ESP','Cáceres','ES-CC',212),(18143,'ES','ESP','Cádiz','ES-CA',212),(18144,'ES','ESP','Castellón','ES-CS',212),(18145,'ES','ESP','Lugo','ES-LU',212),(18146,'ES','ESP','Málaga','ES-MA',212),(18148,'ES','ESP','Navarra','ES-NA',212),(18149,'ES','ESP','Palencia','ES-P',212),(18150,'ES','ESP','Pontevedra','ES-PO',212),(18151,'ES','ESP','Santa Cruz de Tenerife','ES-TF',212),(18152,'ES','ESP','Sevilla','ES-SE',212),(18154,'ES','ESP','Cuenca','ES-CU',212),(18155,'ES','ESP','Guadalajara','ES-GU',212),(18156,'ES','ESP','Huelva','ES-H',212),(18157,'ES','ESP','La Rioja','ES-LO',212),(18158,'ES','ESP','León','ES-LE',212),(18159,'ES','ESP','Madrid','ES-M',212),(18160,'ES','ESP','Murcia','ES-MU',212),(18161,'ES','ESP','Salamanca','ES-SA',212),(18162,'LK','LKA','Vavuniyāva','LK-44',213),(18163,'LK','LKA','Mulativ','LK-45',213),(18164,'LK','LKA','Mātara','LK-32',213),(18165,'LK','LKA','Pŏḷŏnnaruva','LK-72',213),(18166,'LK','LKA','Ratnapura','LK-91',213),(18167,'LK','LKA','Mahanuvara','LK-21',213),(18168,'LK','LKA','Kilinŏchchi','LK-42',213),(18169,'LK','LKA','Mātale','LK-22',213),(18170,'LK','LKA','Mŏṇarāgala','LK-82',213),(18171,'LK','LKA','Nuvara Ĕliya','LK-23',213),(18172,'LK','LKA','Puttalama','LK-62',213),(18173,'LK','LKA','Trikuṇāmalaya','LK-53',213),(18174,'LK','LKA','Yāpanaya','LK-41',213),(18175,'LK','LKA','Anurādhapura','LK-71',213),(18176,'LK','LKA','Gampaha','LK-12',213),(18177,'LK','LKA','Kalutara','LK-13',213),(18178,'LK','LKA','Ampāra','LK-52',213),(18179,'LK','LKA','Badulla','LK-81',213),(18180,'LK','LKA','Gālla','LK-31',213),(18181,'LK','LKA','Hambantŏṭa','LK-33',213),(18182,'LK','LKA','Kegalla','LK-92',213),(18183,'LK','LKA','Kŏḷamba','LK-11',213),(18184,'LK','LKA','Madakalapuva','LK-51',213),(18185,'LK','LKA','Mannārama','LK-43',213),(18186,'LK','LKA','Kuruṇægala','LK-61',213),(18187,'SD','SDN','Al Wa?dah','SD-22',214),(18188,'SD','SDN','Shamal Ba?r al Ghazal','SD-15',214),(18189,'SD','SDN','Al Qa?arif','SD-06',214),(18190,'SD','SDN','Ash Shamaliyah','SD-01',214),(18191,'SD','SDN','Sharq al Istiwa\'iyah','SD-19',214),(18192,'SD','SDN','An Nil al Abya?','SD-08',214),(18193,'SD','SDN','Al Jazirah','SD-07',214),(18194,'SD','SDN','A?ali an Nil','SD-23',214),(18195,'SD','SDN','Ba?r al Jabal','SD-17',214),(18196,'SD','SDN','Gharb Ba?r al Ghazal','SD-14',214),(18197,'SD','SDN','Al Khartum','SD-03',214),(18198,'SD','SDN','Janub Kurdufan','SD-13',214),(18199,'SD','SDN','Junqali','SD-20',214),(18200,'SD','SDN','An Nil','SD-04',214),(18201,'SD','SDN','An Nil al Azraq','SD-24',214),(18202,'SD','SDN','Shamal Darfur','SD-02',214),(18203,'SD','SDN','Shamal Kurdufan','SD-09',214),(18204,'SD','SDN','Sinnar','SD-25',214),(18205,'SD','SDN','Warab','SD-21',214),(18206,'SD','SDN','Al Ba?r al A?mar','SD-26',214),(18207,'SD','SDN','Al Bu?ayrat','SD-18',214),(18208,'SD','SDN','Gharb al Istiwa\'iyah','SD-16',214),(18209,'SD','SDN','Gharb Darfur','SD-12',214),(18210,'SD','SDN','Gharb Kurdufan','SD-10',214),(18211,'SD','SDN','Janub Darfur','SD-11',214),(18212,'SD','SDN','Kassala','SD-05',214),(18213,'SR','SUR','Sipaliwini','SR-SI',215),(18214,'SR','SUR','Commewijne','SR-CM',215),(18215,'SR','SUR','Coronie','SR-CR',215),(18216,'SR','SUR','Nickerie','SR-NI',215),(18217,'SR','SUR','Paramaribo','SR-PM',215),(18218,'SR','SUR','Saramacca','SR-SA',215),(18219,'SR','SUR','Wanica','SR-WA',215),(18220,'SR','SUR','Brokopondo','SR-BR',215),(18221,'SR','SUR','Marowijne','SR-MA',215),(18222,'SR','SUR','Para','SR-PR',215),(18225,'SZ','SWZ','Manzini','SZ-MA',217),(18226,'SZ','SWZ','Hhohho','SZ-HH',217),(18227,'SZ','SWZ','Shiselweni','SZ-SH',217),(18228,'SZ','SWZ','Lubombo','SZ-LU',217),(18230,'SE','SWE','Östergötlands län [SE-05]','SE-E',218),(18231,'SE','SWE','Södermanlands län [SE-04]','SE-D',218),(18232,'SE','SWE','Uppsala län [SE-03]','SE-C',218),(18233,'SE','SWE','Värmlands län [SE-17]','SE-S',218),(18234,'SE','SWE','Västernorrlands län [SE-22]','SE-Y',218),(18235,'SE','SWE','Västra Götalands län [SE-14]','SE-O',218),(18240,'SE','SWE','Blekinge län [SE-10]','SE-K',218),(18241,'SE','SWE','Gävleborgs län [SE-21]','SE-X',218),(18242,'SE','SWE','Hallands län [SE-13]','SE-N',218),(18243,'SE','SWE','Jämtlands län [SE-23]','SE-Z',218),(18244,'SE','SWE','Kalmar län [SE-08]','SE-H',218),(18245,'SE','SWE','Kronobergs län [SE-07]','SE-G',218),(18246,'SE','SWE','Örebro län [SE-18]','SE-T',218),(18247,'SE','SWE','Skåne län [SE-12]','SE-M',218),(18248,'SE','SWE','Dalarnas län [SE-20]','SE-W',218),(18249,'SE','SWE','Gotlands län [SE-09]','SE-I',218),(18250,'SE','SWE','Jönköpings län [SE-06]','SE-F',218),(18251,'SE','SWE','Norrbottens län [SE-25]','SE-BD',218),(18252,'SE','SWE','Stockholms län [SE-01]','SE-AB',218),(18253,'SE','SWE','Västmanlands län [SE-19]','SE-U',218),(18254,'SE','SWE','Västerbottens län [SE-24]','SE-AC',218),(18255,'CH','CHE','Vaud (fr)','CH-VD',219),(18256,'CH','CHE','Zürich (de)','CH-ZH',219),(18257,'CH','CHE','Aargau (de)','CH-AG',219),(18258,'CH','CHE','Appenzell Innerrhoden (de)','CH-AI',219),(18259,'CH','CHE','Basel-Stadt (de)','CH-BS',219),(18260,'CH','CHE','Fribourg (fr)','CH-FR',219),(18261,'CH','CHE','Glarus (de)','CH-GL',219),(18262,'CH','CHE','Jura (fr)','CH-JU',219),(18263,'CH','CHE','Neuchâtel (fr)','CH-NE',219),(18264,'CH','CHE','Obwalden (de)','CH-OW',219),(18265,'CH','CHE','Graubünden (de)','CH-GR',219),(18266,'CH','CHE','Luzern (de)','CH-LU',219),(18267,'CH','CHE','Nidwalden (de)','CH-NW',219),(18268,'CH','CHE','Sankt Gallen (de)','CH-SG',219),(18269,'CH','CHE','Schwyz (de)','CH-SZ',219),(18270,'CH','CHE','Solothurn (de)','CH-SO',219),(18271,'CH','CHE','Ticino (it)','CH-TI',219),(18272,'CH','CHE','Valais (fr)','CH-VS',219),(18273,'CH','CHE','Zug (de)','CH-ZG',219),(18274,'CH','CHE','Appenzell Ausserrhoden (de)','CH-AR',219),(18275,'CH','CHE','Basel-Landschaft (de)','CH-BL',219),(18276,'CH','CHE','Bern (de)','CH-BE',219),(18277,'CH','CHE','Genève (fr)','CH-GE',219),(18278,'CH','CHE','Uri (de)','CH-UR',219),(18279,'CH','CHE','Schaffhausen (de)','CH-SH',219),(18280,'CH','CHE','Thurgau (de)','CH-TG',219),(18281,'SY','SYR','Tartus','SY-TA',220),(18282,'SY','SYR','Ar Raqqah','SY-RA',220),(18283,'SY','SYR','Dimashq','SY-DI',220),(18284,'SY','SYR','?ims','SY-HI',220),(18285,'SY','SYR','?alab','SY-HL',220),(18286,'SY','SYR','Dar?a','SY-DR',220),(18287,'SY','SYR','Rif Dimashq','SY-RD',220),(18288,'SY','SYR','Al ?asakah','SY-HA',220),(18289,'SY','SYR','Al Ladhiqiyah','SY-LA',220),(18290,'SY','SYR','Al Qunaytirah','SY-QU',220),(18291,'SY','SYR','As Suwayda\'','SY-SU',220),(18292,'SY','SYR','Dayr az Zawr','SY-DY',220),(18293,'SY','SYR','?amah','SY-HM',220),(18294,'SY','SYR','Idlib','SY-ID',220),(18302,'TW','TWN','Yunlin','TW-YUN',221),(18303,'TW','TWN','Taoyuan','TW-TAO',221),(18304,'TW','TWN','Taitung','TW-TTT',221),(18305,'TW','TWN','Taipei','TW-TPQ',221),(18306,'TW','TWN','Tainan','TW-TNQ',221),(18307,'TW','TWN','Taichung','TW-TXQ',221),(18308,'TW','TWN','Chiayi Municipality','TW-CYI',221),(18309,'TW','TWN','Hsinchu Municipality','TW-HSZ',221),(18310,'TW','TWN','Hsinchu','TW-HSQ',221),(18311,'TW','TWN','Ilan','TW-ILA',221),(18312,'TW','TWN','Changhua','TW-CHA',221),(18313,'TW','TWN','Chiayi','TW-CYQ',221),(18314,'TW','TWN','Hualien','TW-HUA',221),(18315,'TW','TWN','Kaohsiung','TW-KHQ',221),(18316,'TW','TWN','Keelung Municipality','TW-KEE',221),(18317,'TW','TWN','Miaoli','TW-MIA',221),(18318,'TW','TWN','Pingtung','TW-PIF',221),(18319,'TW','TWN','Tainan Municipality','TW-TNN',221),(18320,'TW','TWN','Kaohsiung Special Municipality','TW-KHH',221),(18323,'TW','TWN','Nantou','TW-NAN',221),(18324,'TW','TWN','Penghu','TW-PEN',221),(18325,'TW','TWN','Taichung Municipality','TW-TXG',221),(18326,'TW','TWN','Taipei Special Municipality','TW-TPE',221),(18327,'TJ','TJK','Khatlon','TJ-KT',222),(18329,'TJ','TJK','','Tj-X1~',222),(18330,'TJ','TJK','Sughd','TJ-SU',222),(18331,'TJ','TJK','Gorno-Badakhshan','TJ-GB',222),(18333,'TZ','TZA','Kaskazini Pemba','TZ-06',223),(18334,'TZ','TZA','Tanga','TZ-25',223),(18335,'TZ','TZA','Singida','TZ-23',223),(18336,'TZ','TZA','Rukwa','TZ-20',223),(18337,'TZ','TZA','Mbeya','TZ-14',223),(18338,'TZ','TZA','Kagera','TZ-05',223),(18339,'TZ','TZA','Kigoma','TZ-08',223),(18340,'TZ','TZA','Kilimanjaro','TZ-09',223),(18341,'TZ','TZA','Manyara','TZ-26',223),(18342,'TZ','TZA','Mara','TZ-13',223),(18343,'TZ','TZA','Morogoro','TZ-16',223),(18344,'TZ','TZA','Mwanza','TZ-18',223),(18345,'TZ','TZA','Pwani','TZ-19',223),(18346,'TZ','TZA','Ruvuma','TZ-21',223),(18347,'TZ','TZA','Shinyanga','TZ-22',223),(18348,'TZ','TZA','Tabora','TZ-24',223),(18349,'TZ','TZA','Arusha','TZ-01',223),(18350,'TZ','TZA','Dar es Salaam','TZ-02',223),(18351,'TZ','TZA','Dodoma','TZ-03',223),(18352,'TZ','TZA','Iringa','TZ-04',223),(18353,'TZ','TZA','Lindi','TZ-12',223),(18354,'TZ','TZA','Mtwara','TZ-17',223),(18355,'TH','THA','Yasothon','TH-35',224),(18356,'TH','THA','Surat Thani','TH-84',224),(18357,'TH','THA','Phichit','TH-66',224),(18358,'TH','THA','Phra Nakhon Si Ayutthaya','TH-14',224),(18359,'TH','THA','Prachin Buri','TH-25',224),(18360,'TH','THA','Ratchaburi','TH-70',224),(18361,'TH','THA','Roi Et','TH-45',224),(18362,'TH','THA','Samut Prakan','TH-11',224),(18363,'TH','THA','Samut Songkhram','TH-75',224),(18364,'TH','THA','Sing Buri','TH-17',224),(18365,'TH','THA','Sukhothai','TH-64',224),(18366,'TH','THA','Loei','TH-42',224),(18367,'TH','THA','Maha Sarakham','TH-44',224),(18368,'TH','THA','Nakhon Nayok','TH-26',224),(18369,'TH','THA','Nakhon Ratchasima','TH-30',224),(18370,'TH','THA','Nakhon Si Thammarat','TH-80',224),(18371,'TH','THA','Nong Bua Lam Phu','TH-39',224),(18372,'TH','THA','Nonthaburi','TH-12',224),(18373,'TH','THA','Phangnga','TH-82',224),(18374,'TH','THA','Phayao','TH-56',224),(18375,'TH','THA','Si Sa Ket','TH-33',224),(18376,'TH','THA','Songkhla','TH-90',224),(18377,'TH','THA','Suphan Buri','TH-72',224),(18378,'TH','THA','Surin','TH-32',224),(18379,'TH','THA','Tak','TH-63',224),(18380,'TH','THA','Trat','TH-23',224),(18381,'TH','THA','Ubon Ratchathani','TH-34',224),(18382,'TH','THA','Uthai Thani','TH-61',224),(18383,'TH','THA','Yala','TH-95',224),(18384,'TH','THA','Nong Khai','TH-43',224),(18385,'TH','THA','Pathum Thani','TH-13',224),(18386,'TH','THA','Pattani','TH-94',224),(18387,'TH','THA','Phatthalung','TH-93',224),(18388,'TH','THA','Phetchabun','TH-67',224),(18389,'TH','THA','Phetchaburi','TH-76',224),(18390,'TH','THA','Phitsanulok','TH-65',224),(18391,'TH','THA','Phrae','TH-54',224),(18392,'TH','THA','Phuket','TH-83',224),(18393,'TH','THA','Chaiyaphum','TH-36',224),(18394,'TH','THA','Chanthaburi','TH-22',224),(18395,'TH','THA','Chiang Rai','TH-57',224),(18396,'TH','THA','Chumphon','TH-86',224),(18397,'TH','THA','Kamphaeng Phet','TH-62',224),(18398,'TH','THA','Kanchanaburi','TH-71',224),(18399,'TH','THA','Krabi','TH-81',224),(18400,'TH','THA','Lampang','TH-52',224),(18401,'TH','THA','Lamphun','TH-51',224),(18402,'TH','THA','Amnat Charoen','TH-37',224),(18403,'TH','THA','Ang Thong','TH-15',224),(18404,'TH','THA','Chachoengsao','TH-24',224),(18405,'TH','THA','Lop Buri','TH-16',224),(18406,'TH','THA','Mae Hong Son','TH-58',224),(18407,'TH','THA','Mukdahan','TH-49',224),(18408,'TH','THA','Nakhon Pathom','TH-73',224),(18409,'TH','THA','Nakhon Phanom','TH-48',224),(18410,'TH','THA','Nakhon Sawan','TH-60',224),(18411,'TH','THA','Nan','TH-55',224),(18412,'TH','THA','Narathiwat','TH-96',224),(18413,'TH','THA','Prachuap Khiri Khan','TH-77',224),(18414,'TH','THA','Ranong','TH-85',224),(18415,'TH','THA','Rayong','TH-21',224),(18416,'TH','THA','Sa Kaeo','TH-27',224),(18417,'TH','THA','Sakon Nakhon','TH-47',224),(18418,'TH','THA','Samut Sakhon','TH-74',224),(18419,'TH','THA','Saraburi','TH-19',224),(18420,'TH','THA','Satun','TH-91',224),(18421,'TH','THA','Buri Ram','TH-31',224),(18422,'TH','THA','Chai Nat','TH-18',224),(18423,'TH','THA','Chiang Mai','TH-50',224),(18424,'TH','THA','Chon Buri','TH-20',224),(18425,'TH','THA','Kalasin','TH-46',224),(18426,'TH','THA','Khon Kaen','TH-40',224),(18427,'TH','THA','Krung Thep Maha Nakhon [Bangkok]','TH-10',224),(18428,'TH','THA','Trang','TH-92',224),(18429,'TH','THA','Uttaradit','TH-53',224),(18430,'TH','THA','Udon Thani','TH-41',224),(18431,'TG','TGO','Savannes','TG-S',227),(18432,'TG','TGO','Kara','TG-K',227),(18433,'TG','TGO','Centre','TG-C',227),(18434,'TG','TGO','Plateaux','TG-P',227),(18435,'TG','TGO','Maritime (Région)','TG-M',227),(18439,'TO','TON','Vava\'u','TO-05',229),(18440,'TO','TON','Ha\'apai','TO-02',229),(18441,'TO','TON','Tongatapu','TO-04',229),(18442,'TO','TON','\'Eua','TO-01',229),(18443,'TO','TON','Niuas','TO-03',229),(18445,'TT','TTO','Princes Town','TT-PRT',230),(18446,'TT','TTO','Arima','TT-ARI',230),(18447,'TT','TTO','Couva-Tabaquite-Talparo','TT-CTT',230),(18448,'TT','TTO','Diego Martin','TT-DMN',230),(18449,'TT','TTO','Penal-Debe','TT-PED',230),(18450,'TT','TTO','Port of Spain','TT-POS',230),(18451,'TT','TTO','San Fernando','TT-SFO',230),(18452,'TT','TTO','San Juan-Laventille','TT-SJL',230),(18453,'TT','TTO','Siparia','TT-SIP',230),(18454,'TT','TTO','Tunapuna-Piarco','TT-TUP',230),(18455,'TT','TTO','Rio Claro-Mayaro','TT-RCM',230),(18456,'TT','TTO','Chaguanas','TT-CHA',230),(18457,'TT','TTO','Point Fortin','TT-PTF',230),(18458,'TT','TTO','Sangre Grande','TT-SGE',230),(18459,'TN','TUN','Zaghouan','TN-22',231),(18460,'TN','TUN','Tataouine','TN-83',231),(18461,'TN','TUN','Siliana','TN-34',231),(18462,'TN','TUN','Sfax','TN-61',231),(18463,'TN','TUN','L\'Ariana','TN-12',231),(18464,'TN','TUN','Ben Arous','TN-13',231),(18465,'TN','TUN','Jendouba','TN-32',231),(18466,'TN','TUN','Medenine','TN-82',231),(18467,'TN','TUN','La Manouba','TN-14',231),(18468,'TN','TUN','Nabeul','TN-21',231),(18469,'TN','TUN','Béja','TN-31',231),(18470,'TN','TUN','Bizerte','TN-23',231),(18471,'TN','TUN','Le Kef','TN-33',231),(18472,'TN','TUN','Mahdia','TN-53',231),(18473,'TN','TUN','Monastir','TN-52',231),(18474,'TN','TUN','Gabès','TN-81',231),(18475,'TN','TUN','Gafsa','TN-71',231),(18476,'TN','TUN','Kasserine','TN-42',231),(18477,'TN','TUN','Kairouan','TN-41',231),(18478,'TN','TUN','Kebili','TN-73',231),(18479,'TN','TUN','Sidi Bouzid','TN-43',231),(18480,'TN','TUN','Sousse','TN-51',231),(18481,'TN','TUN','Tozeur','TN-72',231),(18482,'TN','TUN','Tunis','TN-11',231),(18483,'TR','TUR','Zonguldak','TR-67',232),(18484,'TR','TUR','Osmaniye','TR-80',232),(18485,'TR','TUR','Mardin','TR-47',232),(18486,'TR','TUR','Kirklareli','TR-39',232),(18487,'TR','TUR','Siirt','TR-56',232),(18488,'TR','TUR','Sirnak','TR-73',232),(18489,'TR','TUR','Tekirdag','TR-59',232),(18490,'TR','TUR','Tokat','TR-60',232),(18491,'TR','TUR','Trabzon','TR-61',232),(18492,'TR','TUR','Usak','TR-64',232),(18493,'TR','TUR','Van','TR-65',232),(18494,'TR','TUR','Yozgat','TR-66',232),(18495,'TR','TUR','Diyarbakir','TR-21',232),(18496,'TR','TUR','Malatya','TR-44',232),(18497,'TR','TUR','Manisa','TR-45',232),(18498,'TR','TUR','Mugla','TR-48',232),(18499,'TR','TUR','Mus','TR-49',232),(18500,'TR','TUR','Nigde','TR-51',232),(18501,'TR','TUR','Ordu','TR-52',232),(18502,'TR','TUR','Rize','TR-53',232),(18503,'TR','TUR','Sakarya','TR-54',232),(18504,'TR','TUR','Sanliurfa','TR-63',232),(18505,'TR','TUR','Erzincan','TR-24',232),(18506,'TR','TUR','Erzurum','TR-25',232),(18507,'TR','TUR','Gaziantep','TR-27',232),(18508,'TR','TUR','Gümüshane','TR-29',232),(18509,'TR','TUR','Hakkâri','TR-30',232),(18510,'TR','TUR','Hatay','TR-31',232),(18511,'TR','TUR','Igdir','TR-76',232),(18512,'TR','TUR','Istanbul','TR-34',232),(18513,'TR','TUR','Izmir','TR-35',232),(18514,'TR','TUR','Aksaray','TR-68',232),(18515,'TR','TUR','Amasya','TR-05',232),(18516,'TR','TUR','Antalya','TR-07',232),(18517,'TR','TUR','Ardahan','TR-75',232),(18518,'TR','TUR','Aydin','TR-09',232),(18519,'TR','TUR','Balikesir','TR-10',232),(18520,'TR','TUR','Batman','TR-72',232),(18521,'TR','TUR','Bayburt','TR-69',232),(18522,'TR','TUR','Bingöl','TR-12',232),(18523,'TR','TUR','Adiyaman','TR-02',232),(18524,'TR','TUR','Afyon','TR-03',232),(18525,'TR','TUR','Bitlis','TR-13',232),(18526,'TR','TUR','Bolu','TR-14',232),(18527,'TR','TUR','Bursa','TR-16',232),(18528,'TR','TUR','Çankiri','TR-18',232),(18529,'TR','TUR','Çorum','TR-19',232),(18530,'TR','TUR','Denizli','TR-20',232),(18531,'TR','TUR','Düzce','TR-81',232),(18532,'TR','TUR','Edirne','TR-22',232),(18533,'TR','TUR','Karabük','TR-78',232),(18534,'TR','TUR','Karaman','TR-70',232),(18535,'TR','TUR','Kastamonu','TR-37',232),(18536,'TR','TUR','Kayseri','TR-38',232),(18537,'TR','TUR','Kirikkale','TR-71',232),(18538,'TR','TUR','Kirsehir','TR-40',232),(18539,'TR','TUR','Kocaeli','TR-41',232),(18540,'TR','TUR','Konya','TR-42',232),(18541,'TR','TUR','Elazig','TR-23',232),(18542,'TR','TUR','Eskisehir','TR-26',232),(18543,'TR','TUR','Giresun','TR-28',232),(18544,'TR','TUR','Içel','TR-33',232),(18545,'TR','TUR','Isparta','TR-32',232),(18546,'TR','TUR','Kahramanmaras','TR-46',232),(18547,'TR','TUR','Kars','TR-36',232),(18548,'TR','TUR','Kilis','TR-79',232),(18551,'TR','TUR','Adana','TR-01',232),(18552,'TR','TUR','Agri','TR-04',232),(18553,'TR','TUR','Ankara','TR-06',232),(18554,'TR','TUR','Artvin','TR-08',232),(18555,'TR','TUR','Bartin','TR-74',232),(18556,'TR','TUR','Bilecik','TR-11',232),(18557,'TR','TUR','Burdur','TR-15',232),(18558,'TR','TUR','Çanakkale','TR-17',232),(18559,'TR','TUR','Kütahya','TR-43',232),(18560,'TR','TUR','Nevsehir','TR-50',232),(18561,'TR','TUR','Samsun','TR-55',232),(18562,'TR','TUR','Tunceli','TR-62',232),(18563,'TR','TUR','Sivas','TR-58',232),(18564,'TR','TUR','Sinop','TR-57',232),(18565,'TR','TUR','Yalova','TR-77',232),(18566,'TM','TKM','Mary','TM-M',233),(18567,'TM','TKM','','TM-S',233),(18568,'TM','TKM','Balkan','TM-B',233),(18569,'TM','TKM','Ahal','TM-A',233),(18571,'TM','TKM','Dasoguz','TM-D',233),(18572,'TM','TKM','Lebap','TM-L',233),(18579,'TV','TUV','Nukufetau','TV-NKF',235),(18580,'TV','TUV','Nanumanga','TV-NMG',235),(18581,'TV','TUV','Nanumea','TV-NMA',235),(18582,'TV','TUV','Niutao','TV-NIT',235),(18583,'TV','TUV','Nui','TV-NIU',235),(18584,'TV','TUV','Nukulaelae','TV-NKL',235),(18585,'TV','TUV','Vaitupu','TV-VAI',235),(18586,'TV','TUV','Funafuti','TV-FUN',235),(18592,'UA','UKR','Zhytomyrs\'ka Oblast\'','UA-18',237),(18593,'UA','UKR','Vinnyts\'ka Oblast\'','UA-05',237),(18594,'UA','UKR','Cherkas\'ka Oblast\'','UA-71',237),(18595,'UA','UKR','Chernihivs\'ka Oblast\'','UA-74',237),(18596,'UA','UKR','Chernivets\'ka Oblast\'','UA-77',237),(18597,'UA','UKR','Donets\'ka Oblast\'','UA-14',237),(18598,'UA','UKR','Ivano-Frankivs\'ka Oblast\'','UA-26',237),(18599,'UA','UKR','Kharkivs\'ka Oblast\'','UA-63',237),(18600,'UA','UKR','Khersons\'ka Oblast\'','UA-65',237),(18601,'UA','UKR','Kirovohrads\'ka Oblast\'','UA-35',237),(18602,'UA','UKR','Respublika Krym','UA-43',237),(18603,'UA','UKR','Dnipropetrovs\'ka Oblast\'','UA-12',237),(18604,'UA','UKR','Khmel\'nyts\'ka Oblast\'','UA-68',237),(18605,'UA','UKR','Luhans\'ka Oblast\'','UA-09',237),(18606,'UA','UKR','Odes\'ka Oblast\'','UA-51',237),(18607,'UA','UKR','Kyïv','UA-30',237),(18608,'UA','UKR','Kyïvs\'ka Oblast\'','UA-32',237),(18609,'UA','UKR','L\'vivs\'ka Oblast\'','UA-46',237),(18610,'UA','UKR','Mykolaïvs\'ka Oblast\'','UA-48',237),(18611,'UA','UKR','Poltavs\'ka Oblast\'','UA-53',237),(18612,'UA','UKR','Rivnens\'ka Oblast\'','UA-56',237),(18613,'UA','UKR','Sevastopol\'','UA-40',237),(18614,'UA','UKR','Sums\'ka Oblast\'','UA-59',237),(18615,'UA','UKR','Ternopil\'s\'ka Oblast\'','UA-61',237),(18616,'UA','UKR','Zaporiz\'ka Oblast\'','UA-23',237),(18617,'UA','UKR','Volyns\'ka Oblast\'','UA-07',237),(18618,'UA','UKR','Zakarpats\'ka Oblast\'','UA-21',237),(18620,'AE','ARE','Ra’s al Khaymah','AE-RK',238),(18622,'AE','ARE','Abu Z¸aby [Abu Dhabi]','AE-AZ',238),(18631,'UM','UMI','Wake Island','UM-79',241),(18632,'UM','UMI','Palmyra Atoll','UM-95',241),(18633,'UM','UMI','Navassa Island','UM-76',241),(18634,'UM','UMI','Midway Islands','UM-71',241),(18635,'UM','UMI','Johnston Atoll','UM-67',241),(18636,'UM','UMI','Howland Island','UM-84',241),(18637,'UM','UMI','Baker Island','UM-81',241),(18638,'UM','UMI','Jarvis Island','UM-86',241),(18639,'UM','UMI','Kingman Reef','UM-89',241),(18640,'US','USA','West Virginia','US-WV',240),(18641,'US','USA','Virginia','US-VA',240),(18642,'US','USA','Utah','US-UT',240),(18643,'US','USA','Tennessee','US-TN',240),(18644,'US','USA','Pennsylvania','US-PA',240),(18645,'US','USA','North Carolina','US-NC',240),(18646,'US','USA','Minnesota','US-MN',240),(18647,'US','USA','Missouri','US-MO',240),(18648,'US','USA','Montana','US-MT',240),(18649,'US','USA','Nevada','US-NV',240),(18650,'US','USA','New Jersey','US-NJ',240),(18651,'US','USA','New York','US-NY',240),(18652,'US','USA','North Dakota','US-ND',240),(18653,'US','USA','Oklahoma','US-OK',240),(18654,'US','USA','Oregon','US-OR',240),(18655,'US','USA','Alabama','US-AL',240),(18656,'US','USA','Arizona','US-AZ',240),(18657,'US','USA','California','US-CA',240),(18658,'US','USA','Connecticut','US-CT',240),(18659,'US','USA','District of Columbia','US-DC',240),(18660,'US','USA','Georgia','US-GA',240),(18661,'US','USA','Idaho','US-ID',240),(18662,'US','USA','Indiana','US-IN',240),(18663,'US','USA','Iowa','US-IA',240),(18664,'US','USA','Kentucky','US-KY',240),(18665,'US','USA','Maine','US-ME',240),(18666,'US','USA','Massachusetts','US-MA',240),(18667,'US','USA','Rhode Island','US-RI',240),(18668,'US','USA','South Dakota','US-SD',240),(18669,'US','USA','Texas','US-TX',240),(18670,'US','USA','Vermont','US-VT',240),(18671,'US','USA','Washington','US-WA',240),(18672,'US','USA','Wisconsin','US-WI',240),(18673,'US','USA','Wyoming','US-WY',240),(18674,'US','USA','Illinois','US-IL',240),(18675,'US','USA','Kansas','US-KS',240),(18676,'US','USA','Louisiana','US-LA',240),(18677,'US','USA','Maryland','US-MD',240),(18678,'US','USA','Michigan','US-MI',240),(18679,'US','USA','Mississippi','US-MS',240),(18680,'US','USA','Nebraska','US-NE',240),(18681,'US','USA','New Hampshire','US-NH',240),(18682,'US','USA','New Mexico','US-NM',240),(18683,'US','USA','Alaska','US-AK',240),(18684,'US','USA','Arkansas','US-AR',240),(18685,'US','USA','Colorado','US-CO',240),(18686,'US','USA','Delaware','US-DE',240),(18687,'US','USA','Florida','US-FL',240),(18688,'US','USA','Hawaii','US-HI',240),(18689,'US','USA','Ohio','US-OH',240),(18690,'US','USA','South Carolina','US-SC',240),(18691,'UY','URY','Tacuarembó','UY-TA',242),(18692,'UY','URY','San José','UY-SJ',242),(18693,'UY','URY','Rivera','UY-RV',242),(18694,'UY','URY','Paysandú','UY-PA',242),(18695,'UY','URY','Flores','UY-FS',242),(18696,'UY','URY','Artigas','UY-AR',242),(18697,'UY','URY','','UY-X1~',242),(18698,'UY','URY','','UY-X3~',242),(18699,'UY','URY','Durazno','UY-DU',242),(18700,'UY','URY','Florida','UY-FD',242),(18701,'UY','URY','Maldonado','UY-MA',242),(18702,'UY','URY','Montevideo','UY-MO',242),(18703,'UY','URY','Río Negro','UY-RN',242),(18704,'UY','URY','Rocha','UY-RO',242),(18705,'UY','URY','Salto','UY-SA',242),(18706,'UY','URY','Soriano','UY-SO',242),(18707,'UY','URY','Treinta y Tres','UY-TT',242),(18708,'UY','URY','','UY-X2~',242),(18709,'UY','URY','Lavalleja','UY-LA',242),(18710,'UZ','UZB','Surxondaryo','UZ-SU',243),(18711,'UZ','UZB','Sirdaryo','UZ-SI',243),(18712,'UZ','UZB','Navoiy','UZ-NW',243),(18713,'UZ','UZB','Qoraqalpog‘iston Respublikasi','UZ-QR',243),(18714,'UZ','UZB','Farg‘ona','UZ-FA',243),(18715,'UZ','UZB','Andijon','UZ-AN',243),(18717,'UZ','UZB','Buxoro','UZ-BU',243),(18718,'UZ','UZB','Qashqadaryo','UZ-QA',243),(18719,'UZ','UZB','Namangan','UZ-NG',243),(18720,'UZ','UZB','Samarqand','UZ-SA',243),(18721,'UZ','UZB','Toshkent','UZ-TO',243),(18723,'UZ','UZB','Jizzax','UZ-JI',243),(18724,'UZ','UZB','Xorazm','UZ-XO',243),(18725,'VU','VUT','Taféa','VU-TAE',244),(18726,'VU','VUT','Malampa','VU-MAP',244),(18727,'VU','VUT','Shéfa','VU-SEE',244),(18728,'VU','VUT','Pénama','VU-PAM',244),(18729,'VU','VUT','Torba','VU-TOB',244),(18730,'VU','VUT','Sanma','VU-SAM',244),(18732,'VN','VNM','Bac Lieu','VN-55',247),(18733,'VE','VEN','Sucre','VE-R',245),(18734,'VE','VEN','Nueva Esparta','VE-O',245),(18735,'VE','VEN','Amazonas','VE-Z',245),(18736,'VE','VEN','Aragua','VE-D',245),(18737,'VE','VEN','Bolívar','VE-F',245),(18738,'VE','VEN','Delta Amacuro','VE-Y',245),(18739,'VE','VEN','Distrito Federal','VE-A',245),(18740,'VE','VEN','Guárico','VE-J',245),(18741,'VE','VEN','Lara','VE-K',245),(18742,'VE','VEN','Mérida','VE-L',245),(18743,'VE','VEN','Miranda','VE-M',245),(18744,'VE','VEN','Monagas','VE-N',245),(18745,'VE','VEN','Anzoátegui','VE-B',245),(18746,'VE','VEN','Apure','VE-C',245),(18747,'VE','VEN','Barinas','VE-E',245),(18748,'VE','VEN','Carabobo','VE-G',245),(18749,'VE','VEN','Cojedes','VE-H',245),(18750,'VE','VEN','Dependencias Federales','VE-W',245),(18751,'VE','VEN','Falcón','VE-I',245),(18752,'VE','VEN','Portuguesa','VE-P',245),(18753,'VN','VNM','An Giang','VN-44',247),(18754,'VN','VNM','Bac Giang','VN-54',247),(18755,'VN','VNM','Bac Can','VN-53',247),(18756,'VN','VNM','Ba Ria - Vung Tau','VN-43',247),(18763,'VN','VNM','Thai Nguyen','VN-69',247),(18773,'EH','ESH','Laayoune','EH-LAA',251),(18774,'EH','ESH','Oued el Dahab','EH-OUD',251),(18775,'EH','ESH','Boujdour','EH-BOD',251),(18777,'EH','ESH','Es Semara','EH-ESM',251),(18778,'YE','YEM','Taʿizz','YE-TA',252),(18779,'YE','YEM','Sanʿā','YE-SN',252),(18780,'YE','YEM','Shabwah','YE-SH',252),(18781,'YE','YEM','Al Mahwit','YE-MW',252),(18782,'YE','YEM','La?ij','YE-LA',252),(18783,'YE','YEM','ʿAdan','YE-AD',252),(18784,'YE','YEM','Al Bay?a\'','YE-BA',252),(18785,'YE','YEM','Hadramawt','YE-HD',252),(18786,'YE','YEM','Hajjah','YE-HJ',252),(18787,'YE','YEM','Abyan','YE-AB',252),(18789,'YE','YEM','Dhamar','YE-DH',252),(18790,'YE','YEM','Al ?udaydah','YE-HU',252),(18791,'YE','YEM','Ibb','YE-IB',252),(18792,'YE','YEM','Al Jawf','YE-JA',252),(18793,'YE','YEM','Al Mahrah','YE-MR',252),(18794,'YE','YEM','Ma\'rib','YE-MA',252),(18795,'YE','YEM','Sa`dah','YE-SD',252),(18796,'ZM','ZMB','Western','ZM-01',255),(18798,'ZM','ZMB','Northern','ZM-05',255),(18800,'ZM','ZMB','Copperbelt','ZM-08',255),(18801,'ZM','ZMB','Lusaka','ZM-09',255),(18802,'ZM','ZMB','Southern','ZM-07',255),(18803,'ZM','ZMB','Luapula','ZM-04',255),(18804,'ZM','ZMB','North-Western','ZM-06',255),(18974,'CI','CIV','18 Montagnes (Région des)','CI-06',57),(18975,'CI','CIV','Agnébi (Région de l\')','CI-16',57),(18976,'CI','CIV','Bafing (Région du)','CI-17',57),(18977,'CI','CIV','Bas-Sassandra (Région du)','CI-09',57),(18978,'CI','CIV','Denguélé (Région du)','CI-10',57),(18979,'CI','CIV','Fromager (Région du)','CI-18',57),(18980,'CI','CIV','Haut-Sassandra (Région du)','CI-02',57),(18981,'CI','CIV','Lacs (Région des)','CI-07',57),(18982,'CI','CIV','Lagunes (Région des)','CI-01',57),(18983,'CI','CIV','Marahoué (Région de la)','CI-12',57),(18984,'CI','CIV','Moyen-Cavally (Région du)','CI-19',57),(18985,'CI','CIV','Moyen-Comoé (Région du)','CI-05',57),(18986,'CI','CIV','Nzi-Comoé (Région)','CI-11',57),(18987,'CI','CIV','Savanes (Région des)','CI-03',57),(18988,'CI','CIV','Sud-Bandama (Région du)','CI-15',57),(18989,'CI','CIV','Sud-Comoé (Région du)','CI-13',57),(18990,'CI','CIV','Vallée du Bandama (Région de la)','CI-04',57),(18991,'CI','CIV','Worodougou (Région du)','CI-14',57),(18992,'CI','CIV','Zanzan (Région du)','CI-08',57),(18995,'CN','CHN','Taiwan *','CN-71',48),(18998,'FJ','FJI','Rotuma','FJ-R',76),(18999,'FR','FRA','Mayotte','FR-YT',78),(19000,'FR','FRA','Nouvelle-Calédonie','FR-NC',78),(19001,'FR','FRA','Polynésie française','FR-PF',78),(19002,'FR','FRA','Saint-Pierre-et-Miquelon','FR-PM',78),(19003,'FR','FRA','Terres Australes Françaises','FR-TF',78),(19004,'FR','FRA','Wallis et Futuna','FR-WF',78),(19009,'IS','ISL','Reykjavík','IS-0',104),(19010,'ID','IDN','Papua Barat','ID-PB',106),(19011,'ID','IDN','Sulawesi Barat','ID-SR',106),(19012,'IR','IRN','Khorasan-e Janubi','IR-29',107),(19013,'IR','IRN','Khorasan-e Razavi','IR-30',107),(19014,'IR','IRN','Khorasan-e Shemali','IR-31',107),(19016,'KI','KIR','Gilbert Islands','KI-G',119),(19021,'LR','LBR','Gbarpolu','LR-X1~',128),(19022,'LR','LBR','River Gee','LR-X2~',128),(19023,'LR','LBR','Grand Kru','LR-GK',128),(19024,'MW','MWI','Likoma','MW-LK',136),(19025,'MY','MYS','Wilayah Persekutuan Putrajaya','MY-16',137),(19026,'MU','MUS','Agalega Islands','MU-AG',144),(19027,'MU','MUS','Beau Bassin-Rose Hill','MU-BR',144),(19028,'MU','MUS','Cargados Carajos Shoals [Saint Brandon Islands]','MU-CC',144),(19029,'MU','MUS','Curepipe','MU-CU',144),(19030,'MU','MUS','Port Louis District','MU-PU',144),(19032,'MU','MUS','Vacoas-Phoenix','MU-VP',144),(19033,'MU','MUS','Quatre Bornes','MU-QB',144),(19036,'NZ','NZL','Chatham  Islands Territory','NZ-CIT',162),(19038,'NO','NOR','Jan Mayen','NO-22',169),(19039,'NO','NOR','Svalbard','NO-21',169),(19045,'PT','PRT','Aveiro','PT-01',184),(19046,'PT','PRT','Beja','PT-02',184),(19047,'PT','PRT','Braga','PT-03',184),(19048,'PT','PRT','Bragança','PT-04',184),(19049,'PT','PRT','Castelo Branco','PT-05',184),(19050,'PT','PRT','Coimbra','PT-06',184),(19051,'PT','PRT','Évora','PT-07',184),(19052,'PT','PRT','Faro','PT-08',184),(19053,'PT','PRT','Guarda','PT-09',184),(19054,'PT','PRT','Leiria','PT-10',184),(19055,'PT','PRT','Lisboa','PT-11',184),(19056,'PT','PRT','Portalegre','PT-12',184),(19057,'PT','PRT','Porto','PT-13',184),(19058,'PT','PRT','Santarém','PT-14',184),(19059,'PT','PRT','Setúbal','PT-15',184),(19060,'PT','PRT','Viana do Castelo','PT-16',184),(19061,'PT','PRT','Vila Real','PT-17',184),(19062,'PT','PRT','Viseu','PT-18',184),(19063,'RW','RWA','Est','RW-02',191),(19064,'RW','RWA','Nord','RW-03',191),(19065,'RW','RWA','Ouest','RW-04',191),(19066,'RS','SRB','Borski okrug','RS-14',201),(19067,'RS','SRB','Braničevski okrug','RS-11',201),(19068,'RS','SRB','Jablanički okrug','RS-23',201),(19069,'RS','SRB','Južnobanatski okrug','RS-06',201),(19070,'RS','SRB','Južnobanatski okrug','RS-04',201),(19071,'RS','SRB','Kolubarski okrug','RS-09',201),(19073,'RS','SRB','Kosovsko-Pomoravski okrug','RS-29',201),(19074,'RS','SRB','Kosovsko-Mitrovački okrug','RS-28',201),(19075,'RS','SRB','Mačvanski okrug','RS-08',201),(19076,'RS','SRB','Moravički okrug','RS-17',201),(19077,'RS','SRB','Nišavski okrug','RS-20',201),(19078,'RS','SRB','Pčinjski okrug','RS-24',201),(19079,'RS','SRB','Pećki okrug','RS-26',201),(19080,'RS','SRB','Pirotski okrug','RS-22',201),(19081,'RS','SRB','Podunavski okrug','RS-10',201),(19082,'RS','SRB','Pomoravski okrug','RS-13',201),(19083,'RS','SRB','Prizrenski okrug','RS-27',201),(19084,'RS','SRB','Rasinski okrug','RS-19',201),(19085,'RS','SRB','Raška okrug','RS-18',201),(19086,'RS','SRB','Severnobački okrug','RS-01',201),(19087,'RS','SRB','Severnobanatski okrug','RS-03',201),(19088,'RS','SRB','Srednjebanatski okrug','RS-02',201),(19089,'RS','SRB','Sremski okrug','RS-07',201),(19090,'RS','SRB','Šumadijski okrug','RS-12',201),(19091,'RS','SRB','Toplièki okrug','RS-21',201),(19092,'RS','SRB','Zajeèarski okrug','RS-15',201),(19093,'RS','SRB','Zapadnobaèki okrug','RS-05',201),(19094,'RS','SRB','Zlatiborski okrug','RS-16',201),(19095,'TZ','TZA','Kaskazini Unguja','TZ-07',223),(19096,'TZ','TZA','Kusini Pemba','TZ-10',223),(19097,'TZ','TZA','Kusini Unguja','TZ-11',223),(19098,'TZ','TZA','Mjini Magharibi','TZ-15',223),(19166,'GB','GBR','Barking and Dagenham','GB-BDG',239),(19167,'GB','GBR','Barnet','GB-BNE',239),(19168,'GB','GBR','Barnsley','GB-BNS',239),(19172,'GB','GBR','Bexley','GB-BEX',239),(19173,'GB','GBR','Birmingham','GB-BIR',239),(19177,'GB','GBR','Bolton','GB-BOL',239),(19180,'GB','GBR','Bradford','GB-BRD',239),(19181,'GB','GBR','Brent','GB-BEN',239),(19185,'GB','GBR','Bromley','GB-BRY',239),(19187,'GB','GBR','Bury','GB-BUR',239),(19189,'GB','GBR','Calderdale','GB-CLD',239),(19191,'GB','GBR','Camden','GB-CMD',239),(19203,'GB','GBR','Coventry','GB-COV',239),(19205,'GB','GBR','Croydon','GB-CRY',239),(19213,'GB','GBR','Doncaster','GB-DNC',239),(19216,'GB','GBR','Dudley','GB-DUD',239),(19221,'GB','GBR','Ealing','GB-EAL',239),(19230,'GB','GBR','Enfield','GB-ENF',239),(19236,'GB','GBR','Gateshead','GB-GAT',239),(19239,'GB','GBR','Greenwich','GB-GRE',239),(19241,'GB','GBR','Hackney','GB-HCK',239),(19243,'GB','GBR','Hammersmith and Fulham','GB-HMF',239),(19245,'GB','GBR','Haringey','GB-HRY',239),(19246,'GB','GBR','Harrow','GB-HRW',239),(19248,'GB','GBR','Havering','GB-HAV',239),(19252,'GB','GBR','Hillingdon','GB-HIL',239),(19253,'GB','GBR','Hounslow','GB-HNS',239),(19257,'GB','GBR','Isles of Scilly','GB-IOS',239),(19258,'GB','GBR','Islington','GB-ISL',239),(19259,'GB','GBR','Kensington and Chelsea','GB-KEC',239),(19262,'GB','GBR','Kingston upon Thames','GB-KTT',239),(19263,'GB','GBR','Kirklees','GB-KIR',239),(19264,'GB','GBR','Knowsley','GB-KWL',239),(19265,'GB','GBR','Lambeth','GB-LBH',239),(19268,'GB','GBR','Leeds','GB-LDS',239),(19271,'GB','GBR','Lewisham','GB-LEW',239),(19275,'GB','GBR','Liverpool','GB-LIV',239),(19282,'GB','GBR','Merton','GB-MRT',239),(19290,'GB','GBR','Newcastle upon Tyne','GB-NET',239),(19291,'GB','GBR','Newham','GB-NWM',239),(19302,'GB','GBR','North Tyneside','GB-NTY',239),(19308,'GB','GBR','Oldham','GB-OLD',239),(19320,'GB','GBR','Redbridge','GB-RDB',239),(19324,'GB','GBR','Richmond upon Thames','GB-RIC',239),(19325,'GB','GBR','Rochdale','GB-RCH',239),(19326,'GB','GBR','Rotherham','GB-ROT',239),(19328,'GB','GBR','Salford','GB-SLF',239),(19329,'GB','GBR','Sandwell','GB-SAW',239),(19331,'GB','GBR','Sefton','GB-SFT',239),(19332,'GB','GBR','Sheffield','GB-SHF',239),(19336,'GB','GBR','Solihull','GB-SOL',239),(19341,'GB','GBR','South Tyneside','GB-STY',239),(19344,'GB','GBR','Southwark','GB-SWK',239),(19345,'GB','GBR','St. Helens','GB-SHN',239),(19348,'GB','GBR','Stockport','GB-SKP',239),(19353,'GB','GBR','Sunderland','GB-SND',239),(19355,'GB','GBR','Sutton','GB-STN',239),(19358,'GB','GBR','Tameside','GB-TAM',239),(19363,'GB','GBR','Tower Hamlets','GB-TWH',239),(19364,'GB','GBR','Trafford','GB-TRF',239),(19366,'GB','GBR','Wakefield','GB-WKF',239),(19367,'GB','GBR','Walsall','GB-WLL',239),(19368,'GB','GBR','Waltham Forest','GB-WFT',239),(19369,'GB','GBR','Wandsworth','GB-WND',239),(19376,'GB','GBR','Westminster','GB-WSM',239),(19377,'GB','GBR','Wigan','GB-WGN',239),(19380,'GB','GBR','Wirral','GB-WRL',239),(19382,'GB','GBR','Wolverhampton','GB-WLV',239),(19386,'US','USA','American Samoa','US-AS',240),(19388,'US','USA','Guam','US-GU',240),(19390,'US','USA','Northern Mariana Islands','US-MP',240),(19401,'BW','BWA','Central','BW-CE',32),(19402,'BW','BWA','Kgalagadi','BW-KG',32),(19403,'BW','BWA','North-West','BW-NW',32),(19404,'BW','BWA','Southern','BW-SO',32),(19406,'CV','CPV','Mosteiros','CV-MO',43),(19407,'CV','CPV','Paul','CV-PA',43),(19408,'CV','CPV','Porto Novo','CV-PN',43),(19409,'CV','CPV','Praia','CV-PR',43),(19411,'CV','CPV','Santa Catarina','CV-CA',43),(19412,'CV','CPV','Santa Cruz','CV-CR',43),(19413,'CV','CPV','São Domingos','CV-SD',43),(19414,'CV','CPV','São Filipe','CV-SF',43),(19415,'CV','CPV','Tarrafal','CV-TA',43),(19416,'TD','TCD','Ḥajjar Lamīs','TD-HL',46),(19417,'TD','TCD','Māndūl','TD-MA',46),(19418,'TD','TCD','Māyū Kībbī ash Sharqī','TD-ME',46),(19419,'TD','TCD','Māyū Kībbī al Gharbī','TD-MO',46),(19420,'TD','TCD','Madīnat Injamīnā','TD-ND',46),(19421,'TD','TCD','Wādī Fīrā','TD-WF',46),(19428,'CY','CYP','Keryneia','CY-06',60),(19429,'CY','CYP','Larnaka','CY-03',60),(19430,'CY','CYP','Lefkosia','CY-01',60),(19431,'CY','CYP','Lemesos','CY-02',60),(19433,'CY','CYP','Pafos','CY-05',60),(19434,'DK','DNK','Capital','DK-84',62),(19435,'DK','DNK','Central Jutland','DK-82',62),(19436,'DK','DNK','North Jutland','DK-81',62),(19437,'DK','DNK','Zeeland','DK-85',62),(19438,'DK','DNK','South Denmark','DK-83',62),(19439,'DJ','DJI','Arta','DJ-AR',63),(19440,'GQ','GNQ','Región Continental','GQ-C',69),(19441,'GQ','GNQ','Región Insular','GQ-I',69),(19442,'HU','HUN','Békéscsaba','HU-BC',103),(19443,'HU','HUN','Debrecen','HU-DE',103),(19444,'HU','HUN','Dunaújváros','HU-DU',103),(19445,'HU','HUN','Eger','HU-EG',103),(19446,'HU','HUN','Gyor','HU-GY',103),(19447,'HU','HUN','Hódmezovásárhely','HU-HV',103),(19448,'HU','HUN','Kaposvár','HU-KV',103),(19449,'HU','HUN','Kecskemét','HU-KM',103),(19450,'HU','HUN','Miskolc','HU-MI',103),(19451,'HU','HUN','Nagykanizsa','HU-NK',103),(19452,'HU','HUN','Nyíregyháza','HU-NY',103),(19453,'HU','HUN','Pécs','HU-PS',103),(19454,'HU','HUN','Salgótarján','HU-ST',103),(19455,'HU','HUN','Sopron','HU-SN',103),(19456,'HU','HUN','Szeged','HU-SD',103),(19457,'HU','HUN','Székesfehérvár','HU-SF',103),(19458,'HU','HUN','Szekszárd','HU-SS',103),(19459,'HU','HUN','Szolnok','HU-SK',103),(19460,'HU','HUN','Szombathely','HU-SH',103),(19461,'HU','HUN','Tatabánya','HU-TB',103),(19462,'HU','HUN','Veszprém City','HU-VM',103),(19463,'HU','HUN','Zalaegerszeg','HU-ZE',103),(19465,'IT','ITA','Agrigento','IT-AG',112),(19466,'IT','ITA','Alessandria','IT-AL',112),(19467,'IT','ITA','Ancona','IT-AN',112),(19468,'IT','ITA','Aosta','IT-AO',112),(19469,'IT','ITA','Arezzo','IT-AR',112),(19470,'IT','ITA','Ascoli Piceno','IT-AP',112),(19471,'IT','ITA','Asti','IT-AT',112),(19472,'IT','ITA','Avellino','IT-AV',112),(19473,'IT','ITA','Bari','IT-BA',112),(19474,'IT','ITA','Belluno','IT-BL',112),(19475,'IT','ITA','Benevento','IT-BN',112),(19476,'IT','ITA','Bergamo','IT-BG',112),(19477,'IT','ITA','Biella','IT-BI',112),(19478,'IT','ITA','Bologna','IT-BO',112),(19479,'IT','ITA','Bolzano','IT-BZ',112),(19480,'IT','ITA','Brescia','IT-BS',112),(19481,'IT','ITA','Brindisi','IT-BR',112),(19482,'IT','ITA','Cagliari','IT-CA',112),(19483,'IT','ITA','Caltanissetta','IT-CL',112),(19484,'IT','ITA','Campobasso','IT-CB',112),(19485,'IT','ITA','Carbonia-Iglesias','IT-CI',112),(19486,'IT','ITA','Caserta','IT-CE',112),(19487,'IT','ITA','Catania','IT-CT',112),(19488,'IT','ITA','Catanzaro','IT-CZ',112),(19489,'IT','ITA','Chieti','IT-CH',112),(19490,'IT','ITA','Como','IT-CO',112),(19491,'IT','ITA','Cosenza','IT-CS',112),(19492,'IT','ITA','Cremona','IT-CR',112),(19493,'IT','ITA','Crotone','IT-KR',112),(19494,'IT','ITA','Cuneo','IT-CN',112),(19495,'IT','ITA','Enna','IT-EN',112),(19496,'IT','ITA','Ferrara','IT-FE',112),(19497,'IT','ITA','Firenze','IT-FI',112),(19498,'IT','ITA','Foggia','IT-FG',112),(19499,'IT','ITA','Forli-Cesena','IT-FC',112),(19500,'IT','ITA','Frosinone ','IT-FR',112),(19501,'IT','ITA','Genova','IT-GE',112),(19502,'IT','ITA','Gorizia','IT-GO',112),(19503,'IT','ITA','Grosseto','IT-GR',112),(19504,'IT','ITA','Imperia','IT-IM',112),(19505,'IT','ITA','Isernia','IT-IS',112),(19506,'IT','ITA','La Spezia','IT-SP',112),(19507,'IT','ITA','L\'Aquila','IT-AQ',112),(19508,'IT','ITA','Latina','IT-LT',112),(19509,'IT','ITA','Lecce','IT-LE',112),(19510,'IT','ITA','Lecco','IT-LC',112),(19511,'IT','ITA','Livorno','IT-LI',112),(19512,'IT','ITA','Lodi','IT-LO',112),(19513,'IT','ITA','Lucca','IT-LU',112),(19514,'IT','ITA','Macerata','IT-MC',112),(19515,'IT','ITA','Mantova','IT-MN',112),(19516,'IT','ITA','Massa-Carrara','IT-MS',112),(19517,'IT','ITA','Matera','IT-MT',112),(19518,'IT','ITA','Medio Campidano','IT-VS',112),(19519,'IT','ITA','Messina','IT-ME',112),(19520,'IT','ITA','Milano','IT-MI',112),(19521,'IT','ITA','Modena','IT-MO',112),(19522,'IT','ITA','Napoli','IT-NA',112),(19523,'IT','ITA','Novara','IT-NO',112),(19524,'IT','ITA','Nuoro','IT-NU',112),(19525,'IT','ITA','Ogliastra','IT-OG',112),(19526,'IT','ITA','Olbia-Tempio','IT-OT',112),(19527,'IT','ITA','Oristano','IT-OR',112),(19528,'IT','ITA','Padova','IT-PD',112),(19529,'IT','ITA','Palermo','IT-PA',112),(19530,'IT','ITA','Parma','IT-PR',112),(19531,'IT','ITA','Pavia','IT-PV',112),(19532,'IT','ITA','Perugia','IT-PG',112),(19533,'IT','ITA','Pesaro e Urbino','IT-PU',112),(19534,'IT','ITA','Pescara','IT-PE',112),(19535,'IT','ITA','Piacenza','IT-PC',112),(19536,'IT','ITA','Pisa','IT-PI',112),(19537,'IT','ITA','Pistoia','IT-PT',112),(19538,'IT','ITA','Pordenone','IT-PN',112),(19539,'IT','ITA','Potenza','IT-PZ',112),(19540,'IT','ITA','Prato','IT-PO',112),(19541,'IT','ITA','Ragusa','IT-RG',112),(19542,'IT','ITA','Ravenna','IT-RA',112),(19543,'IT','ITA','Reggio Calabria','IT-RC',112),(19544,'IT','ITA','Reggio Emilia','IT-RE',112),(19545,'IT','ITA','Rieti','IT-RI',112),(19546,'IT','ITA','Rimini','IT-RN',112),(19547,'IT','ITA','Roma','IT-RM',112),(19548,'IT','ITA','Rovigo','IT-RO',112),(19549,'IT','ITA','Salerno','IT-SA',112),(19550,'IT','ITA','Sassari','IT-SS',112),(19551,'IT','ITA','Savona','IT-SV',112),(19552,'IT','ITA','Siena','IT-SI',112),(19553,'IT','ITA','Siracusa','IT-SR',112),(19554,'IT','ITA','Sondrio','IT-SO',112),(19555,'IT','ITA','Taranto','IT-TA',112),(19556,'IT','ITA','Teramo','IT-TE',112),(19557,'IT','ITA','Terni','IT-TR',112),(19558,'IT','ITA','Torino','IT-TO',112),(19559,'IT','ITA','Trapani','IT-TP',112),(19560,'IT','ITA','Trento','IT-TN',112),(19561,'IT','ITA','Treviso','IT-TV',112),(19562,'IT','ITA','Trieste','IT-TS',112),(19563,'IT','ITA','Udine','IT-UD',112),(19564,'IT','ITA','Varese','IT-VA',112),(19565,'IT','ITA','Venezia','IT-VE',112),(19566,'IT','ITA','Verbano-Cusio-Ossola','IT-VB',112),(19567,'IT','ITA','Vercelli','IT-VC',112),(19568,'IT','ITA','Verona','IT-VR',112),(19569,'IT','ITA','Vibo Valentia','IT-VV',112),(19570,'IT','ITA','Vicenza','IT-VI',112),(19571,'IT','ITA','Viterbo','IT-VT',112),(19591,'US','USA','Puerto Rico','US-PR',240),(19593,'US','USA','Virgin Islands, U.S.','US-VI',240),(19597,'US','USA','United States Minor Outlying Islands','US-UM',240),(19899,'SI','SVN','Brežice','SI-009',207),(19900,'SI','SVN','Cankova','SI-152',207),(19901,'SI','SVN','Celje','SI-011',207),(19902,'SI','SVN','Cerklje na Gorenjskem','SI-012',207),(19903,'SI','SVN','Cerknica','SI-013',207),(19904,'SI','SVN','Cerkno','SI-014',207),(19905,'SI','SVN','Cerkvenjak','SI-153',207),(19906,'SI','SVN','Crenšovci','SI-015',207),(19907,'SI','SVN','Crna na Koroškem','SI-016',207),(19908,'SI','SVN','Crnomelj','SI-017',207),(19909,'SI','SVN','Destrnik','SI-018',207),(19910,'SI','SVN','Divaca','SI-019',207),(19911,'SI','SVN','Dobje','SI-154',207),(19912,'SI','SVN','Dobrepolje','SI-020',207),(19913,'SI','SVN','Dobrna','SI-155',207),(19914,'SI','SVN','Dobrova-Polhov Gradec','SI-021',207),(19915,'SI','SVN','Dobrovnik/Dobronak','SI-156',207),(19916,'SI','SVN','Dol pri Ljubljani','SI-022',207),(19917,'SI','SVN','Dolenjske Toplice','SI-157',207),(19918,'SI','SVN','Domžale','SI-023',207),(19919,'SI','SVN','Dornava','SI-024',207),(19920,'SI','SVN','Dravograd','SI-025',207),(19921,'SI','SVN','Duplek','SI-026',207),(19922,'SI','SVN','Gorenja vas-Poljane','SI-027',207),(19923,'SI','SVN','Gorišnica','SI-028',207),(19924,'SI','SVN','Gornja Radgona','SI-029',207),(19925,'SI','SVN','Gornji Grad','SI-030',207),(19926,'SI','SVN','Gornji Petrovci','SI-031',207),(19927,'SI','SVN','Grad','SI-158',207),(19928,'SI','SVN','Grosuplje','SI-032',207),(19929,'SI','SVN','Hajdina','SI-159',207),(19930,'SI','SVN','Hoce-Slivnica','SI-160',207),(19931,'SI','SVN','Hodoš/Hodos','SI-161',207),(19932,'SI','SVN','Horjul','SI-162',207),(19933,'SI','SVN','Hrastnik','SI-034',207),(19934,'SI','SVN','Hrpelje-Kozina','SI-035',207),(19935,'SI','SVN','Idrija','SI-036',207),(19936,'SI','SVN','Ig','SI-037',207),(19937,'SI','SVN','Ilirska Bistrica','SI-038',207),(19938,'SI','SVN','Ivancna Gorica','SI-039',207),(19939,'SI','SVN','Izola/Isola','SI-040',207),(19940,'SI','SVN','Jesenice','SI-041',207),(19941,'SI','SVN','Jezersko','SI-163',207),(19942,'SI','SVN','Juršinci','SI-042',207),(19943,'SI','SVN','Kamnik','SI-043',207),(19944,'SI','SVN','Kanal','SI-044',207),(19945,'SI','SVN','Kidricevo','SI-045',207),(19946,'SI','SVN','Kobarid','SI-046',207),(19947,'SI','SVN','Kobilje','SI-047',207),(19948,'SI','SVN','Kocevje','SI-048',207),(19949,'SI','SVN','Komen','SI-049',207),(19950,'SI','SVN','Komenda','SI-164',207),(19951,'SI','SVN','Koper/Capodistria','SI-050',207),(19952,'SI','SVN','Kostel','SI-165',207),(19953,'SI','SVN','Kozje','SI-051',207),(19954,'SI','SVN','Kranj','SI-052',207),(19955,'SI','SVN','Kranjska Gora','SI-053',207),(19956,'SI','SVN','Križevci','SI-166',207),(19957,'SI','SVN','Krško','SI-054',207),(19958,'SI','SVN','Kungota','SI-055',207),(19959,'SI','SVN','Kuzma','SI-056',207),(19960,'SI','SVN','Laško','SI-057',207),(19961,'SI','SVN','Lenart','SI-058',207),(19962,'SI','SVN','Lendava/Lendva','SI-059',207),(19963,'SI','SVN','Litija','SI-060',207),(19964,'SI','SVN','Ljubljana','SI-061',207),(19965,'SI','SVN','Ljubno','SI-062',207),(19966,'SI','SVN','Ljutomer','SI-063',207),(19967,'SI','SVN','Logatec','SI-064',207),(19968,'SI','SVN','Loška dolina','SI-065',207),(19969,'SI','SVN','Loški Potok','SI-066',207),(19970,'SI','SVN','Lovrenc na Pohorju','SI-167',207),(19971,'SI','SVN','Luce','SI-067',207),(19972,'SI','SVN','Lukovica','SI-068',207),(19973,'SI','SVN','Majšperk','SI-069',207),(19974,'SI','SVN','Maribor','SI-070',207),(19975,'SI','SVN','Markovci','SI-168',207),(19976,'SI','SVN','Medvode','SI-071',207),(19977,'SI','SVN','Mengeš','SI-072',207),(19978,'SI','SVN','Metlika','SI-073',207),(19979,'SI','SVN','Mežica','SI-074',207),(19980,'SI','SVN','Miklavž na Dravskem polju','SI-169',207),(19981,'SI','SVN','Miren-Kostanjevica','SI-075',207),(19982,'SI','SVN','Mirna Pec','SI-170',207),(19983,'SI','SVN','Mislinja','SI-076',207),(19984,'SI','SVN','Moravce','SI-077',207),(19985,'SI','SVN','Moravske Toplice','SI-078',207),(19986,'SI','SVN','Mozirje','SI-079',207),(19987,'SI','SVN','Murska Sobota','SI-080',207),(19988,'SI','SVN','Muta','SI-081',207),(19989,'SI','SVN','Naklo','SI-082',207),(19990,'SI','SVN','Nazarje','SI-083',207),(19991,'SI','SVN','Nova Gorica','SI-084',207),(19992,'SI','SVN','Novo mesto','SI-085',207),(19993,'SI','SVN','Odranci','SI-086',207),(19994,'SI','SVN','Oplotnica','SI-171',207),(19995,'SI','SVN','Ormož','SI-087',207),(19996,'SI','SVN','Osilnica','SI-088',207),(19997,'SI','SVN','Pesnica','SI-089',207),(19998,'SI','SVN','Piran/Pirano','SI-090',207),(19999,'SI','SVN','Pivka','SI-091',207),(20000,'SI','SVN','Podcetrtek','SI-092',207),(20001,'SI','SVN','Podlehnik','SI-172',207),(20002,'SI','SVN','Podvelka','SI-093',207),(20003,'SI','SVN','Polzela','SI-173',207),(20004,'SI','SVN','Postojna','SI-094',207),(20005,'SI','SVN','Prebold','SI-174',207),(20006,'SI','SVN','Preddvor','SI-095',207),(20007,'SI','SVN','Prevalje','SI-175',207),(20008,'SI','SVN','Ptuj','SI-096',207),(20009,'SI','SVN','Puconci','SI-097',207),(20010,'SI','SVN','Race-Fram','SI-098',207),(20011,'SI','SVN','Radece','SI-099',207),(20012,'SI','SVN','Radenci','SI-100',207),(20013,'SI','SVN','Radlje ob Dravi','SI-101',207),(20014,'SI','SVN','Radovljica','SI-102',207),(20015,'SI','SVN','Ravne na Koroškem','SI-103',207),(20016,'SI','SVN','Razkrižje','SI-176',207),(20017,'SI','SVN','Ribnica','SI-104',207),(20018,'SI','SVN','Ribnica na Pohorju','SI-177',207),(20019,'SI','SVN','Rogaška Slatina','SI-106',207),(20020,'SI','SVN','Rogašovci','SI-105',207),(20021,'SI','SVN','Rogatec','SI-107',207),(20022,'SI','SVN','Ruše','SI-108',207),(20023,'SI','SVN','Selnica ob Dravi','SI-178',207),(20024,'SI','SVN','Semic','SI-109',207),(20025,'SI','SVN','Sevnica','SI-110',207),(20026,'SI','SVN','Sežana','SI-111',207),(20027,'SI','SVN','Slovenj Gradec','SI-112',207),(20028,'SI','SVN','Slovenska Bistrica','SI-113',207),(20029,'SI','SVN','Slovenske Konjice','SI-114',207),(20030,'SI','SVN','Sodražica','SI-179',207),(20031,'SI','SVN','Solcava','SI-180',207),(20032,'SI','SVN','Starše','SI-115',207),(20033,'SI','SVN','Sveta Ana','SI-181',207),(20034,'SI','SVN','Sveti Andraž v Slovenskih goricah','SI-182',207),(20035,'SI','SVN','Sveti Jurij','SI-116',207),(20036,'SI','SVN','Šalovci','SI-033',207),(20037,'SI','SVN','Šempeter-Vrtojba','SI-183',207),(20038,'SI','SVN','Šencur','SI-117',207),(20039,'SI','SVN','Šentilj','SI-118',207),(20040,'SI','SVN','Šentjernej','SI-119',207),(20041,'SI','SVN','Šentjur pri Celju','SI-120',207),(20042,'SI','SVN','Škocjan','SI-121',207),(20043,'SI','SVN','Škofja Loka','SI-122',207),(20044,'SI','SVN','Škofljica','SI-123',207),(20045,'SI','SVN','Šmarje pri Jelšah','SI-124',207),(20046,'SI','SVN','Šmartno ob Paki','SI-125',207),(20047,'SI','SVN','Šmartno pri Litiji','SI-194',207),(20048,'SI','SVN','Šoštanj','SI-126',207),(20049,'SI','SVN','Štore','SI-127',207),(20050,'SI','SVN','Tabor','SI-184',207),(20051,'SI','SVN','Tišina','SI-010',207),(20052,'SI','SVN','Tolmin','SI-128',207),(20053,'SI','SVN','Trbovlje','SI-129',207),(20054,'SI','SVN','Trebnje','SI-130',207),(20055,'SI','SVN','Trnovska vas','SI-185',207),(20056,'SI','SVN','Tržic','SI-131',207),(20057,'SI','SVN','Trzin','SI-186',207),(20058,'SI','SVN','Turnišce','SI-132',207),(20059,'SI','SVN','Velenje','SI-133',207),(20060,'SI','SVN','Velika Polana','SI-187',207),(20061,'SI','SVN','Velike Lašce','SI-134',207),(20062,'SI','SVN','Veržej','SI-188',207),(20063,'SI','SVN','Videm','SI-135',207),(20064,'SI','SVN','Vipava','SI-136',207),(20065,'SI','SVN','Vitanje','SI-137',207),(20066,'SI','SVN','Vodice','SI-138',207),(20067,'SI','SVN','Vojnik','SI-139',207),(20068,'SI','SVN','Vransko','SI-189',207),(20069,'SI','SVN','Vrhnika','SI-140',207),(20070,'SI','SVN','Vuzenica','SI-141',207),(20071,'SI','SVN','Zagorje ob Savi','SI-142',207),(20072,'SI','SVN','Zavrc','SI-143',207),(20073,'SI','SVN','Zrece','SI-144',207),(20074,'SI','SVN','Žalec','SI-190',207),(20075,'SI','SVN','Železniki','SI-146',207),(20076,'SI','SVN','Žetale','SI-191',207),(20077,'SI','SVN','Žiri','SI-147',207),(20078,'SI','SVN','Žirovnica','SI-192',207),(20079,'SI','SVN','Žužemberk','SI-193',207),(20104,'AZ','AZE','Länkäran City','AZ-LA',17),(20105,'AZ','AZE','Säki City','AZ-SA',17),(20106,'AZ','AZE','Susa City','AZ-SS',17),(20107,'AZ','AZE','Yevlax City','AZ-YE',17),(20121,'MK','MKD','Aerodrom *','MK-AD',134),(20122,'MK','MKD','Aracinovo','MK-AR',134),(20123,'MK','MKD','Bogdanci','MK-BG',134),(20124,'MK','MKD','Bogovinje','MK-VJ',134),(20125,'MK','MKD','Bosilovo','MK-BS',134),(20126,'MK','MKD','Brvenica','MK-BN',134),(20127,'MK','MKD','Butel *','MK-BU',134),(20128,'MK','MKD','Cair *','MK-CI',134),(20129,'MK','MKD','Caška','MK-CA',134),(20130,'MK','MKD','Centar *','MK-CE',134),(20131,'MK','MKD','Centar Župa','MK-CZ',134),(20132,'MK','MKD','Cešinovo-Obleševo','MK-CH',134),(20133,'MK','MKD','Cucer Sandevo','MK-CS',134),(20134,'MK','MKD','Demir Kapija','MK-DK',134),(20135,'MK','MKD','Dojran','MK-SD',134),(20136,'MK','MKD','Dolneni','MK-DE',134),(20137,'MK','MKD','Drugovo','MK-DR',134),(20138,'MK','MKD','Debarca','MK-DA',134),(20139,'MK','MKD','Kisela Voda *','MK-VD',134),(20140,'MK','MKD','Konce','MK-KN',134),(20141,'MK','MKD','Krivogaštani','MK-KG',134),(20142,'MK','MKD','Lipkovo','MK-LI',134),(20143,'MK','MKD','Lozovo','MK-LO',134),(20144,'MK','MKD','Makedonska Kamenica','MK-MK',134),(20145,'MK','MKD','Makedonski Brod','MK-MD',134),(20146,'MK','MKD','Mavrovo-i-Rostuša','MK-MR',134),(20147,'MK','MKD','Mogila','MK-MG',134),(20148,'MK','MKD','Novaci','MK-NV',134),(20149,'MK','MKD','Novo Selo','MK-NS',134),(20150,'MK','MKD','Oslomej','MK-OS',134),(20151,'MK','MKD','Pehcevo','MK-PH',134),(20152,'MK','MKD','Petrovec','MK-PE',134),(20153,'MK','MKD','Plasnica','MK-PN',134),(20154,'MK','MKD','Rankovce','MK-RN',134),(20155,'MK','MKD','Rosoman','MK-RM',134),(20156,'MK','MKD','Saraj *','MK-AJ',134),(20157,'MK','MKD','Sopište','MK-SS',134),(20158,'MK','MKD','Staro Nagoricane','MK-NA',134),(20159,'MK','MKD','Studenicani','MK-SU',134),(20160,'MK','MKD','Tearce','MK-TR',134),(20161,'MK','MKD','Vasilevo','MK-VL',134),(20162,'MK','MKD','Vevcani','MK-VV',134),(20163,'MK','MKD','Vraneštica','MK-VC',134),(20164,'MK','MKD','Vrapcište','MK-VH',134),(20165,'MK','MKD','Zajas','MK-ZA',134),(20166,'MK','MKD','Zelenikovo','MK-ZK',134),(20167,'MK','MKD','Zrnovci','MK-ZR',134),(20169,'MK','MKD','Šuto Orizari *','MK-SO',134),(20170,'MK','MKD','Želino','MK-ZE',134),(20172,'MD','MDA','Stînga Nistrului, unitatea teritoriala din','MD-SN',148),(20173,'MA','MAR','Boujdour (EH)','MA-BOD',153),(20174,'MA','MAR','Es Smara (EH)','MA-ESM',153),(20175,'MA','MAR','Laâyoune*','MA-LAA',153),(20176,'MA','MAR','Oued ed Dahab (EH)','MA-OUD',153),(20177,'NP','NPL','Bagmati','NP-BA',158),(20178,'NP','NPL','Bheri','NP-BH',158),(20179,'NP','NPL','Dhawalagiri','NP-DH',158),(20180,'NP','NPL','Gandaki','NP-GA',158),(20181,'NP','NPL','Janakpur','NP-JA',158),(20182,'NP','NPL','Karnali','NP-KA',158),(20183,'NP','NPL','Kosi [Koshi]','NP-KO',158),(20184,'NP','NPL','Lumbini','NP-LU',158),(20185,'NP','NPL','Mahakali','NP-MA',158),(20186,'NP','NPL','Mechi','NP-ME',158),(20187,'NP','NPL','Narayani','NP-NA',158),(20188,'NP','NPL','Rapti','NP-RA',158),(20189,'NP','NPL','Sagarmatha','NP-SA',158),(20190,'NP','NPL','Seti','NP-SE',158),(20197,'SI','SVN','Ajdovšcina','SI-001',207),(20198,'SI','SVN','Beltinci','SI-002',207),(20199,'SI','SVN','Benedikt','SI-148',207),(20200,'SI','SVN','Bistrica ob Sotli','SI-149',207),(20201,'SI','SVN','Bled','SI-003',207),(20202,'SI','SVN','Bloke','SI-150',207),(20203,'SI','SVN','Bohinj','SI-004',207),(20204,'SI','SVN','Borovnica','SI-005',207),(20205,'SI','SVN','Bovec','SI-006',207),(20206,'SI','SVN','Braslovce','SI-151',207),(20207,'SI','SVN','Brda','SI-007',207),(20208,'SI','SVN','Brezovica','SI-008',207),(20215,'AE','ARE','Ajman','AE-AJ',238),(20217,'AE','ARE','Dubayy [Dubai]','AE-DU',238),(20218,'AE','ARE','Al Fujayrah','AE-FU',238),(20219,'AE','ARE','Ash Shariqah [Sharjah]','AE-SH',238),(20220,'AE','ARE','Umm al Qaywayn','AE-UQ',238),(20221,'AF','AFG','Daykondi','AF-DAY',2),(20222,'AF','AFG','Panjshir','AF-PAN',2),(20225,'CY','CYP','Ammochostos','CY-04',60),(20230,'FI','FIN','Etelä-Suomen lääni','FI-ES',77),(20233,'FI','FIN','Länsi-Suomen lääni','FI-LS',77),(20234,'FI','FIN','Oulun lääni','FI-OL',77),(20246,'KR','KOR','Seoul Teugbyeolsi [Seoul-T\'ukpyolshi]','KR-11',120),(20247,'KR','KOR','Busan Gwang\'yeogsi [Pusan-Kwangyokshi]','KR-26',120),(20248,'KR','KOR','Daegu Gwang\'yeogsi [Taegu-Kwangyokshi]','KR-27',120),(20249,'KR','KOR','Incheon Gwang\'yeogsi [Inch\'n-Kwangyokshi]','KR-28',120),(20250,'KR','KOR','Gwangju Gwang\'yeogsi [Kwangju-Kwangyokshi]','KR-29',120),(20251,'KR','KOR','Daejeon Gwang\'yeogsi [Taejon-Kwangyokshi]','KR-30',120),(20252,'KR','KOR','Ulsan Gwang\'yeogsi [Ulsan-Kwangyokshi]','KR-31',120),(20253,'KR','KOR','Gyeonggido [Kyonggi-do]','KR-41',120),(20255,'KR','KOR','Chungcheongbugdo [Ch\'ungch\'ongbuk-do]','KR-43',120),(20256,'KR','KOR','Chungcheongnamdo [Ch\'ungch\'ongnam-do]','KR-44',120),(20257,'KR','KOR','Jeonrabugdo[Chollabuk-do]','KR-45',120),(20258,'KR','KOR','Jeonranamdo [Chollanam-do]','KR-46',120),(20259,'KR','KOR','Gyeongsangbugdo [Kyongsangbuk-do]','KR-47',120),(20260,'KR','KOR','Gyeongsangnamdo [Kyongsangnam-do]','KR-48',120),(20261,'KR','KOR','Jejudo [Cheju-do]','KR-49',120),(20264,'KZ','KAZ','Almaty oblysy','KZ-ALM',117),(20265,'KZ','KAZ','Astana','KZ-AST',117),(20310,'MK','MKD','Gazi Baba *','MK-GB',134),(20311,'MK','MKD','Gjorce Petrov *','MK-GP',134),(20312,'MK','MKD','Gradsko','MK-GR',134),(20313,'MK','MKD','Ilinden','MK-IL',134),(20314,'MK','MKD','Jegunovce','MK-JG',134),(20315,'MK','MKD','Karbinci','MK-KB',134),(20316,'MK','MKD','Karpoš *','MK-KX',134),(20324,'ST','STP','Príncipe','ST-P',198),(20325,'ST','STP','São Tomé','ST-S',198),(20407,'TH','THA','Phatthaya','TH-S',224),(20483,'TT','TTO','Eastern Tobago','TT-ETO',230),(20488,'TT','TTO','Western Tobago','TT-WTO',230),(20519,'UG','UGA','Kalangala','UG-101',236),(20520,'UG','UGA','Kampala','UG-102',236),(20521,'UG','UGA','Kiboga','UG-103',236),(20522,'UG','UGA','Luwero','UG-104',236),(20523,'UG','UGA','Masaka','UG-105',236),(20524,'UG','UGA','Mpigi','UG-106',236),(20525,'UG','UGA','Mubende','UG-107',236),(20526,'UG','UGA','Mukono','UG-108',236),(20527,'UG','UGA','Nakasongola','UG-109',236),(20528,'UG','UGA','Rakai','UG-110',236),(20529,'UG','UGA','Sembabule','UG-111',236),(20530,'UG','UGA','Kayunga','UG-112',236),(20531,'UG','UGA','Wakiso','UG-113',236),(20532,'UG','UGA','Bugiri','UG-201',236),(20533,'UG','UGA','Busia','UG-202',236),(20534,'UG','UGA','Iganga','UG-203',236),(20535,'UG','UGA','Jinja','UG-204',236),(20536,'UG','UGA','Kamuli','UG-205',236),(20537,'UG','UGA','Kapchorwa','UG-206',236),(20538,'UG','UGA','Katakwi','UG-207',236),(20539,'UG','UGA','Kumi','UG-208',236),(20540,'UG','UGA','Mbale','UG-209',236),(20541,'UG','UGA','Pallisa','UG-210',236),(20542,'UG','UGA','Soroti','UG-211',236),(20543,'UG','UGA','Tororo','UG-212',236),(20544,'UG','UGA','Kaberamaido','UG-213',236),(20545,'UG','UGA','Mayuge','UG-214',236),(20546,'UG','UGA','Sironko','UG-215',236),(20547,'UG','UGA','Adjumani','UG-301',236),(20548,'UG','UGA','Apac','UG-302',236),(20549,'UG','UGA','Arua','UG-303',236),(20550,'UG','UGA','Gulu','UG-304',236),(20551,'UG','UGA','Kitgum','UG-305',236),(20552,'UG','UGA','Kotido','UG-306',236),(20553,'UG','UGA','Lira','UG-307',236),(20554,'UG','UGA','Moroto','UG-308',236),(20555,'UG','UGA','Moyo','UG-309',236),(20556,'UG','UGA','Nebbi','UG-310',236),(20557,'UG','UGA','Nakapiripirit','UG-311',236),(20558,'UG','UGA','Pader','UG-312',236),(20559,'UG','UGA','Yumbe','UG-313',236),(20560,'UG','UGA','Bundibugyo','UG-401',236),(20561,'UG','UGA','Bushenyi','UG-402',236),(20562,'UG','UGA','Hoima','UG-403',236),(20563,'UG','UGA','Kabale','UG-404',236),(20564,'UG','UGA','Kabarole','UG-405',236),(20565,'UG','UGA','Kasese','UG-406',236),(20566,'UG','UGA','Kibaale','UG-407',236),(20567,'UG','UGA','Kisoro','UG-408',236),(20568,'UG','UGA','Masindi','UG-409',236),(20569,'UG','UGA','Mbarara','UG-410',236),(20570,'UG','UGA','Ntungamo','UG-411',236),(20571,'UG','UGA','Rukungiri','UG-412',236),(20572,'UG','UGA','Kamwenge','UG-413',236),(20573,'UG','UGA','Kanungu','UG-414',236),(20574,'UG','UGA','Kyenjojo','UG-415',236),(20580,'UZ','UZB','Toshkent City','UZ-TK',243),(20584,'VN','VNM','Lai Chau','VN-01',247),(20585,'VN','VNM','Lao Cai','VN-02',247),(20586,'VN','VNM','Ha Giang','VN-03',247),(20587,'VN','VNM','Cao Bang','VN-04',247),(20588,'VN','VNM','Son La','VN-05',247),(20589,'VN','VNM','Yen Bai','VN-06',247),(20590,'VN','VNM','Tuyen Quang','VN-07',247),(20591,'VN','VNM','Lang Son','VN-09',247),(20592,'VN','VNM','Quang Ninh','VN-13',247),(20593,'VN','VNM','Hoa Binh','VN-14',247),(20594,'VN','VNM','Ha Tay','VN-15',247),(20595,'VN','VNM','Ninh Binh','VN-18',247),(20596,'VN','VNM','Thai Binh','VN-20',247),(20597,'VN','VNM','Thanh Hoa','VN-21',247),(20598,'VN','VNM','Nghe An','VN-22',247),(20599,'VN','VNM','Ha Tinh','VN-23',247),(20600,'VN','VNM','Quang Binh','VN-24',247),(20601,'VN','VNM','Quang Tri','VN-25',247),(20602,'VN','VNM','Thua Thien-Hue','VN-26',247),(20603,'VN','VNM','Quang Nam','VN-27',247),(20604,'VN','VNM','Kon Tum','VN-28',247),(20605,'VN','VNM','Quang Ngai','VN-29',247),(20606,'VN','VNM','Gia Lai','VN-30',247),(20607,'VN','VNM','Binh Dinh','VN-31',247),(20608,'VN','VNM','Phu Yen','VN-32',247),(20609,'VN','VNM','Dac Lac','VN-33',247),(20610,'VN','VNM','Khanh Hoa','VN-34',247),(20611,'VN','VNM','Lam Dong','VN-35',247),(20612,'VN','VNM','Ninh Thuan','VN-36',247),(20613,'VN','VNM','Tay Ninh','VN-37',247),(20614,'VN','VNM','Dong Nai','VN-39',247),(20615,'VN','VNM','Binh Thuan','VN-40',247),(20616,'VN','VNM','Long An','VN-41',247),(20617,'VN','VNM','Dong Thap','VN-45',247),(20618,'VN','VNM','Tien Giang','VN-46',247),(20619,'VN','VNM','Kien Giang','VN-47',247),(20620,'VN','VNM','Can Tho','VN-48',247),(20621,'VN','VNM','Vinh Long','VN-49',247),(20622,'VN','VNM','Ben Tre','VN-50',247),(20623,'VN','VNM','Tra Vinh','VN-51',247),(20624,'VN','VNM','Soc Trang','VN-52',247),(20625,'VN','VNM','Bac Ninh','VN-56',247),(20626,'VN','VNM','Binh Duong','VN-57',247),(20627,'VN','VNM','Binh Phuoc','VN-58',247),(20628,'VN','VNM','Ca Mau','VN-59',247),(20629,'VN','VNM','Da Nang, thanh pho','VN-60',247),(20630,'VN','VNM','Hai Duong','VN-61',247),(20631,'VN','VNM','Hai Phong, thanh pho','VN-62',247),(20632,'VN','VNM','Ha Nam','VN-63',247),(20633,'VN','VNM','Ha Noi, thu do','VN-64',247),(20634,'VN','VNM','Ho Chi Minh, thanh pho [Sai Gon]','VN-65',247),(20635,'VN','VNM','Hung Yen','VN-66',247),(20636,'VN','VNM','Nam Dinh','VN-67',247),(20637,'VN','VNM','Phu Tho','VN-68',247),(20638,'VN','VNM','Vinh Phuc','VN-70',247),(20639,'VN','VNM','Dien Bien','VN-71',247),(20640,'VN','VNM','Dak Nong','VN-72',247),(20641,'VN','VNM','Hau Giang','VN-73',247),(20647,'WS','WSM','A\'ana','WS-AA',196),(20648,'WS','WSM','Aiga-i-le-Tai','WS-AL',196),(20649,'WS','WSM','Atua','WS-AT',196),(20650,'WS','WSM','Fa\'asaleleaga','WS-FA',196),(20651,'WS','WSM','Gaga\'emauga','WS-GE',196),(20652,'WS','WSM','Gagaifomauga','WS-GI',196),(20653,'WS','WSM','Palauli','WS-PA',196),(20654,'WS','WSM','Satupa\'itea','WS-SA',196),(20655,'WS','WSM','Tuamasaga','WS-TU',196),(20656,'WS','WSM','Va\'a-o-Fonoti','WS-VF',196),(20657,'WS','WSM','Vaisigano','WS-VS',196),(20660,'YE','YEM','\'Amran','YE-AM',252),(20662,'YE','YEM','Ad Dāli‘','YE-DA',252),(20680,'VE','VEN','Yaracuy','VE-U',245),(20681,'VE','VEN','Táchira','VE-S',245),(20682,'VE','VEN','Trujillo','VE-T',245),(20683,'VE','VEN','Vargas','VE-X',245),(20684,'VE','VEN','Zulia','VE-V',245),(20690,'ZM','ZMB','Central','ZM-02',255),(20891,'KY','CYM','East End','KY-03~',44),(21217,'NG','NGA','Abia','NG-AB',165),(21280,'ZW','ZWE','Manicaland','ZW-MA',256),(21281,'ZW','ZWE','Midlands','ZW-MI',256),(21282,'ZW','ZWE','Mashonaland Central','ZW-MC',256),(21283,'ZW','ZWE','Mashonaland East','ZW-ME',256),(21284,'ZW','ZWE','Mashonaland West','ZW-MW',256),(21285,'ZW','ZWE','Matabeleland North','ZW-MN',256),(21286,'ZW','ZWE','Matabeleland South','ZW-MS',256),(21287,'ZW','ZWE','Masvingo','ZW-MV',256),(21342,'EC','ECU','Santa Elena','EC-SE',66),(21343,'EC','ECU','Santo Domingo de los Tsachilas','EC-SD',66),(21344,'FR','FRA','Clipperton','FR-CP',78),(21345,'FR','FRA','Saint-Barthélemy','FR-BL',78),(21346,'FR','FRA','Saint-Martin','FR-MF',78),(21352,'HU','HUN','Erd','HU-ER',103),(21356,'TF','ATF','Iles Eparses','TF-X4~',82),(21361,'OM','OMN','Al Buraymi','OM-BU',170),(21362,'PH','PHL','Shariff Kabunsuan','PH-X2~',180),(21363,'KP','PRK','Pyongan-bukdo','KP-03',121),(21364,'KP','PRK','Pyongan-namdo','KP-02',121),(21365,'KP','PRK','Yanggang-do','KP-10',121),(21366,'KP','PRK','Hwanghae-namdo','KP-05',121),(21367,'KP','PRK','Hwanghae-bukto','KP-06',121),(21368,'KP','PRK','Hamgyong-namdo','KP-08',121),(21369,'KP','PRK','Hamgyong-bukdo','KP-09',121),(21370,'KP','PRK','Chagang-do','KP-04',121),(21371,'KP','PRK','Nason','KP-13',121),(21372,'KP','PRK','Pyongyang','KP-01',121),(21376,'KZ','KAZ','Bayqongyr','KZ-BAY',117),(21378,'MA','MAR','Laayoune-Boujdour-Sakia El Hamra','MA-X1~',153),(21379,'ZW','ZWE','Harare','ZW-HA',256),(21380,'ZW','ZWE','Bulawayo','ZW-BU',256),(21381,'ZM','ZMB','Eastern','ZM-03',255),(21383,'CL','CHL','Arica y Parinacota','CL-AP',47),(21384,'CL','CHL','Los Ríos','CL-LR',47),(42597,'ME','MNE','Šavnik','ME-18',151),(42598,'ME','MNE','Cetinje','ME-06',151),(42599,'ME','MNE','Herceg-Novi','ME-08',151),(42600,'ME','MNE','Ulcinj','ME-20',151),(42601,'ME','MNE','Tivat','ME-19',151),(42602,'ME','MNE','Rožaje','ME-17',151),(42603,'ME','MNE','Podgorica','ME-16',151),(42604,'ME','MNE','Pljevlja','ME-14',151),(42605,'ME','MNE','Plužine','ME-15',151),(42606,'ME','MNE','Plav','ME-13',151),(42607,'ME','MNE','Nikšic´','ME-12',151),(42608,'ME','MNE','Mojkovac','ME-11',151),(42609,'ME','MNE','Kotor','ME-10',151),(42610,'ME','MNE','Kolašin','ME-09',151),(42611,'ME','MNE','Žabljak','ME-21',151),(42612,'ME','MNE','Danilovgrad','ME-07',151),(42613,'ME','MNE','Budva','ME-05',151),(42614,'ME','MNE','Bijelo Polje','ME-04',151),(42615,'ME','MNE','Berane','ME-03',151),(42616,'ME','MNE','Bar','ME-02',151),(42617,'ME','MNE','Andrijevica','ME-01',151),(42618,'YE','YEM','Raymah','YE-RA',252),(42627,'ES','ESP','Melilla','ES-ML',212),(42631,'ES','ESP','Ceuta','ES-CE',212),(42644,'BA','BIH','Brčko distrikt','BA-BRC',31),(42646,'PE','PER','Municipalidad Metropolitana de Lima','PE-LMA',178),(47890,'RS','SRB','Belgrade','RS-00',201),(47904,'GB','GBR','Kingston upon Hull, City of','GB-KHL',239),(47905,'GB','GBR','Kent','GB-KEN',239),(47906,'GB','GBR','Isle of Wight','GB-IOW',239),(47907,'GB','GBR','Hertfordshire','GB-HRT',239),(47908,'GB','GBR','Herefordshire, County of','GB-HEF',239),(47909,'GB','GBR','Hartlepool','GB-HPL',239),(47910,'GB','GBR','Hampshire','GB-HAM',239),(47911,'GB','GBR','Halton','GB-HAL',239),(47912,'GB','GBR','London, City of','GB-LND',239),(47913,'GB','GBR','Gloucestershire','GB-GLS',239),(47914,'GB','GBR','Essex','GB-ESS',239),(47915,'GB','GBR','East Sussex','GB-ESX',239),(47916,'GB','GBR','East Riding of Yorkshire','GB-ERY',239),(47917,'GB','GBR','Durham','GB-DUR',239),(47918,'GB','GBR','Dorset','GB-DOR',239),(47919,'GB','GBR','Devon','GB-DEV',239),(47920,'GB','GBR','Derbyshire','GB-DBY',239),(47921,'GB','GBR','Derby','GB-DER',239),(47922,'GB','GBR','Darlington','GB-DAL',239),(47923,'GB','GBR','Cumbria','GB-CMA',239),(47924,'GB','GBR','Cornwall','GB-CON',239),(47925,'GB','GBR','Cheshire','GB-CHS',239),(47926,'GB','GBR','Cambridgeshire','GB-CAM',239),(47927,'GB','GBR','Buckinghamshire','GB-BKM',239),(47928,'GB','GBR','Bristol, City of','GB-BST',239),(47929,'GB','GBR','Brighton and Hove','GB-BNH',239),(47930,'GB','GBR','Bracknell Forest','GB-BRC',239),(47931,'GB','GBR','Bournemouth','GB-BMH',239),(47932,'GB','GBR','Blackpool','GB-BPL',239),(47933,'GB','GBR','Blackburn with Darwen','GB-BBD',239),(47934,'GB','GBR','Bedfordshire','GB-BDF',239),(47935,'GB','GBR','Bath and North East Somerset','GB-BAS',239),(47936,'GB','GBR','Wrexham [Wrecsam GB-WRC]','GB-WRX',239),(47937,'GB','GBR','Vale of Glamorgan, The [Bro Morgannwg GB-BMG]','GB-VGL',239),(47938,'GB','GBR','Torfaen [Tor-faen]','GB-TOF',239),(47939,'GB','GBR','Swansea [Abertawe GB-ATA]','GB-SWA',239),(47940,'GB','GBR','Rhondda, Cynon, Taff [Rhondda, Cynon,Taf]','GB-RCT',239),(47941,'GB','GBR','Powys','GB-POW',239),(47942,'GB','GBR','Pembrokeshire [Sir Benfro GB-BNF]','GB-PEM',239),(47943,'GB','GBR','Newport [Casnewydd GB-CNW]','GB-NWP',239),(47944,'GB','GBR','Neath Port Talbot [Castell-nedd Port Talbot GB-CTL]','GB-NTL',239),(47945,'GB','GBR','Monmouthshire [Sir Fynwy GB-FYN]','GB-MON',239),(47946,'GB','GBR','Merthyr Tydfil [Merthyr Tudful GB-MTU]','GB-MTY',239),(47947,'GB','GBR','Gwynedd','GB-GWN',239),(47948,'GB','GBR','Flintshire [Sir y Fflint GB-FFL]','GB-FLN',239),(47949,'GB','GBR','Denbighshire [Sir Ddinbych GB-DDB]','GB-DEN',239),(47950,'GB','GBR','Conwy','GB-CWY',239),(47951,'GB','GBR','Ceredigion [Sir Ceredigion]','GB-CGN',239),(47952,'GB','GBR','Carmarthenshire [Sir Gaerfyrddin GB-GFY]','GB-CMN',239),(47953,'GB','GBR','Cardiff [Caerdydd GB-CRD]','GB-CRF',239),(47954,'GB','GBR','Caerphilly [Caerffili GB-CAF]','GB-CAY',239),(47955,'GB','GBR','Bridgend [Pen-y-bont ar Ogwr GB-POG]','GB-BGE',239),(47956,'GB','GBR','Blaenau Gwent','GB-BGW',239),(47957,'GB','GBR','Isle of Anglesey [Sir Ynys Môn GB-YNM]','GB-AGY',239),(47958,'GB','GBR','West Lothian','GB-WLN',239),(47959,'GB','GBR','West Dunbartonshire','GB-WDU',239),(47960,'GB','GBR','Stirling','GB-STG',239),(47961,'GB','GBR','South Lanarkshire','GB-SLK',239),(47962,'GB','GBR','South Ayrshire','GB-SAY',239),(47963,'GB','GBR','Shetland Islands','GB-ZET',239),(47964,'GB','GBR','Scottish Borders, The','GB-SCB',239),(47965,'GB','GBR','Renfrewshire','GB-RFW',239),(47966,'GB','GBR','Perth and Kinross','GB-PKN',239),(47967,'GB','GBR','Orkney Islands','GB-ORK',239),(47968,'GB','GBR','North Lanarkshire','GB-NLK',239),(47969,'GB','GBR','North Ayrshire','GB-NAY',239),(47970,'GB','GBR','Moray','GB-MRY',239),(47971,'GB','GBR','Midlothian','GB-MLN',239),(47972,'GB','GBR','Inverclyde','GB-IVC',239),(47973,'GB','GBR','Highland','GB-HLD',239),(47974,'GB','GBR','Glasgow City','GB-GLG',239),(47975,'GB','GBR','Fife','GB-FIF',239),(47976,'GB','GBR','Falkirk','GB-FAL',239),(47977,'GB','GBR','Eilean Siar','GB-ELS',239),(47978,'GB','GBR','Edinburgh, City of','GB-EDH',239),(47979,'GB','GBR','East Renfrewshire','GB-ERW',239),(47980,'GB','GBR','East Lothian','GB-ELN',239),(47981,'GB','GBR','East Dunbartonshire','GB-EDU',239),(47982,'GB','GBR','East Ayrshire','GB-EAY',239),(47983,'GB','GBR','Dundee City','GB-DND',239),(47984,'GB','GBR','Dumfries and Galloway','GB-DGY',239),(47985,'GB','GBR','Clackmannanshire','GB-CLK',239),(47986,'GB','GBR','Argyll and Bute','GB-AGB',239),(47987,'GB','GBR','Angus','GB-ANS',239),(47988,'GB','GBR','Aberdeenshire','GB-ABD',239),(47989,'GB','GBR','Aberdeen City','GB-ABE',239),(47990,'GB','GBR','Strabane','GB-STB',239),(47991,'GB','GBR','Omagh','GB-OMH',239),(47992,'GB','GBR','North Down','GB-NDN',239),(47993,'GB','GBR','Newtownabbey','GB-NTA',239),(47994,'GB','GBR','Newry and Mourne','GB-NYM',239),(47995,'GB','GBR','Moyle','GB-MYL',239),(47996,'GB','GBR','Magherafelt','GB-MFT',239),(47997,'GB','GBR','Derry','GB-DRY',239),(47998,'GB','GBR','Lisburn','GB-LSB',239),(47999,'GB','GBR','Limavady','GB-LMV',239),(48000,'GB','GBR','Larne','GB-LRN',239),(48001,'GB','GBR','Fermanagh','GB-FER',239),(48002,'GB','GBR','Dungannon','GB-DGN',239),(48003,'GB','GBR','Down','GB-DOW',239),(48004,'GB','GBR','Craigavon','GB-CGV',239),(48005,'GB','GBR','Cookstown','GB-CKT',239),(48006,'GB','GBR','Coleraine','GB-CLR',239),(48007,'GB','GBR','Castlereagh','GB-CSR',239),(48008,'GB','GBR','Carrickfergus','GB-CKF',239),(48009,'GB','GBR','Belfast','GB-BFS',239),(48010,'GB','GBR','Banbridge','GB-BNB',239),(48011,'GB','GBR','Ballymoney','GB-BLY',239),(48012,'GB','GBR','Ballymena','GB-BLA',239),(48013,'GB','GBR','Armagh','GB-ARM',239),(48014,'GB','GBR','Ards','GB-ARD',239),(48015,'GB','GBR','Antrim','GB-ANT',239),(48016,'GB','GBR','York','GB-YOR',239),(48017,'GB','GBR','Worcestershire','GB-WOR',239),(48018,'GB','GBR','Wokingham','GB-WOK',239),(48019,'GB','GBR','Windsor and Maidenhead','GB-WNM',239),(48020,'GB','GBR','Wiltshire','GB-WIL',239),(48022,'GB','GBR','West Sussex','GB-WSX',239),(48024,'GB','GBR','West Berkshire','GB-WBK',239),(48025,'GB','GBR','Warwickshire','GB-WAR',239),(48026,'GB','GBR','Warrington','GB-WRT',239),(48028,'GB','GBR','Torbay','GB-TOB',239),(48029,'GB','GBR','Thurrock','GB-THR',239),(48030,'GB','GBR','Telford and Wrekin','GB-TFW',239),(48031,'GB','GBR','Swindon','GB-SWD',239),(48032,'GB','GBR','Surrey','GB-SRY',239),(48033,'GB','GBR','Suffolk','GB-SFK',239),(48034,'GB','GBR','Stoke-on-Trent','GB-STE',239),(48035,'GB','GBR','Stockton-on-Tees','GB-STT',239),(48036,'GB','GBR','Staffordshire','GB-STS',239),(48037,'GB','GBR','Southend-on-Sea','GB-SOS',239),(48038,'GB','GBR','Southampton','GB-STH',239),(48040,'GB','GBR','South Gloucestershire','GB-SGC',239),(48041,'GB','GBR','Somerset','GB-SOM',239),(48042,'GB','GBR','Slough','GB-SLG',239),(48043,'GB','GBR','Shropshire','GB-SHR',239),(48044,'GB','GBR','Rutland','GB-RUT',239),(48045,'GB','GBR','Redcar and Cleveland','GB-RCC',239),(48046,'GB','GBR','Reading','GB-RDG',239),(48047,'GB','GBR','Portsmouth','GB-POR',239),(48048,'GB','GBR','Poole','GB-POL',239),(48049,'GB','GBR','Plymouth','GB-PLY',239),(48050,'GB','GBR','Peterborough','GB-PTE',239),(48051,'GB','GBR','Oxfordshire','GB-OXF',239),(48052,'GB','GBR','Nottinghamshire','GB-NTT',239),(48053,'GB','GBR','Nottingham','GB-NGM',239),(48054,'GB','GBR','Northumberland','GB-NBL',239),(48055,'GB','GBR','Northamptonshire','GB-NTH',239),(48056,'GB','GBR','North Yorkshire','GB-NYK',239),(48057,'GB','GBR','North Somerset','GB-NSM',239),(48058,'GB','GBR','North Lincolnshire','GB-NLN',239),(48059,'GB','GBR','North East Lincolnshire','GB-NEL',239),(48060,'GB','GBR','Norfolk','GB-NFK',239),(48061,'GB','GBR','Milton Keynes','GB-MIK',239),(48062,'GB','GBR','Middlesbrough','GB-MDB',239),(48064,'GB','GBR','Medway','GB-MDW',239),(48065,'GB','GBR','Luton','GB-LUT',239),(48066,'GB','GBR','Manchester','GB-MAN',239),(48067,'GB','GBR','Lincolnshire','GB-LIN',239),(48068,'GB','GBR','Leicestershire','GB-LEC',239),(48069,'GB','GBR','Leicester','GB-LCE',239),(48070,'GB','GBR','Lancashire','GB-LAN',239),(48078,'SG','SGP','Singapore - No State','SG-X1~',205),(48080,'KY','CYM','Bodden Town','KY-01~',44),(48081,'KY','CYM','George Town','KY-04~',44),(48082,'KY','CYM','North Side','KY-06~',44),(48083,'KY','CYM','West Bay','KY-07~',44),(48086,'IT','ITA','Fermo','IT-FM',112),(48087,'IT','ITA','Monza e Brianza','IT-MB',112),(48088,'IT','ITA','Barletta-Andria-Trani','IT-BT',112),(48100,'MA','MAR','Chtouka-Ait Baha','MA-CHT',153),(48101,'MH','MHL','Jabat','MH-JAB',141),(48102,'UG','UGA','Abim','UG-317',236),(48103,'UG','UGA','Amolatar','UG-314',236),(48104,'UG','UGA','Amuria','UG-216',236),(48105,'UG','UGA','Amuru','UG-319',236),(48106,'UG','UGA','Budaka','UG-217',236),(48107,'UG','UGA','Bukwa','UG-218',236),(48108,'UG','UGA','Butaleja','UG-219',236),(48109,'UG','UGA','Dokolo','UG-318',236),(48110,'UG','UGA','Ibanda','UG-416',236),(48111,'UG','UGA','Isingiro','UG-417',236),(48112,'UG','UGA','Kaabong','UG-315',236),(48113,'UG','UGA','Kaliro','UG-220',236),(48114,'UG','UGA','Kiruhura','UG-418',236),(48115,'UG','UGA','Koboko','UG-316',236),(48116,'UG','UGA','Manafwa','UG-221',236),(48117,'UG','UGA','Maracha','UG-320',236),(48118,'UG','UGA','Nakaseke','UG-115',236),(48119,'UG','UGA','Namutumba','UG-222',236),(48121,'UG','UGA','Bukedea','UG-224',236),(48122,'UG','UGA','Bududa','UG-223',236),(48123,'UG','UGA','Lyantonde','UG-116',236),(48124,'UG','UGA','Buliisa','UG-419',236),(48125,'UG','UGA','Mityana','UG-114',236),(48126,'UG','UGA','Oyam','UG-321',236),(48128,'BI','BDI','Bujumbura Mairie','BI-BM',39),(48129,'BI','BDI','Bujumbura Rural','BI-BL',39),(48140,'BS','BHS','Berry Islands','BS-BY',18),(48141,'BS','BHS','Black Point','BS-BP',18),(48142,'BS','BHS','Central Abaco','BS-CO',18),(48143,'BS','BHS','Central Andros','BS-CS',18),(48144,'BS','BHS','Central Eleuthera','BS-CE',18),(48146,'BS','BHS','Crooked Island and Long Cay','BS-CK',18),(48147,'BS','BHS','East Grand Bahama','BS-EG',18),(48148,'BS','BHS','Hope Town','BS-HT',18),(48149,'BS','BHS','Mangrove Cay','BS-MC',18),(48150,'BS','BHS','Moore’s Island','BS-MI',18),(48151,'BS','BHS','North Abaco','BS-NO',18),(48152,'BS','BHS','North Andros','BS-NS',18),(48153,'BS','BHS','North Eleuthera','BS-NE',18),(48154,'BS','BHS','Rum Cay','BS-RC',18),(48155,'BS','BHS','San Salvador','BS-SS',18),(48156,'BS','BHS','South Abaco','BS-SO',18),(48157,'BS','BHS','South Andros','BS-SA',18),(48158,'BS','BHS','South Eleuthera','BS-SE',18),(48159,'BS','BHS','Spanish Wells','BS-SW',18),(48160,'BS','BHS','West Grand Bahama','BS-WG',18),(48161,'BA','BIH','Bosansko-podrinjski kanton','BA-05',31),(48162,'BA','BIH','Hercegova?ko-neretvanski kanton','BA-07',31),(48163,'BA','BIH','Kanton br. 10 (Livanjski kanton)','BA-10',31),(48164,'BA','BIH','Kanton Sarajevo','BA-09',31),(48165,'BA','BIH','Posavski kanton','BA-02',31),(48166,'BA','BIH','Srednjobosanski kanton','BA-06',31),(48167,'BA','BIH','Tuzlanski kanton','BA-03',31),(48168,'BA','BIH','Unsko-sanski kanton','BA-01',31),(48169,'BA','BIH','Zapadnohercegova?ki kanton','BA-08',31),(48170,'BA','BIH','Zeni?ko-dobojski kanton','BA-04',31),(48171,'BF','BFA','Boucle du Mouhoun','BF-01',38),(48172,'BF','BFA','Cascades','BF-02',38),(48173,'BF','BFA','Centre','BF-03',38),(48174,'BF','BFA','Centre-Est','BF-04',38),(48175,'BF','BFA','Centre-Nord','BF-05',38),(48176,'BF','BFA','Centre-Ouest','BF-06',38),(48177,'BF','BFA','Centre-Sud','BF-07',38),(48178,'BF','BFA','Est','BF-08',38),(48179,'BF','BFA','Hauts-Bassins','BF-09',38),(48180,'BF','BFA','Nord','BF-10',38),(48181,'BF','BFA','Plateau-Central','BF-11',38),(48182,'BF','BFA','Sahel','BF-12',38),(48183,'BF','BFA','Sud-Ouest','BF-13',38),(48184,'CV','CPV','Ilhas de Barlavento','CV-B',43),(48185,'CV','CPV','Ilhas de Sotavento','CV-S',43),(48189,'TD','TCD','Baḩr al Ghazāl','TD-BG',46),(48190,'TD','TCD','Būrkū','TD-BO',46),(48191,'TD','TCD','Innīdī','TD-EN',46),(48192,'TD','TCD','Sīlā','TD-SI',46),(48193,'TD','TCD','Tibastī','TD-TI',46),(48194,'EG','EGY','As Sādis min Uktūbar','EG-SU',67),(48195,'EG','EGY','Ḩulwān','EG-HU',67),(48196,'SI','SVN','Šmartno pri Litiji','SI-194',207),(48197,'SI','SVN','Apače','SI-195',207),(48198,'SI','SVN','Cirkulane','SI-197',207),(48199,'SI','SVN','Kosanjevica na Krki','SI-196',207),(48200,'SI','SVN','Makole','SI-198',207),(48201,'SI','SVN','Mokronog-Trebelno','SI-199',207),(48202,'SI','SVN','Poljčane','SI-200',207),(48203,'SI','SVN','Renče-Vogrsko','SI-201',207),(48204,'SI','SVN','Rečica ob Savinji','SI-209',207),(48205,'SI','SVN','Sveti Jurij v Slovenskih Goricah','SI-210',207),(48206,'SI','SVN','Središče ob Dravi','SI-202',207),(48207,'SI','SVN','Straža','SI-203',207),(48208,'SI','SVN','Sveta Trojica v Slovenskih Goricah','SI-204',207),(48209,'SI','SVN','Sveti Tomaž','SI-205',207),(48210,'SI','SVN','Šentrupert','SI-211',207),(48211,'SI','SVN','Šmarješke Toplice','SI-206',207),(48212,'SI','SVN','Gorje','SI-207',207),(48213,'SI','SVN','Log-Dragomer','SI-208',207),(48214,'YE','YEM','Şan‘ā','YE-SA',252),(48216,'SC','SYC','Les Mamelles','SC-24',202),(48217,'SC','SYC','Roche Caiman','SC-25',202),(48218,'SN','SEN','Kaffrine','SN-KA',200),(48219,'SN','SEN','Kédougou','SN-KE',200),(48220,'SN','SEN','Sédhiou','SN-SE',200),(48221,'RU','RUS','Zabajkal\'skij kraj','RU-ZAB',190),(48225,'GL','GRL','Kommune Kujalleq (kl)','GL-KU',89),(48226,'GL','GRL','Kommuneqarfik Sermersooq (kl)','GL-SM',89),(48227,'GL','GRL','Qaasuitsup Kommunia (kl)','GL-QA',89),(48228,'GL','GRL','Qeqqata Kommunia (kl)','GL-QE',89),(48229,'LY','LBY','Al Jabal al Gharbī','LY-JG',129),(48230,'LY','LBY','Wādī ash Shāţiʾ','LY-WS',129),(48231,'MW','MWI','Neno','MW-NE',136),(48232,'MW','MWI','Central Region','MW-C',136),(48233,'MW','MWI','Northern Region','MW-N',136),(48234,'MW','MWI','Southern Region','MW-S',136),(48235,'NZ','NZL','North Island','NZ-N',162),(48236,'NZ','NZL','South Island','NZ-S',162),(48237,'OM','OMN','Z̧ufār','OM-ZU',170),(48238,'PA','PAN','Kuna Yala','PA-KY',175),(48239,'PH','PHL','CALABARZON (Region IV-A)','PH-40',180),(48240,'PH','PHL','Davao (Region XI)','PH-11',180),(48241,'PH','PHL','MIMAROPA (Region IV-B)','PH-41',180),(48242,'PH','PHL','Soccsksargen (Region XII)','PH-12',180),(48243,'PH','PHL','Zamboanga Peninsula (Region IX)','PH-09',180),(48244,'CV','CPV','Ribeira Brava','CV-RB',43),(48245,'CV','CPV','Ribeira Grande de Santiago','CV-RS',43),(48246,'CV','CPV','Santa Catarina do Fogo','CV-CF',43),(48247,'CV','CPV','São Miguel','CV-SM',43),(48248,'CV','CPV','São Salvador do Mundo','CV-SS',43),(48249,'CV','CPV','Tarrafal de São Nicolau','CV-TS',43);

/*Table structure for table `qualification` */

DROP TABLE IF EXISTS `qualification`;

CREATE TABLE `qualification` (
  `Qid` int(11) NOT NULL AUTO_INCREMENT,
  `InfoId` int(11) DEFAULT NULL,
  `Institute` varchar(255) DEFAULT NULL,
  `DegreeId` varchar(255) DEFAULT NULL,
  `Grade` varchar(255) DEFAULT NULL,
  `Year` varchar(11) DEFAULT NULL,
  `AddedOn` varchar(255) DEFAULT NULL,
  `AddedBy` varchar(255) DEFAULT NULL,
  `UpdatedOn` varchar(255) DEFAULT NULL,
  PRIMARY KEY (`Qid`)
) ENGINE=MyISAM AUTO_INCREMENT=5 DEFAULT CHARSET=latin1;

/*Data for the table `qualification` */

insert  into `qualification`(`Qid`,`InfoId`,`Institute`,`DegreeId`,`Grade`,`Year`,`AddedOn`,`AddedBy`,`UpdatedOn`) values (1,1,'Noor Muhammad Hight School','1','A','2013','2018-03-08 18:03:51 pm',NULL,'2018-03-13 11:03:30 am'),(2,1,'Noor Muhammad Hight School','3','A','2003','2018-03-13 11:03:29 am',NULL,'2018-03-13 11:03:29 am'),(3,2,'Noor Muhammad High School School Hyderabad','2','A 1','2000','2018-03-13 14:03:36 pm',NULL,'2018-03-13 14:03:13 pm'),(4,2,'Govt Collage Kali Mori Hyderabad','2','A 1','2009','2018-03-13 14:03:36 pm',NULL,'2018-03-13 14:03:36 pm');

/*Table structure for table `referencers` */

DROP TABLE IF EXISTS `referencers`;

CREATE TABLE `referencers` (
  `RId` int(11) NOT NULL AUTO_INCREMENT,
  `Name` varchar(255) DEFAULT NULL,
  `Organization` varchar(255) DEFAULT NULL,
  `Email` text,
  `Contact` varchar(255) DEFAULT NULL,
  `InfoId` int(11) DEFAULT NULL,
  `AddedOn` varchar(255) DEFAULT NULL,
  `UpdatedOn` varchar(255) DEFAULT NULL,
  `AddedBy` varchar(255) DEFAULT NULL,
  PRIMARY KEY (`RId`)
) ENGINE=MyISAM AUTO_INCREMENT=11 DEFAULT CHARSET=latin1;

/*Data for the table `referencers` */

insert  into `referencers`(`RId`,`Name`,`Organization`,`Email`,`Contact`,`InfoId`,`AddedOn`,`UpdatedOn`,`AddedBy`) values (1,'Awais Makhdoom','Verge systems Inc','abc@gmail.com','03123123123',1,'2018-03-08 18:03:51 pm','2018-03-13 11:03:30 am',NULL),(2,'Awais Makhdoom','Verge systems Inc','abc@gmail.com','03123123123',1,'2018-03-13 11:03:30 am','2018-03-13 11:03:30 am',NULL),(3,'Ashfaq Ahmed','Bayt Solutions','AshfaqAhmedSolangi@gmail.com','03332710311',2,'2018-03-13 14:03:36 pm','2018-03-13 14:03:13 pm',NULL),(6,'tesatas','asdasd','designer.baloch2015@gmail.com','-21231231232',11,'2018-03-24 10:03:57 am',NULL,NULL),(7,'tesatas','asdasd','designer.baloch2015@gmail.com','123123123123',25,'2018-04-07 21:04:48 pm',NULL,NULL),(8,'tesatas','asdasd','designer.baloch2015@gmail.com','123123123123',26,'2018-04-07 21:04:08 pm',NULL,NULL),(10,'tesatas','asdasd','designer.baloch2015@gmail.com','12312312',28,'2018-04-22 21:04:48 pm',NULL,NULL);

/*Table structure for table `skills` */

DROP TABLE IF EXISTS `skills`;

CREATE TABLE `skills` (
  `SkillId` int(11) NOT NULL AUTO_INCREMENT,
  `Skill_Name` varchar(255) DEFAULT NULL,
  `AddedOn` varchar(255) DEFAULT NULL,
  `UpdatedOn` datetime DEFAULT NULL,
  `Status` varchar(255) DEFAULT NULL,
  PRIMARY KEY (`SkillId`) USING BTREE
) ENGINE=MyISAM AUTO_INCREMENT=13 DEFAULT CHARSET=latin1;

/*Data for the table `skills` */

insert  into `skills`(`SkillId`,`Skill_Name`,`AddedOn`,`UpdatedOn`,`Status`) values (1,'PHP','2018-02-28 10:21:58',NULL,NULL),(2,'Html','2018-02-28 10:21:58',NULL,NULL),(3,'Laravel','2018-02-28 10:21:58',NULL,NULL),(4,'JavaScript','2018-02-28 10:21:58',NULL,NULL),(5,'JQuery','2018-02-28 10:21:58',NULL,NULL),(6,'Ajax','2018-02-28 10:21:58',NULL,NULL),(7,'Codeigniter','2018-02-28 18:02:39 pm',NULL,NULL),(8,'Javascript','2018-02-28 18:02:39 pm',NULL,NULL),(9,'Rubi Rails','2018-02-28 18:02:39 pm',NULL,NULL),(10,'C#','2018-02-28 18:02:39 pm',NULL,NULL),(11,'C++',NULL,NULL,NULL),(12,'C',NULL,NULL,NULL);

/*Table structure for table `taluka` */

DROP TABLE IF EXISTS `taluka`;

CREATE TABLE `taluka` (
  `TownId` int(11) NOT NULL AUTO_INCREMENT,
  `OrganizationId` int(11) DEFAULT '1',
  `TownName` varchar(240) DEFAULT NULL,
  `DistrictId` int(11) DEFAULT NULL,
  `TownAddedBy` int(11) DEFAULT NULL,
  `TownAddedOn` datetime DEFAULT NULL,
  PRIMARY KEY (`TownId`) USING BTREE
) ENGINE=InnoDB AUTO_INCREMENT=138 DEFAULT CHARSET=utf8;

/*Data for the table `taluka` */

insert  into `taluka`(`TownId`,`OrganizationId`,`TownName`,`DistrictId`,`TownAddedBy`,`TownAddedOn`) values (1,1,'Matli',1,1,NULL),(2,1,'Golarchi-S.F.Rao',1,1,NULL),(3,1,'Tando Bago',1,1,NULL),(4,1,'Talhar',1,1,NULL),(5,1,'Badin',1,1,NULL),(6,1,'Gulberg Town',2,1,NULL),(7,1,'North Nazimabad T',2,1,NULL),(8,1,'Liaqatabad Town',2,1,NULL),(9,1,'New Karachi Town',2,1,NULL),(10,1,'Mehar',3,1,NULL),(11,1,'K N Shah',3,1,NULL),(12,1,'Dadu',3,1,NULL),(13,1,'Johi',3,1,NULL),(14,1,'Gulshan-e-Iqbal T',4,1,NULL),(15,1,'Jamshed Town',4,1,NULL),(16,1,'Mirpur Mathelo',5,1,NULL),(17,1,'Khan Garh',5,1,NULL),(18,1,'Ubauro',5,1,NULL),(19,1,'Ghotki',5,1,NULL),(20,1,'Daharki',5,1,NULL),(21,1,'Hyderabad City',6,1,NULL),(22,1,'Qasimabad',6,1,NULL),(23,1,'Hyderabad',6,1,NULL),(24,1,'Latifabad',6,1,NULL),(25,1,'Thull',7,1,NULL),(26,1,'Garhi Khairo',7,1,NULL),(27,1,'Jacobabad',7,1,NULL),(28,1,'Sehwan',8,1,NULL),(29,1,'Thana Bula Khan',8,1,NULL),(30,1,'Kotri',8,1,NULL),(31,1,'Manjhand',8,1,NULL),(32,1,'Qubo Saeed Khan',9,1,NULL),(33,1,'Miro Khan',9,1,NULL),(34,1,'Sijawal Junejo',9,1,NULL),(35,1,'Shahdadkot',9,1,NULL),(36,1,'Naseerabad',9,1,NULL),(37,1,'Warrah',9,1,NULL),(38,1,'Kambar',9,1,NULL),(39,1,'Kandhkot',10,1,NULL),(40,1,'Tangwani',10,1,NULL),(41,1,'Kashmore',10,1,NULL),(42,1,'Nara',11,1,NULL),(43,1,'Mirwah',11,1,NULL),(44,1,'Kot Diji',11,1,NULL),(45,1,'Kingri',11,1,NULL),(46,1,'Gambat',11,1,NULL),(47,1,'Khairpur Mirs',11,1,NULL),(48,1,'Sobhodero',11,1,NULL),(49,1,'Faiz Ganj',11,1,NULL),(50,1,'Shah Faisal Town',12,1,NULL),(51,1,'Korangi Town',12,1,NULL),(52,1,'Landhi Town',12,1,NULL),(53,1,'Malir Town',12,1,NULL),(54,1,'Rato Dero',13,1,NULL),(55,1,'Larkana',13,1,NULL),(56,1,'Bakrani',13,1,NULL),(57,1,'Dokri',13,1,NULL),(58,1,'Gadap Town',14,1,NULL),(59,1,'Bin Qasim Town',14,1,NULL),(60,1,'Jhuddo',15,1,NULL),(61,1,'Digri',15,1,NULL),(62,1,'Sindhri',15,1,NULL),(63,1,'Mirpur Khas',15,1,NULL),(64,1,'Hussain Bux Mari',15,1,NULL),(65,1,'Kot Ghulam Mohd',15,1,NULL),(66,1,'Saeedabad',16,1,NULL),(67,1,'Mitiari',16,1,NULL),(68,1,'Hala',16,1,NULL),(69,1,'Bhirya',17,1,NULL),(70,1,'Kandiaro',17,1,NULL),(71,1,'Naushero Feroz',17,1,NULL),(72,1,'Mehrabpur',17,1,NULL),(73,1,'Moro',17,1,NULL),(74,1,'Sinjhoro',18,1,NULL),(75,1,'Tando Adam',18,1,NULL),(76,1,'Khipro',18,1,NULL),(77,1,'Shahdadpur',18,1,NULL),(78,1,'Sanghar',18,1,NULL),(79,1,'Jam Nawaz Ali',18,1,NULL),(80,1,'Nawab Shah',19,1,NULL),(81,1,'Sakrand',19,1,NULL),(82,1,'Daur',19,1,NULL),(83,1,'Kazi Ahmed',19,1,NULL),(84,1,'Garhi Yasin',20,1,NULL),(85,1,'Shikarpur',20,1,NULL),(86,1,'Khanpur',20,1,NULL),(87,1,'Lakhi',20,1,NULL),(88,1,'Kemari Town',21,1,NULL),(89,1,'Saddar Town',21,1,NULL),(90,1,'Lyari Town',21,1,NULL),(91,1,'Jati',22,1,NULL),(92,1,'Sujawal',22,1,NULL),(93,1,'Mirpur Bithoro',22,1,NULL),(94,1,'Shah Bundar',22,1,NULL),(95,1,'Kharo Chann',22,1,NULL),(96,1,'NEW SUKKUR',23,1,NULL),(97,1,'ROHRI',23,1,NULL),(98,1,'PANO AKIL',23,1,NULL),(99,1,'CITY SUKKUR',23,1,NULL),(100,1,'SALEHPAT',23,1,NULL),(101,1,'Tando Allah Yar',24,1,NULL),(102,1,'Chamber',24,1,NULL),(103,1,'Jhando Mari',24,1,NULL),(104,1,'Tando Ghulam Hyde',25,1,NULL),(105,1,'Bulri Shah Karim',25,1,NULL),(106,1,'Tando Mohd Khan',25,1,NULL),(107,1,'Nagarparkar',26,1,NULL),(108,1,'Diplo',26,1,NULL),(109,1,'Chachro',26,1,NULL),(110,1,'Mithi',26,1,NULL),(111,1,'Thatta',27,1,NULL),(112,1,'Mirpur Sakro',27,1,NULL),(113,1,'Ghorabari',27,1,NULL),(114,1,'Keti Bundar',27,1,NULL),(115,1,'Umerkot',28,1,NULL),(116,1,'Samaro',28,1,NULL),(117,1,'Kunri',28,1,NULL),(118,1,'Pithoro',28,1,NULL),(119,1,'Baldia Town',29,1,NULL),(120,1,'Orangi Town',29,1,NULL),(121,1,'SITE Town',29,1,NULL),(122,1,'Jati',27,1,NULL),(123,1,'Sujawal',27,1,NULL),(124,1,'Mirpur Bithoro',27,1,NULL),(125,1,'Shah Bundar',27,1,NULL),(126,1,'Kharo Chann',27,1,NULL),(127,1,'Bhit Shah',16,1,NULL),(128,1,'Nasar Pur',24,1,NULL),(129,1,'Jumo Khan',24,1,NULL),(130,1,'Islamkot',26,1,NULL),(131,1,'Kaloi',26,1,NULL),(132,1,'Shujabad',15,1,NULL),(133,1,'jhudho',11,1,NULL),(134,1,'shujabad',11,1,NULL),(135,1,'Tando Mari',24,1,NULL),(136,1,'Kot Ghulam Muhammad',11,1,NULL),(137,1,'Samaro',15,1,NULL);

/*Table structure for table `trainings` */

DROP TABLE IF EXISTS `trainings`;

CREATE TABLE `trainings` (
  `TrainingId` int(11) NOT NULL AUTO_INCREMENT,
  `JobTitle` varchar(255) DEFAULT NULL,
  `TrainingTitle` varchar(255) DEFAULT NULL,
  `OrganizationName` varchar(255) DEFAULT NULL,
  `Address` varchar(255) DEFAULT NULL,
  `TrainingFrom` datetime DEFAULT NULL,
  `TrainingTo` datetime DEFAULT NULL,
  `InfoId` int(11) DEFAULT NULL,
  PRIMARY KEY (`TrainingId`)
) ENGINE=MyISAM DEFAULT CHARSET=latin1;

/*Data for the table `trainings` */

/*Table structure for table `uc` */

DROP TABLE IF EXISTS `uc`;

CREATE TABLE `uc` (
  `UcId` int(11) NOT NULL AUTO_INCREMENT,
  `TownId` int(11) DEFAULT NULL,
  `UcName` varchar(55) DEFAULT NULL,
  `UcAddedBy` int(11) DEFAULT NULL,
  `UcAddedOn` datetime DEFAULT NULL,
  PRIMARY KEY (`UcId`) USING BTREE
) ENGINE=InnoDB AUTO_INCREMENT=1243 DEFAULT CHARSET=latin1;

/*Data for the table `uc` */

insert  into `uc`(`UcId`,`TownId`,`UcName`,`UcAddedBy`,`UcAddedOn`) values (1,1,'12-Haji Sanwan',1,'2017-04-25 10:08:38'),(2,1,'9-Halepota',1,'2017-04-25 10:08:38'),(3,10,'5-Shah Punjo',1,'2017-04-25 10:08:38'),(4,42,'2-Sikandarabad',1,'2017-04-25 10:08:38'),(5,10,'1-Radhan',1,'2017-04-25 10:08:38'),(6,10,'6-Nau Goth',1,'2017-04-25 10:08:38'),(7,11,'11-Gozo',1,'2017-04-25 10:08:38'),(8,39,'7-Akhero',1,'2017-04-25 10:08:38'),(9,39,'8-Malheer',1,'2017-04-25 10:08:38'),(10,69,'1-Tharushah',1,'2017-04-25 10:08:38'),(11,32,'1-Hazarwah',1,'2017-04-25 10:08:38'),(12,96,'20-TAMACHANI',1,'2017-04-25 10:08:38'),(13,69,'3-Bhiria City',1,'2017-04-25 10:08:38'),(14,96,'19-BAGERJI',1,'2017-04-25 10:08:38'),(15,39,'3-Khandhkot-III',1,'2017-04-25 10:08:38'),(16,43,'3-Setharja',1,'2017-04-25 10:08:38'),(17,12,'7-Allahabad',1,'2017-04-25 10:08:38'),(18,10,'13-Bali Shah',1,'2017-04-25 10:08:38'),(19,21,'9-U.C. City-9',1,'2017-04-25 10:08:38'),(20,28,'Jahangara',1,'2017-04-25 10:08:38'),(21,40,'5-Saifan',1,'2017-04-25 10:08:38'),(22,41,'14-Badani',1,'2017-04-25 10:08:38'),(23,43,'7-Deparja',1,'2017-04-25 10:08:38'),(24,66,'4-Zairpir',1,'2017-04-25 10:08:38'),(25,54,'8-Behman',1,'2017-04-25 10:08:38'),(26,1,'7-Tharee',1,'2017-04-25 10:08:38'),(27,2,'3-Dubi',1,'2017-04-25 10:08:38'),(28,44,'1-Kotdiji',1,'2017-04-25 10:08:38'),(29,32,'3-Bago Daro',1,'2017-04-25 10:08:38'),(30,44,'11-Nasir Fakir',1,'2017-04-25 10:08:38'),(31,29,'Thana Bola Khan',1,'2017-04-25 10:08:38'),(32,45,'4-Kot Mir Muhammad',1,'2017-04-25 10:08:38'),(33,25,'7-Misripur',1,'2017-04-25 10:08:38'),(34,25,'3-Sherwah',1,'2017-04-25 10:08:38'),(35,80,'12-Chanaser-2',1,'2017-04-25 10:08:38'),(36,81,'6-Karam Jamali',1,'2017-04-25 10:08:38'),(37,40,'10-Suhliani',1,'2017-04-25 10:08:38'),(38,29,'Thano Arab Khan',1,'2017-04-25 10:08:38'),(39,12,'6-Piyaro Station',1,'2017-04-25 10:08:38'),(40,44,'10-Jhando Mashaikh',1,'2017-04-25 10:08:38'),(41,43,'1-Thari Mirwah',1,'2017-04-25 10:08:38'),(42,25,'15-Mirpur',1,'2017-04-25 10:08:38'),(43,12,'13-Mian Yar Muhammad Kalhoro',1,'2017-04-25 10:08:38'),(44,43,'8-Veesar',1,'2017-04-25 10:08:38'),(45,43,'5-Sabar Rind',1,'2017-04-25 10:08:38'),(46,33,'3-Karira',1,'2017-04-25 10:08:38'),(47,82,'1-Daur',1,'2017-04-25 10:08:38'),(48,29,'Toung',1,'2017-04-25 10:08:38'),(49,46,'7-Ripri',1,'2017-04-25 10:08:38'),(50,70,'10-Bhorti',1,'2017-04-25 10:08:38'),(51,47,'10-Mori',1,'2017-04-25 10:08:38'),(52,29,'Sari',1,'2017-04-25 10:08:38'),(53,43,'11-Mandan',1,'2017-04-25 10:08:38'),(54,46,'5-Kamaldero',1,'2017-04-25 10:08:38'),(55,46,'6-Khemtia',1,'2017-04-25 10:08:38'),(56,32,'2-Qubo Saeed Khan',1,'2017-04-25 10:08:38'),(57,33,'2-Bahram',1,'2017-04-25 10:08:38'),(58,43,'6-Hindyari',1,'2017-04-25 10:08:38'),(59,46,'3-Khuhra',1,'2017-04-25 10:08:38'),(60,16,'4-Garhi Chaker',1,'2017-04-25 10:08:38'),(61,46,'1-Gambat-I',1,'2017-04-25 10:08:38'),(62,69,'9-Kot Bahadur',1,'2017-04-25 10:08:38'),(63,29,'Mole',1,'2017-04-25 10:08:38'),(64,11,'12-Chhore Qamber',1,'2017-04-25 10:08:38'),(65,17,'1-Khanpur Mehar',1,'2017-04-25 10:08:38'),(66,3,'8-Khadhro',1,'2017-04-25 10:08:38'),(67,17,'3-Lohi',1,'2017-04-25 10:08:38'),(68,43,'9-Baqi Khan',1,'2017-04-25 10:08:38'),(69,83,'NA',1,'2017-04-25 10:08:38'),(70,17,'4-Bethoorsharf',1,'2017-04-25 10:08:38'),(71,43,'10-Tando Mir Ali',1,'2017-04-25 10:08:38'),(72,17,'2-Mithri',1,'2017-04-25 10:08:38'),(73,46,'4-Belharo',1,'2017-04-25 10:08:38'),(74,11,'7-Thalho',1,'2017-04-25 10:08:38'),(75,4,'1-Talhar',1,'2017-04-25 10:08:38'),(76,1,'8-Tando Ghulam Ali',1,'2017-04-25 10:08:38'),(77,107,'5-Satidera',1,'2017-04-25 10:08:38'),(78,25,'16-Mubarakpur',1,'2017-04-25 10:08:38'),(79,40,'9-Duniapur',1,'2017-04-25 10:08:38'),(80,71,'6-Noorpur',1,'2017-04-25 10:08:38'),(81,81,'11-Marvi',1,'2017-04-25 10:08:38'),(82,81,'3-Pir Zakri',1,'2017-04-25 10:08:38'),(83,5,'5-Muhammad Khan Bhurgari',1,'2017-04-25 10:08:38'),(84,42,'5-Khenwari',1,'2017-04-25 10:08:38'),(85,26,'2-Khuda Abad',1,'2017-04-25 10:08:38'),(86,3,'5-Dei Jarkas',1,'2017-04-25 10:08:38'),(87,97,'21-ROHRI',1,'2017-04-25 10:08:38'),(88,3,'7-Khairpur',1,'2017-04-25 10:08:38'),(89,71,'8-Masurji Wah',1,'2017-04-25 10:08:38'),(90,18,'4-Ranwati',1,'2017-04-25 10:08:38'),(91,98,'45-JUNAS',1,'2017-04-25 10:08:38'),(92,107,'7-Peelu',1,'2017-04-25 10:08:38'),(93,19,'12-Bago Daho',1,'2017-04-25 10:08:38'),(94,42,'4-Tajjal',1,'2017-04-25 10:08:38'),(95,74,'1-Paritamabad',1,'2017-04-25 10:08:38'),(96,47,'6-Therhi',1,'2017-04-25 10:08:38'),(97,40,'7-Cheel',1,'2017-04-25 10:08:38'),(98,83,'6-Shahpur Jahania',1,'2017-04-25 10:08:38'),(99,98,'42-NINDAPUR',1,'2017-04-25 10:08:38'),(100,98,'43-DADLOI',1,'2017-04-25 10:08:38'),(101,74,'4-Jhol',1,'2017-04-25 10:08:38'),(102,98,'37-HINGORO',1,'2017-04-25 10:08:38'),(103,5,'4-Luari Sharif',1,'2017-04-25 10:08:38'),(104,98,'44-SULTANPUR',1,'2017-04-25 10:08:38'),(105,84,'2-Madeji',1,'2017-04-25 10:08:38'),(106,42,'1-Choondiko',1,'2017-04-25 10:08:38'),(107,26,'5-Muhammad Pur',1,'2017-04-25 10:08:38'),(108,5,'12-Bhugra Memon',1,'2017-04-25 10:08:38'),(109,26,'3-Garhi Khairo',1,'2017-04-25 10:08:38'),(110,98,'41-BAIJI SHARIF',1,'2017-04-25 10:08:38'),(111,34,'4-Mastoi',1,'2017-04-25 10:08:38'),(112,34,'1-Sujawal',1,'2017-04-25 10:08:38'),(113,98,'36-MEHRAN',1,'2017-04-25 10:08:38'),(114,26,'6-Miranpur',1,'2017-04-25 10:08:38'),(115,28,'Channa',1,'2017-04-25 10:08:38'),(116,115,'1-Umerkot',1,'2017-04-25 10:08:38'),(117,34,'2-Dhingano Mahesar',1,'2017-04-25 10:08:38'),(118,33,'1-Miro Khan',1,'2017-04-25 10:08:38'),(119,20,'2-Raharki',1,'2017-04-25 10:08:38'),(120,43,'2-Bozdar Wada',1,'2017-04-25 10:08:38'),(121,10,'15-Khan-jo-Goth',1,'2017-04-25 10:08:38'),(122,22,'4-Qasimabad UC-4',1,'2017-04-25 10:08:38'),(123,10,'3-Bothro',1,'2017-04-25 10:08:38'),(124,22,'3-Qasimabad UC-3',1,'2017-04-25 10:08:38'),(125,43,'4-Moosan Shah',1,'2017-04-25 10:08:38'),(126,10,'12-Kazi Arif',1,'2017-04-25 10:08:38'),(127,115,'8-Khararo Syed',1,'2017-04-25 10:08:38'),(128,10,'7-Kolachi',1,'2017-04-25 10:08:38'),(129,10,'10-Faridabad',1,'2017-04-25 10:08:38'),(130,115,'12-Gapno',1,'2017-04-25 10:08:38'),(131,34,'3-Thoof Chosool',1,'2017-04-25 10:08:38'),(132,111,'12-Jhimpir',1,'2017-04-25 10:08:38'),(133,115,'9-Khejrari',1,'2017-04-25 10:08:38'),(134,10,'11-Balidai',1,'2017-04-25 10:08:38'),(135,115,'5-Kaplore',1,'2017-04-25 10:08:38'),(136,5,'8-Mithi',1,'2017-04-25 10:08:38'),(137,112,'9-Haji Ghirano',1,'2017-04-25 10:08:38'),(138,115,'11-Atta Muhammad Palli',1,'2017-04-25 10:08:38'),(139,98,'46-MUBARAKPUR',1,'2017-04-25 10:08:38'),(140,11,'3-Kakar',1,'2017-04-25 10:08:38'),(141,84,'3-Jindo Dero',1,'2017-04-25 10:08:38'),(142,39,'6-Dari',1,'2017-04-25 10:08:38'),(143,69,'11-Molhan',1,'2017-04-25 10:08:38'),(144,70,'8-Muhbat Dero Jatoi',1,'2017-04-25 10:08:38'),(145,4,'4-Rajo Khanani',1,'2017-04-25 10:08:38'),(146,12,'8-Makhdoom Bilawal',1,'2017-04-25 10:08:38'),(147,115,'2-Gharibabad',1,'2017-04-25 10:08:38'),(148,19,'13-Ruk',1,'2017-04-25 10:08:38'),(149,39,'10-Haibat',1,'2017-04-25 10:08:38'),(150,19,'4-Adilpur',1,'2017-04-25 10:08:38'),(151,74,'3-Jafar Khan Laghari',1,'2017-04-25 10:08:38'),(152,28,'Bhan Saeedabad',1,'2017-04-25 10:08:38'),(153,28,'Dal',1,'2017-04-25 10:08:38'),(154,10,'8-Mangwani',1,'2017-04-25 10:08:38'),(155,19,'9-Beriri',1,'2017-04-25 10:08:38'),(156,111,'10-Ongar',1,'2017-04-25 10:08:38'),(157,98,'35-PANO AKIL',1,'2017-04-25 10:08:38'),(158,19,'8-Bandh',1,'2017-04-25 10:08:38'),(159,112,'4-Mirpur Sakro',1,'2017-04-25 10:08:38'),(160,39,'4-Khandhkot-IV',1,'2017-04-25 10:08:38'),(161,39,'5-Ghouspur',1,'2017-04-25 10:08:38'),(162,75,'8-Kumb Darhoon',1,'2017-04-25 10:08:38'),(163,28,'Sehwan I',1,'2017-04-25 10:08:38'),(164,19,'6-Muhammad Khan Ghoto',1,'2017-04-25 10:08:38'),(165,69,'12-Dalipota',1,'2017-04-25 10:08:38'),(166,28,'Talti',1,'2017-04-25 10:08:38'),(167,10,'4-Betto',1,'2017-04-25 10:08:38'),(168,74,'8-Syed Sibghatullah Shaheed',1,'2017-04-25 10:08:38'),(169,19,'10-Umer Daho',1,'2017-04-25 10:08:38'),(170,74,'7-Khadro',1,'2017-04-25 10:08:38'),(171,98,'39-SADHOOJA',1,'2017-04-25 10:08:38'),(172,40,'11-Gulwali',1,'2017-04-25 10:08:38'),(173,40,'1-Tangwani-I',1,'2017-04-25 10:08:38'),(174,115,'7-Sabho',1,'2017-04-25 10:08:38'),(175,19,'5-Hussain Beli',1,'2017-04-25 10:08:38'),(176,19,'1-Ghotki-1',1,'2017-04-25 10:08:38'),(177,40,'6-Lalao',1,'2017-04-25 10:08:38'),(178,69,'8-Ghair Gaju',1,'2017-04-25 10:08:38'),(179,19,'2-Ghotki-2',1,'2017-04-25 10:08:38'),(180,69,'13-Palhano',1,'2017-04-25 10:08:38'),(181,115,'10-Faqir Abdullah',1,'2017-04-25 10:08:38'),(182,74,'2-Kurkali',1,'2017-04-25 10:08:38'),(183,91,'5-Begna',1,'2017-04-25 10:08:38'),(184,69,'7-Chanheen',1,'2017-04-25 10:08:38'),(185,91,'1-Jati',1,'2017-04-25 10:08:38'),(186,69,'10-Khahi Qasim',1,'2017-04-25 10:08:38'),(187,91,'4-Gul Muhammad Baran',1,'2017-04-25 10:08:38'),(188,48,'2-Ranipur',1,'2017-04-25 10:08:38'),(189,48,'3-Hingorja',1,'2017-04-25 10:08:38'),(190,40,'8-Rassaldar',1,'2017-04-25 10:08:38'),(191,91,'2-Kar Mailk',1,'2017-04-25 10:08:38'),(192,48,'6-Rasoolabad',1,'2017-04-25 10:08:38'),(193,113,'1-Khan',1,'2017-04-25 10:08:38'),(194,35,'3-Shahdadkot-3',1,'2017-04-25 10:08:38'),(195,35,'1-Shahdadkot-1',1,'2017-04-25 10:08:38'),(196,18,'2-Langho',1,'2017-04-25 10:08:38'),(197,19,'14-Khohara',1,'2017-04-25 10:08:38'),(198,35,'2-Shahdadkot-2',1,'2017-04-25 10:08:38'),(199,91,'3-Murad Khoso',1,'2017-04-25 10:08:38'),(200,84,'6-Gaheja',1,'2017-04-25 10:08:38'),(201,69,'2-Bhiria Road',1,'2017-04-25 10:08:38'),(202,19,'7-Qadirpur',1,'2017-04-25 10:08:38'),(203,35,'4-Silra',1,'2017-04-25 10:08:38'),(204,74,'6-Shah Mardan Abad',1,'2017-04-25 10:08:38'),(205,10,'2-Thariri Muhbat',1,'2017-04-25 10:08:38'),(206,74,'5-Sinjhoro',1,'2017-04-25 10:08:38'),(207,13,'7-Chhinni',1,'2017-04-25 10:08:38'),(208,91,'6-Kothi',1,'2017-04-25 10:08:38'),(209,35,'6-Jamali',1,'2017-04-25 10:08:38'),(210,10,'9-Mehar',1,'2017-04-25 10:08:38'),(211,35,'5-Aitbar Khan Chandio',1,'2017-04-25 10:08:38'),(212,18,'3-Wasti Jewan Shah',1,'2017-04-25 10:08:38'),(213,113,'4-Kotri Allah Rakhio Shah',1,'2017-04-25 10:08:38'),(214,18,'1-Ubauro',1,'2017-04-25 10:08:38'),(215,18,'7-Kamoon Shaheed',1,'2017-04-25 10:08:38'),(216,84,'11-Chatto Mangi',1,'2017-04-25 10:08:38'),(217,48,'5-Madd',1,'2017-04-25 10:08:38'),(218,72,'6-Jiando Rajpar',1,'2017-04-25 10:08:38'),(219,18,'6-Jhangal Malik Reti',1,'2017-04-25 10:08:38'),(220,27,'3-Jacobabad-III (Shah Ghazi Mohalla)',1,'2017-04-25 10:08:38'),(221,73,'4-Khair Wah',1,'2017-04-25 10:08:38'),(222,98,'40-NAURAJA',1,'2017-04-25 10:08:38'),(223,108,'2-Sobhiar',1,'2017-04-25 10:08:38'),(224,108,'4-Bhitaro',1,'2017-04-25 10:08:38'),(225,18,'5-Khanbhra',1,'2017-04-25 10:08:38'),(226,39,'1-Khandhkot-I',1,'2017-04-25 10:08:38'),(227,10,'14-Gahi Meheser',1,'2017-04-25 10:08:38'),(228,47,'11-Baberloi',1,'2017-04-25 10:08:38'),(229,88,'6-Mauripur',1,'2017-04-25 10:08:38'),(230,88,'8-Gabopat',1,'2017-04-25 10:08:38'),(231,27,'12-Rind Wahi',1,'2017-04-25 10:08:38'),(232,108,'3-Khetlari',1,'2017-04-25 10:08:38'),(233,46,'9-Jado Wahan',1,'2017-04-25 10:08:38'),(234,16,'1-Mirpur-1',1,'2017-04-25 10:08:38'),(235,39,'9-Daulatpur',1,'2017-04-25 10:08:38'),(236,115,'3-Dhoro Naro',1,'2017-04-25 10:08:38'),(237,48,'9-Pir Hayat Shah',1,'2017-04-25 10:08:38'),(238,47,'14-Machyoon',1,'2017-04-25 10:08:38'),(239,4,'2-Peeru Lashari',1,'2017-04-25 10:08:38'),(240,108,'6-Dabhro',1,'2017-04-25 10:08:38'),(241,13,'8-Bahawalpur',1,'2017-04-25 10:08:38'),(242,49,'3-Akri',1,'2017-04-25 10:08:38'),(243,33,'4-Khabar',1,'2017-04-25 10:08:38'),(244,20,'1-Daharki',1,'2017-04-25 10:08:38'),(245,36,'4-Miandad Chanjni',1,'2017-04-25 10:08:38'),(246,50,'3-Drigh Colony',1,'2017-04-25 10:08:38'),(247,108,'5-Bolhari',1,'2017-04-25 10:08:38'),(248,16,'2-Mirpur Mathelo-2',1,'2017-04-25 10:08:38'),(249,14,'5-Gulshan-e-lqbal-I',1,'2017-04-25 10:08:38'),(250,20,'6-Keenjhar',1,'2017-04-25 10:08:38'),(251,36,'2-Muradi',1,'2017-04-25 10:08:38'),(252,18,'8-Chandia',1,'2017-04-25 10:08:38'),(253,36,'3-Lakha',1,'2017-04-25 10:08:38'),(254,20,'5-Dad Leghari',1,'2017-04-25 10:08:38'),(255,47,'7-Nizamani',1,'2017-04-25 10:08:38'),(256,97,'29-ARORE',1,'2017-04-25 10:08:38'),(257,75,'7-Mitho Khoso',1,'2017-04-25 10:08:38'),(258,92,'4-Jar',1,'2017-04-25 10:08:38'),(259,49,'1-Pucca Chang',1,'2017-04-25 10:08:38'),(260,84,'14-Chango Rahoga',1,'2017-04-25 10:08:38'),(261,47,'12-Mehar Ali',1,'2017-04-25 10:08:38'),(262,47,'9-Khanrpur',1,'2017-04-25 10:08:38'),(263,71,'2-Padian',1,'2017-04-25 10:08:38'),(264,47,'4-Shah Latif',1,'2017-04-25 10:08:38'),(265,37,'3-Mirpur',1,'2017-04-25 10:08:38'),(266,51,'9-Hasrat Mohani Colony',1,'2017-04-25 10:08:38'),(267,92,'2-Ali Bahar',1,'2017-04-25 10:08:38'),(268,44,'6-Mohbat Wah',1,'2017-04-25 10:08:38'),(269,116,'5-Satriyoon',1,'2017-04-25 10:08:38'),(270,47,'1-Jillani',1,'2017-04-25 10:08:38'),(271,49,'5-Bhango Behan',1,'2017-04-25 10:08:38'),(272,47,'5-Luqman',1,'2017-04-25 10:08:38'),(273,92,'3-Keenjhar',1,'2017-04-25 10:08:38'),(274,45,'10-Drib Mehar Shah',1,'2017-04-25 10:08:38'),(275,92,'5-Belo',1,'2017-04-25 10:08:38'),(276,60,'3-Dilawar Hussain',1,'2017-04-25 10:08:38'),(277,58,'5-Songal (W)',1,'2017-04-25 10:08:38'),(278,109,'5-Rajoro',1,'2017-04-25 10:08:38'),(279,119,'2-Ittehad Town',1,'2017-04-25 10:08:38'),(280,109,'8-Tardos',1,'2017-04-25 10:08:38'),(281,88,'3-Keamari',1,'2017-04-25 10:08:38'),(282,120,'3-Hanifabad',1,'2017-04-25 10:08:38'),(283,109,'4-Chachro',1,'2017-04-25 10:08:38'),(284,109,'16-Gadro',1,'2017-04-25 10:08:38'),(285,109,'1-Chelhar',1,'2017-04-25 10:08:38'),(286,1,'5-Manik Laghari',1,'2017-04-25 10:08:38'),(287,28,'Sehwan II',1,'2017-04-25 10:08:38'),(288,11,'1-Khairpur Nathan Shah',1,'2017-04-25 10:08:38'),(289,23,'7-Hoosri',1,'2017-04-25 10:08:38'),(290,51,'2-Nasir Colony',1,'2017-04-25 10:08:38'),(291,109,'2-Kantio',1,'2017-04-25 10:08:38'),(292,109,'6-Hirar',1,'2017-04-25 10:08:38'),(293,15,'10-Jamshed Quarters',1,'2017-04-25 10:08:38'),(294,44,'3-Fakirabad',1,'2017-04-25 10:08:38'),(295,109,'3-Vejhiar',1,'2017-04-25 10:08:38'),(296,28,'Bubak',1,'2017-04-25 10:08:38'),(297,73,'7-Lalia',1,'2017-04-25 10:08:38'),(298,14,'12-Gulzar-e-Hijri',1,'2017-04-25 10:08:38'),(299,54,'9-Pir Bakhsh Bhutto',1,'2017-04-25 10:08:38'),(300,97,'31-DANDHI',1,'2017-04-25 10:08:38'),(301,54,'3-Naudero',1,'2017-04-25 10:08:38'),(302,89,'8-Saddar',1,'2017-04-25 10:08:38'),(303,15,'9-Central Jacob Line',1,'2017-04-25 10:08:38'),(304,38,'6-Khairpur Juso',1,'2017-04-25 10:08:38'),(305,39,'2-Khandhkot-II',1,'2017-04-25 10:08:38'),(306,11,'8-Burira',1,'2017-04-25 10:08:38'),(307,11,'5-Kande Chuki',1,'2017-04-25 10:08:38'),(308,46,'8-Agra',1,'2017-04-25 10:08:38'),(309,11,'4-Mitho Babar',1,'2017-04-25 10:08:38'),(310,20,'3-Sain Dino Malik',1,'2017-04-25 10:08:38'),(311,15,'4-Chanessar Goth',1,'2017-04-25 10:08:38'),(312,60,'4-Roshanabad',1,'2017-04-25 10:08:38'),(313,85,'12-Hamayoon',1,'2017-04-25 10:08:38'),(314,60,'5-Aahori',1,'2017-04-25 10:08:38'),(315,23,'3-Mosu Khatian',1,'2017-04-25 10:08:38'),(316,109,'7-Saranghiar',1,'2017-04-25 10:08:38'),(317,23,'4-Haji Sawan Khan Gopang',1,'2017-04-25 10:08:38'),(318,23,'5-Tando Qaiser',1,'2017-04-25 10:08:38'),(319,41,'8-Sodhi',1,'2017-04-25 10:08:38'),(320,48,'8-Sagyoon',1,'2017-04-25 10:08:38'),(321,23,'6-Tando Hyder',1,'2017-04-25 10:08:38'),(322,23,'9-Tando Fazal',1,'2017-04-25 10:08:38'),(323,83,'2-Sawri',1,'2017-04-25 10:08:38'),(324,44,'7-Fatehpur',1,'2017-04-25 10:08:38'),(325,101,'9-Nasarpur',1,'2017-04-25 10:08:38'),(326,40,'3-Lashari',1,'2017-04-25 10:08:38'),(327,52,'4-Moinabad',1,'2017-04-25 10:08:38'),(328,14,'7-Shanti Nagar',1,'2017-04-25 10:08:38'),(329,3,'10-Tando Bago',1,'2017-04-25 10:08:38'),(330,101,'6-Dhingano Bozdar',1,'2017-04-25 10:08:38'),(331,121,'4-Metrovil',1,'2017-04-25 10:08:38'),(332,93,'1-Mirpur Bathoro',1,'2017-04-25 10:08:38'),(333,121,'3-Jahanabad',1,'2017-04-25 10:08:38'),(334,96,'17-ARAIN',1,'2017-04-25 10:08:38'),(335,23,'11-Tandojam',1,'2017-04-25 10:08:38'),(336,11,'9-Butra',1,'2017-04-25 10:08:38'),(337,26,'1-Allahabad',1,'2017-04-25 10:08:38'),(338,41,'12-Zoregarh',1,'2017-04-25 10:08:38'),(339,81,'4- Kumb Leema',1,'2017-04-25 10:08:38'),(340,45,'6-Sadarji',1,'2017-04-25 10:08:38'),(341,6,'6-Yaseenabad',1,'2017-04-25 10:08:38'),(342,41,'6-Kashmore Colony No.1',1,'2017-04-25 10:08:38'),(343,83,'1-Manhoro',1,'2017-04-25 10:08:38'),(344,81,'7-Hamal Fakir',1,'2017-04-25 10:08:38'),(345,45,'8-Ahmedpur',1,'2017-04-25 10:08:38'),(346,24,'17-Latifabad UC-17',1,'2017-04-25 10:08:38'),(347,60,'1-Jhudo',1,'2017-04-25 10:08:38'),(348,2,'2-Shaheed Fazil Rahu',1,'2017-04-25 10:08:38'),(349,45,'5-Hadal Shah',1,'2017-04-25 10:08:38'),(350,45,'1-Pir-jo-Goth',1,'2017-04-25 10:08:38'),(351,36,'1-Naseerabad',1,'2017-04-25 10:08:38'),(352,5,'9-Kadi Qazia',1,'2017-04-25 10:08:38'),(353,2,'5-Rahuki',1,'2017-04-25 10:08:38'),(354,47,'13-Tando Masti',1,'2017-04-25 10:08:38'),(355,11,'10-Parya',1,'2017-04-25 10:08:38'),(356,2,'1-Khorwah',1,'2017-04-25 10:08:38'),(357,47,'3-Bhurgari',1,'2017-04-25 10:08:38'),(358,109,'17-Jesse Jo Par',1,'2017-04-25 10:08:38'),(359,20,'4-Baruta',1,'2017-04-25 10:08:38'),(360,109,'12-Parno',1,'2017-04-25 10:08:38'),(361,11,'6-Bughia',1,'2017-04-25 10:08:38'),(362,2,'4-Tarai',1,'2017-04-25 10:08:38'),(363,49,'7-Razabad',1,'2017-04-25 10:08:38'),(364,109,'15-Dahili',1,'2017-04-25 10:08:38'),(365,98,'38-SANGI',1,'2017-04-25 10:08:38'),(366,2,'8-Ahmed Rajo',1,'2017-04-25 10:08:38'),(367,47,'2-Bukhari',1,'2017-04-25 10:08:38'),(368,45,'9-Kolab Jial',1,'2017-04-25 10:08:38'),(369,5,'10-Kadhan',1,'2017-04-25 10:08:38'),(370,49,'4-Kandiari',1,'2017-04-25 10:08:38'),(371,2,'7-Kario',1,'2017-04-25 10:08:38'),(372,36,'5-Dera',1,'2017-04-25 10:08:38'),(373,84,'8-Waryaso',1,'2017-04-25 10:08:38'),(374,2,'6-Gharo',1,'2017-04-25 10:08:38'),(375,19,'3-Ghotki-3',1,'2017-04-25 10:08:38'),(376,23,'8-Moolan',1,'2017-04-25 10:08:38'),(377,45,'7-Noorpur',1,'2017-04-25 10:08:38'),(378,23,'10-Seri',1,'2017-04-25 10:08:38'),(379,66,'3-Bhalidino Kaka',1,'2017-04-25 10:08:38'),(380,88,'2-Sultanabad',1,'2017-04-25 10:08:38'),(381,45,'2-Piryaloi',1,'2017-04-25 10:08:38'),(382,12,'9-Mounder',1,'2017-04-25 10:08:38'),(383,15,'7-PECHS (II)',1,'2017-04-25 10:08:38'),(384,67,'5-Sekhat',1,'2017-04-25 10:08:38'),(385,49,'2-Karoondi',1,'2017-04-25 10:08:38'),(386,67,'8-Faqeer Nooh Hothyani',1,'2017-04-25 10:08:38'),(387,25,'17-Ranjhapur',1,'2017-04-25 10:08:38'),(388,25,'13-Thull Nao',1,'2017-04-25 10:08:38'),(389,25,'9-Garhi Hassan',1,'2017-04-25 10:08:38'),(390,15,'6-PECHS (I)',1,'2017-04-25 10:08:38'),(391,25,'14-Bachro',1,'2017-04-25 10:08:38'),(392,13,'10-Tore',1,'2017-04-25 10:08:38'),(393,68,'3-Bhanot',1,'2017-04-25 10:08:38'),(394,25,'19-Dinpur',1,'2017-04-25 10:08:38'),(395,25,'10-Karim Bux',1,'2017-04-25 10:08:38'),(396,13,'2-Drigh Bala',1,'2017-04-25 10:08:38'),(397,25,'6-Logi',1,'2017-04-25 10:08:38'),(398,5,'7-Abdullah Shah',1,'2017-04-25 10:08:38'),(399,99,'02-MIR MASOOM SHAH',1,'2017-04-25 10:08:38'),(400,66,'1-Saeedabad',1,'2017-04-25 10:08:38'),(401,84,'4-Amrot',1,'2017-04-25 10:08:38'),(402,52,'5-Sharafi Goth',1,'2017-04-25 10:08:38'),(403,84,'1-Garhi Yaseen',1,'2017-04-25 10:08:38'),(404,37,'4-Wagan',1,'2017-04-25 10:08:38'),(405,6,'5-Naseerabad',1,'2017-04-25 10:08:38'),(406,6,'8-Shafiq Mill Colony',1,'2017-04-25 10:08:38'),(407,25,'8-Kot Jango',1,'2017-04-25 10:08:38'),(408,37,'2-Gaji Khuhawar',1,'2017-04-25 10:08:38'),(409,21,'3-U.C. City-3',1,'2017-04-25 10:08:38'),(410,82,'10-25-Abdul Hassan',1,'2017-04-25 10:08:38'),(411,25,'2-Toj',1,'2017-04-25 10:08:38'),(412,19,'11-Ali Bagh',1,'2017-04-25 10:08:38'),(413,44,'8-Jiskani',1,'2017-04-25 10:08:38'),(414,25,'1-Joungal',1,'2017-04-25 10:08:38'),(415,25,'5-Tajo Khoao',1,'2017-04-25 10:08:38'),(416,21,'13-U.C. City-13',1,'2017-04-25 10:08:38'),(417,21,'7-U.C. City-7',1,'2017-04-25 10:08:38'),(418,25,'12-Thull-2',1,'2017-04-25 10:08:38'),(419,45,'3-Manghanwari',1,'2017-04-25 10:08:38'),(420,5,'1-Badin-1',1,'2017-04-25 10:08:38'),(422,52,'8-Landhi',1,'2017-04-25 10:08:38'),(423,6,'7-Water Pump',1,'2017-04-25 10:08:38'),(424,23,'2-Masu Bhurgari',1,'2017-04-25 10:08:38'),(425,89,'3-Kharadar',1,'2017-04-25 10:08:38'),(426,6,'4-Ancholi',1,'2017-04-25 10:08:38'),(427,60,'6-Fazal Bhumbro',1,'2017-04-25 10:08:38'),(428,25,'11-Thull-1',1,'2017-04-25 10:08:38'),(429,4,'3-Saeedpur',1,'2017-04-25 10:08:38'),(430,117,'2-Kunri Memon',1,'2017-04-25 10:08:38'),(431,6,'1-Azizabad',1,'2017-04-25 10:08:38'),(432,6,'3-Aisha Manzil',1,'2017-04-25 10:08:38'),(433,3,'2-Pahar Mari',1,'2017-04-25 10:08:38'),(434,61,'2-Tando Jan Muhammad',1,'2017-04-25 10:08:38'),(435,94,'3-Ladium',1,'2017-04-25 10:08:38'),(436,94,'4-Jungo Jalbani',1,'2017-04-25 10:08:38'),(437,3,'9-Dadah',1,'2017-04-25 10:08:38'),(438,3,'3-Khalifo Qasim',1,'2017-04-25 10:08:38'),(439,7,'2-Pahar Ganj',1,'2017-04-25 10:08:38'),(440,94,'2-Goongani',1,'2017-04-25 10:08:38'),(441,94,'1-Chuhar Jamali',1,'2017-04-25 10:08:38'),(442,21,'5-U.C. City-5',1,'2017-04-25 10:08:38'),(443,16,'6-Sono Pitafi',1,'2017-04-25 10:08:38'),(444,94,'5-Daulatpur',1,'2017-04-25 10:08:38'),(445,61,'6-Mir Khuda Bux',1,'2017-04-25 10:08:38'),(446,76,'4-Kamil Hingoro',1,'2017-04-25 10:08:38'),(447,27,'9-Dasti',1,'2017-04-25 10:08:38'),(448,109,'9-Tar Ahmed',1,'2017-04-25 10:08:38'),(449,21,'12-U.C. City-12',1,'2017-04-25 10:08:38'),(450,25,'18-Balochabad',1,'2017-04-25 10:08:38'),(451,5,'6-Nindo Shahar',1,'2017-04-25 10:08:38'),(452,58,'4-Gadap',1,'2017-04-25 10:08:38'),(453,86,'8-Shabbirabad',1,'2017-04-25 10:08:38'),(454,21,'4-U.C. City-4',1,'2017-04-25 10:08:38'),(455,48,'4-Gadeji',1,'2017-04-25 10:08:38'),(456,84,'7-Dakhan',1,'2017-04-25 10:08:38'),(457,37,'5-Lalu Raunk',1,'2017-04-25 10:08:38'),(458,21,'19-U.C. City-19',1,'2017-04-25 10:08:38'),(459,81,'2-Sakrand-2',1,'2017-04-25 10:08:38'),(460,120,'1-Mominabad',1,'2017-04-25 10:08:38'),(461,58,'1-Murad Memon Goth (Malir)',1,'2017-04-25 10:08:38'),(462,117,'4-Sher Khan Chadio',1,'2017-04-25 10:08:38'),(463,3,'6-Pangrio',1,'2017-04-25 10:08:38'),(464,71,'3-Darya Khan Mari',1,'2017-04-25 10:08:38'),(465,60,'2-Noukot',1,'2017-04-25 10:08:38'),(466,13,'5-Pat Gul Muhammad',1,'2017-04-25 10:08:38'),(467,53,'1-Model Colony',1,'2017-04-25 10:08:38'),(468,53,'4-Khokharpar',1,'2017-04-25 10:08:38'),(469,13,'3-Tando Rahim Khan at Wahi Pandhi',1,'2017-04-25 10:08:38'),(470,1,'1-Matli-1',1,'2017-04-25 10:08:38'),(471,53,'3-Saud Abad',1,'2017-04-25 10:08:38'),(472,1,'2-Matli-2',1,'2017-04-25 10:08:38'),(473,58,'3-Gujhro',1,'2017-04-25 10:08:38'),(474,1,'3-Malhan',1,'2017-04-25 10:08:38'),(475,50,'5-Morio Khan Goth',1,'2017-04-25 10:08:38'),(476,48,'7-Sami',1,'2017-04-25 10:08:38'),(477,13,'6-Kamal Khan',1,'2017-04-25 10:08:38'),(478,93,'2-Darro',1,'2017-04-25 10:08:38'),(479,13,'9-Sawro',1,'2017-04-25 10:08:38'),(480,8,'3-Super Market',1,'2017-04-25 10:08:38'),(481,1,'4-Phalkara',1,'2017-04-25 10:08:38'),(482,13,'4-Phulji',1,'2017-04-25 10:08:38'),(483,107,'3-Harho',1,'2017-04-25 10:08:38'),(484,1,'10-Dumbalo',1,'2017-04-25 10:08:38'),(485,107,'6-Tugusar',1,'2017-04-25 10:08:38'),(486,21,'10-U.C. City-10',1,'2017-04-25 10:08:38'),(487,21,'17-U.C. City-17',1,'2017-04-25 10:08:38'),(488,21,'18-U.C. City-18',1,'2017-04-25 10:08:38'),(489,21,'15-U.C. City-15',1,'2017-04-25 10:08:38'),(490,21,'14-U.C. City-14',1,'2017-04-25 10:08:38'),(491,120,'11-Data Nagar',1,'2017-04-25 10:08:38'),(492,21,'16-U.C. City-16',1,'2017-04-25 10:08:38'),(493,121,'9-Islamia Colony',1,'2017-04-25 10:08:38'),(494,104,'2-Dando',1,'2017-04-25 10:08:38'),(495,7,'3-Khandu Goth',1,'2017-04-25 10:08:38'),(496,121,'8-Qasba Colony',1,'2017-04-25 10:08:38'),(497,42,'3-Kot Jubo',1,'2017-04-25 10:08:38'),(498,80,'2-Nawabshah-2',1,'2017-04-25 10:08:38'),(499,102,'2-Chambar-2',1,'2017-04-25 10:08:38'),(500,102,'1-Chambar-1',1,'2017-04-25 10:08:38'),(501,27,'14-Ramzanpur',1,'2017-04-25 10:08:38'),(502,30,'Morho Jabal',1,'2017-04-25 10:08:38'),(503,25,'4-Saidokot',1,'2017-04-25 10:08:38'),(504,26,'4-Allanpur',1,'2017-04-25 10:08:38'),(505,120,'2-Haryana Colony',1,'2017-04-25 10:08:38'),(506,101,'3-Tando Allahyar-III',1,'2017-04-25 10:08:38'),(507,117,'6-Nabisar Road',1,'2017-04-25 10:08:38'),(508,27,'13-Qadirpur',1,'2017-04-25 10:08:38'),(509,92,'6-Bijora',1,'2017-04-25 10:08:38'),(510,1,'6-Ghulam Shah Laghari',1,'2017-04-25 10:08:38'),(511,117,'5-Shajro',1,'2017-04-25 10:08:38'),(512,71,'9-Bhambhri',1,'2017-04-25 10:08:38'),(513,107,'4-Virawah',1,'2017-04-25 10:08:38'),(514,71,'5-Abran',1,'2017-04-25 10:08:38'),(515,71,'11-Phull',1,'2017-04-25 10:08:38'),(516,52,'10-Burmee Colony',1,'2017-04-25 10:08:38'),(517,71,'10-Dangeja',1,'2017-04-25 10:08:38'),(518,81,'8-Bhoora',1,'2017-04-25 10:08:38'),(519,71,'7-Koor Hassan',1,'2017-04-25 10:08:38'),(520,103,'2-Missan',1,'2017-04-25 10:08:38'),(521,13,'1-Johi (Urban)',1,'2017-04-25 10:08:38'),(522,81,'5-Khadhar',1,'2017-04-25 10:08:38'),(523,81,'9-Daledero',1,'2017-04-25 10:08:38'),(524,81,'1-Sakrand-1',1,'2017-04-25 10:08:38'),(525,54,'2-Ratodero-2',1,'2017-04-25 10:08:38'),(526,52,'6-Bhutto Nagar',1,'2017-04-25 10:08:38'),(527,52,'9-Awami Colony',1,'2017-04-25 10:08:38'),(528,81,'12-Mehrabpur',1,'2017-04-25 10:08:38'),(529,89,'9-Civil Line',1,'2017-04-25 10:08:38'),(530,46,'2-Gambat-II',1,'2017-04-25 10:08:38'),(531,24,'6-Latifabad UC-6',1,'2017-04-25 10:08:38'),(532,24,'4-Latifabad UC-4',1,'2017-04-25 10:08:38'),(533,24,'1-Latifabad UC-1',1,'2017-04-25 10:08:38'),(534,110,'6-Bhakuo',1,'2017-04-25 10:08:38'),(535,110,'12-Khario Ghulam Shah',1,'2017-04-25 10:08:38'),(536,110,'8-Islamkot',1,'2017-04-25 10:08:38'),(537,110,'4-Malanhore Veena',1,'2017-04-25 10:08:38'),(538,22,'1-Qasimabad UC-1',1,'2017-04-25 10:08:38'),(539,24,'2-Latifabad UC-2',1,'2017-04-25 10:08:38'),(540,110,'5-Mithrio Bhatti',1,'2017-04-25 10:08:38'),(541,110,'1-Mithi',1,'2017-04-25 10:08:38'),(542,24,'16-Latifabad UC-16',1,'2017-04-25 10:08:38'),(543,24,'13-Latifabad UC-13',1,'2017-04-25 10:08:38'),(544,110,'9-Sonal Beh',1,'2017-04-25 10:08:38'),(545,103,'5-Dasori',1,'2017-04-25 10:08:38'),(546,101,'1-Tando Allahyar-I',1,'2017-04-25 10:08:38'),(547,15,'11-Garden East',1,'2017-04-25 10:08:38'),(548,89,'1-Old Haji Camp',1,'2017-04-25 10:08:38'),(549,89,'10-Clifton',1,'2017-04-25 10:08:38'),(550,89,'4-City Railway Colony',1,'2017-04-25 10:08:38'),(551,110,'7-Manjithi',1,'2017-04-25 10:08:38'),(552,71,'1-Naushahro Feroze',1,'2017-04-25 10:08:38'),(553,110,'3-Joruo',1,'2017-04-25 10:08:38'),(554,108,'7-Jhirmirio',1,'2017-04-25 10:08:38'),(555,97,'22-BADIL BEKAS',1,'2017-04-25 10:08:38'),(556,102,'4-Dad Khan Jarwar',1,'2017-04-25 10:08:38'),(557,24,'8-Latifabad UC-8',1,'2017-04-25 10:08:38'),(558,110,'10-Kehri',1,'2017-04-25 10:08:38'),(559,15,'12-Soldier Bazar',1,'2017-04-25 10:08:38'),(560,15,'8-Jat Land Lines',1,'2017-04-25 10:08:38'),(561,67,'3-Tajpur',1,'2017-04-25 10:08:38'),(562,59,'3-Cattle Colony',1,'2017-04-25 10:08:38'),(563,27,'15-Nawra',1,'2017-04-25 10:08:38'),(564,72,'1-Mehrabpur-I',1,'2017-04-25 10:08:38'),(565,59,'5-Landhi',1,'2017-04-25 10:08:38'),(566,59,'6-Gulshan-e-Hadeed',1,'2017-04-25 10:08:38'),(567,107,'1-Nagarparkar',1,'2017-04-25 10:08:38'),(568,62,'6-Khirah',1,'2017-04-25 10:08:38'),(569,50,'1-Natha Khan Goth',1,'2017-04-25 10:08:38'),(570,119,'1-Gulshan-e-Ghazi',1,'2017-04-25 10:08:38'),(571,107,'2-Pithapur',1,'2017-04-25 10:08:38'),(572,97,'25-ALI WAHAN',1,'2017-04-25 10:08:38'),(573,110,'2-Mohrano',1,'2017-04-25 10:08:38'),(574,84,'10-Nim',1,'2017-04-25 10:08:38'),(575,118,'3-Shadi Pali',1,'2017-04-25 10:08:38'),(576,53,'2-Kala Board',1,'2017-04-25 10:08:38'),(577,83,'7-Kazi Ahmed-II',1,'2017-04-25 10:08:38'),(578,84,'9-Banbhiar',1,'2017-04-25 10:08:38'),(579,83,'10-Thatt',1,'2017-04-25 10:08:38'),(580,59,'7-Ghaghar',1,'2017-04-25 10:08:38'),(581,3,'1-Chabralo',1,'2017-04-25 10:08:38'),(582,50,'7-Al-Falah Society',1,'2017-04-25 10:08:38'),(583,97,'23-KANDHRA',1,'2017-04-25 10:08:38'),(584,83,'11-Mirza Bagh',1,'2017-04-25 10:08:38'),(585,88,'1-Bhutta Village',1,'2017-04-25 10:08:38'),(586,54,'7-Jumo Agham',1,'2017-04-25 10:08:38'),(587,53,'7-Ghazi Dawood Brohi',1,'2017-04-25 10:08:38'),(588,40,'4-Jamal',1,'2017-04-25 10:08:38'),(589,77,'12-Gul Muhammad Laghari',1,'2017-04-25 10:08:38'),(590,102,'3-Began Jarwar',1,'2017-04-25 10:08:38'),(591,88,'7-Sher shah',1,'2017-04-25 10:08:38'),(592,50,'2-Pak Sadaat Colony',1,'2017-04-25 10:08:38'),(593,81,'10-Ghoram Mari',1,'2017-04-25 10:08:38'),(594,50,'4-Reta Plot',1,'2017-04-25 10:08:38'),(595,104,'3-Nazarpur',1,'2017-04-25 10:08:38'),(596,14,'11-Metrovil Colony',1,'2017-04-25 10:08:38'),(597,80,'1-Nawabshah-1',1,'2017-04-25 10:08:38'),(598,14,'1-Dehli Mercantile Society',1,'2017-04-25 10:08:38'),(599,59,'4-Quaid Abad',1,'2017-04-25 10:08:38'),(600,59,'2-Rehri',1,'2017-04-25 10:08:38'),(601,59,'1-Ibrahim Hyderi',1,'2017-04-25 10:08:38'),(602,108,'8-Kaloi',1,'2017-04-25 10:08:38'),(603,83,'4-Haberi',1,'2017-04-25 10:08:38'),(604,104,'1-Tando Ghulam Hyder',1,'2017-04-25 10:08:38'),(605,8,'5-Qasimabad',1,'2017-04-25 10:08:38'),(606,108,'1-Diplo',1,'2017-04-25 10:08:38'),(607,44,'5-Deh sohu',1,'2017-04-25 10:08:38'),(608,1,'11-Budho Qambrani',1,'2017-04-25 10:08:38'),(609,103,'6-Tando Soomro',1,'2017-04-25 10:08:38'),(610,82,'7- 22-60th Mile-7',1,'2017-04-25 10:08:38'),(611,24,'11-Latifabad UC-11',1,'2017-04-25 10:08:38'),(612,24,'9-Latifabad UC-9',1,'2017-04-25 10:08:38'),(613,7,'4-Haidery',1,'2017-04-25 10:08:38'),(614,24,'14-Latifabad UC-14',1,'2017-04-25 10:08:38'),(615,24,'10-Latifabad UC-10',1,'2017-04-25 10:08:38'),(616,24,'5-Latifabad UC-5',1,'2017-04-25 10:08:38'),(617,24,'12-Latifabad UC-12',1,'2017-04-25 10:08:38'),(618,7,'6-Farooq-e-Azam',1,'2017-04-25 10:08:38'),(619,82,'9-24-Obhari-Swari',1,'2017-04-25 10:08:38'),(620,7,'8-Shadman Town',1,'2017-04-25 10:08:38'),(621,7,'5-Sakhi Hassan',1,'2017-04-25 10:08:38'),(622,82,'11-26-Ghulam Hyder Shah-11',1,'2017-04-25 10:08:38'),(623,7,'1-Paposh Nagar',1,'2017-04-25 10:08:38'),(624,7,'10-Buffer Zone-I',1,'2017-04-25 10:08:38'),(625,41,'4-Buxapur',1,'2017-04-25 10:08:38'),(626,6,'2-Karimabad',1,'2017-04-25 10:08:38'),(627,103,'4-Piyaro Lund',1,'2017-04-25 10:08:38'),(628,8,'8-Commercial Area',1,'2017-04-25 10:08:38'),(629,8,'4-Dak Khana',1,'2017-04-25 10:08:38'),(630,8,'9-Mujahid Colony',1,'2017-04-25 10:08:38'),(631,8,'11-Abbasi Shaheed',1,'2017-04-25 10:08:38'),(632,8,'1-Rizvia Society',1,'2017-04-25 10:08:38'),(633,8,'7-Sharifabad',1,'2017-04-25 10:08:38'),(634,15,'5-Mehmoodabad',1,'2017-04-25 10:08:38'),(635,15,'1-Akhtar Colony',1,'2017-04-25 10:08:38'),(636,99,'04-SHAIKH SHEENH',1,'2017-04-25 10:08:38'),(637,96,'18-BACHAL SHAH',1,'2017-04-25 10:08:38'),(638,8,'6-Bandhani Colony',1,'2017-04-25 10:08:38'),(639,105,'1-Mullan Katiar',1,'2017-04-25 10:08:38'),(640,76,'5-Dhilyar',1,'2017-04-25 10:08:38'),(641,105,'2-Allah Yar Turk',1,'2017-04-25 10:08:38'),(642,105,'4-Bulri Shah Karim',1,'2017-04-25 10:08:38'),(643,16,'5-Jarwar',1,'2017-04-25 10:08:38'),(644,55,'16-Fatehpur',1,'2017-04-25 10:08:38'),(645,106,'1-UC-I Town T.M. Khan',1,'2017-04-25 10:08:38'),(646,106,'5-Tando Saindad',1,'2017-04-25 10:08:38'),(647,63,'12-Mirwah',1,'2017-04-25 10:08:38'),(648,66,'2-Shah Mir Rahu',1,'2017-04-25 10:08:38'),(649,105,'5-Saeedpur',1,'2017-04-25 10:08:38'),(650,106,'6-Lakhat',1,'2017-04-25 10:08:38'),(651,49,'6-Kot Lalu',1,'2017-04-25 10:08:38'),(652,54,'6-Saidu Dero',1,'2017-04-25 10:08:38'),(653,105,'6-Saeed Mato',1,'2017-04-25 10:08:38'),(654,106,'4-Shaikh Bhirkio',1,'2017-04-25 10:08:38'),(655,41,'7-Gullanpur',1,'2017-04-25 10:08:38'),(656,104,'4-Ghulam Shah Bagrani at Moya',1,'2017-04-25 10:08:38'),(657,16,'3-Dhangro',1,'2017-04-25 10:08:38'),(658,8,'10-Nazimabad No.I',1,'2017-04-25 10:08:38'),(659,112,'10-Sukhpur',1,'2017-04-25 10:08:38'),(660,114,'1-Keti Bunder',1,'2017-04-25 10:08:38'),(661,112,'8-Karampur',1,'2017-04-25 10:08:38'),(662,112,'5-Buhara',1,'2017-04-25 10:08:38'),(663,112,'3-Choubandi',1,'2017-04-25 10:08:38'),(664,112,'7-Ghulamullah',1,'2017-04-25 10:08:38'),(665,61,'5-Soofan Shah',1,'2017-04-25 10:08:38'),(666,121,'2-Old Golimar',1,'2017-04-25 10:08:38'),(667,120,'12-Mujahidabad',1,'2017-04-25 10:08:38'),(668,117,'7-Talhi',1,'2017-04-25 10:08:38'),(669,121,'1-Pak Colony',1,'2017-04-25 10:08:38'),(670,61,'3-Kangoro',1,'2017-04-25 10:08:38'),(671,54,'5-Banguldero',1,'2017-04-25 10:08:38'),(672,111,'9-Jungshahi',1,'2017-04-25 10:08:38'),(673,73,'5-Deparja',1,'2017-04-25 10:08:38'),(674,73,'9-Gachero',1,'2017-04-25 10:08:38'),(675,111,'6-Kalri',1,'2017-04-25 10:08:38'),(676,56,'2-Mud Baho',1,'2017-04-25 10:08:38'),(677,111,'3-Makli',1,'2017-04-25 10:08:38'),(678,111,'5-Doomani',1,'2017-04-25 10:08:38'),(679,54,'10-Tayab',1,'2017-04-25 10:08:38'),(680,8,'2-Firdous Colony',1,'2017-04-25 10:08:38'),(681,54,'4-Waris Dino Machi',1,'2017-04-25 10:08:38'),(682,37,'7-Abad',1,'2017-04-25 10:08:38'),(683,111,'4-Kalan Kot',1,'2017-04-25 10:08:38'),(684,37,'1-Warah',1,'2017-04-25 10:08:38'),(685,37,'6-Khandoo',1,'2017-04-25 10:08:38'),(686,82,'14-32-Buchery-14',1,'2017-04-25 10:08:38'),(687,82,'13-30-Amerji-13',1,'2017-04-25 10:08:38'),(688,82,'2-Bandhi',1,'2017-04-25 10:08:38'),(689,121,'5-Pathan Colony',1,'2017-04-25 10:08:38'),(690,73,'6-Jatoi',1,'2017-04-25 10:08:38'),(691,48,'1-Sobhodero',1,'2017-04-25 10:08:38'),(692,54,'1-Ratodero-1',1,'2017-04-25 10:08:38'),(693,67,'1-Matiari',1,'2017-04-25 10:08:38'),(694,118,'2-Shah Mardan Shah',1,'2017-04-25 10:08:38'),(695,12,'11-Pipri',1,'2017-04-25 10:08:38'),(696,87,'Ruk',1,'2017-04-25 10:08:38'),(697,117,'1-Kunri',1,'2017-04-25 10:08:38'),(698,88,'4-Baba Bhit',1,'2017-04-25 10:08:38'),(699,55,'3-Larkana-3',1,'2017-04-25 10:08:38'),(700,55,'17-Phul',1,'2017-04-25 10:08:38'),(701,109,'13-Laplo',1,'2017-04-25 10:08:38'),(702,52,'7-Khawaja Ajmer Colony',1,'2017-04-25 10:08:38'),(703,84,'13-Naushera Abro',1,'2017-04-25 10:08:38'),(704,52,'1-Muzaffarabad Colony',1,'2017-04-25 10:08:38'),(705,112,'2-Dhabeji',1,'2017-04-25 10:08:38'),(706,93,'8-Laikpur',1,'2017-04-25 10:08:38'),(707,27,'2-Jacobabad-II (Lashari Mohalla)',1,'2017-04-25 10:08:38'),(708,5,'11-Seerani',1,'2017-04-25 10:08:38'),(709,57,'8-Seehar',1,'2017-04-25 10:08:38'),(710,27,'11-Garhi Chand',1,'2017-04-25 10:08:38'),(711,27,'8-Jacobabad-VIII (Dastagir Colony)',1,'2017-04-25 10:08:38'),(712,9,'10-Mustafa Colony',1,'2017-04-25 10:08:38'),(713,9,'7-Madina Colony',1,'2017-04-25 10:08:38'),(714,70,'14-Dabhro',1,'2017-04-25 10:08:38'),(715,57,'2-Badah-II',1,'2017-04-25 10:08:38'),(716,9,'13-Shah Nawaz Bhutto Colony',1,'2017-04-25 10:08:38'),(717,105,'3-Janhan Soomro',1,'2017-04-25 10:08:38'),(718,12,'4-Dadu-IV',1,'2017-04-25 10:08:38'),(719,12,'12-Muradabad Channa',1,'2017-04-25 10:08:38'),(720,110,'11-Seengaro',1,'2017-04-25 10:08:38'),(721,106,'2-UC-II Town T.M. Khan',1,'2017-04-25 10:08:38'),(722,102,'5-Sanjar Chang',1,'2017-04-25 10:08:38'),(723,109,'14-Pirane Jo Par',1,'2017-04-25 10:08:38'),(724,16,'8-Yaro Lund',1,'2017-04-25 10:08:38'),(725,63,'11-Daulatpur',1,'2017-04-25 10:08:38'),(726,55,'6-Larkana-6',1,'2017-04-25 10:08:38'),(727,16,'7-Wahi Ghoto',1,'2017-04-25 10:08:38'),(728,118,'1-Pithoro',1,'2017-04-25 10:08:38'),(729,115,'6-Khokhrapar',1,'2017-04-25 10:08:38'),(730,115,'4-Chhore',1,'2017-04-25 10:08:38'),(731,63,'9-M A Khan Samoon',1,'2017-04-25 10:08:38'),(732,9,'11-Khawaja Ajmer Nagri',1,'2017-04-25 10:08:38'),(733,113,'2-Mahar',1,'2017-04-25 10:08:38'),(734,61,'4-Pabban',1,'2017-04-25 10:08:38'),(735,73,'1-Moro-1',1,'2017-04-25 10:08:38'),(736,106,'3-UC-III Town T.M. Khan',1,'2017-04-25 10:08:38'),(737,63,'4-Mirpurkhas-04',1,'2017-04-25 10:08:38'),(738,63,'5-Mirpurkhas-05',1,'2017-04-25 10:08:38'),(739,63,'2-Mirpurkhas-02',1,'2017-04-25 10:08:38'),(740,63,'3-Mirpurkhas-03',1,'2017-04-25 10:08:38'),(741,64,'1-Mirpur Old',1,'2017-04-25 10:08:38'),(742,63,'7-Mirpurkhas-07',1,'2017-04-25 10:08:38'),(743,63,'6-Mirpurkhas-06',1,'2017-04-25 10:08:38'),(744,99,'09-OLD SUKKUR',1,'2017-04-25 10:08:38'),(745,70,'15-Ghanghra',1,'2017-04-25 10:08:38'),(746,72,'8-Lakha Road',1,'2017-04-25 10:08:38'),(747,70,'1-Kandiaro (Urban)',1,'2017-04-25 10:08:38'),(748,111,'13-Jherruck',1,'2017-04-25 10:08:38'),(749,3,'4-Khoski',1,'2017-04-25 10:08:38'),(750,83,'8-Ahmed Bhughio',1,'2017-04-25 10:08:38'),(751,75,'6-Mir Hassan Mari',1,'2017-04-25 10:08:38'),(752,75,'10-Manik Thahim',1,'2017-04-25 10:08:38'),(753,109,'11-Khensar',1,'2017-04-25 10:08:38'),(754,55,'9-Larkana-9',1,'2017-04-25 10:08:38'),(755,83,'9-Saeed Kando',1,'2017-04-25 10:08:38'),(756,12,'2-Dadu-II',1,'2017-04-25 10:08:38'),(757,73,'12-Manaheen',1,'2017-04-25 10:08:38'),(758,12,'10-Sial',1,'2017-04-25 10:08:38'),(759,80,'11-Chanaser-1',1,'2017-04-25 10:08:38'),(760,111,'1-Thatta-1',1,'2017-04-25 10:08:38'),(761,111,'7-Chato Chand',1,'2017-04-25 10:08:38'),(762,12,'14-Phulji Station',1,'2017-04-25 10:08:38'),(763,80,'8-Nawabshah-8',1,'2017-04-25 10:08:38'),(764,44,'4-Layari',1,'2017-04-25 10:08:38'),(765,23,'1-Hatri',1,'2017-04-25 10:08:38'),(766,12,'3-Dadu-III',1,'2017-04-25 10:08:38'),(767,88,'5-Machar Colony',1,'2017-04-25 10:08:38'),(768,96,'16-RAHOOJA',1,'2017-04-25 10:08:38'),(769,38,'10-Kamber-3',1,'2017-04-25 10:08:38'),(770,38,'5-Gaibi Dero',1,'2017-04-25 10:08:38'),(771,27,'4-Jacobabad-IV (Family Line)',1,'2017-04-25 10:08:38'),(772,80,'3-Nawabshah-3',1,'2017-04-25 10:08:38'),(773,38,'3-Ranwati',1,'2017-04-25 10:08:38'),(774,27,'7-Jacobabad-VII (Jaffarabad Mohalla)',1,'2017-04-25 10:08:38'),(775,38,'6-Dost Ali',1,'2017-04-25 10:08:38'),(776,38,'4-Boohar',1,'2017-04-25 10:08:38'),(777,38,'1-Beer',1,'2017-04-25 10:08:38'),(778,27,'10-Ahmedpur',1,'2017-04-25 10:08:38'),(779,51,'5-100 Quarters',1,'2017-04-25 10:08:38'),(780,73,'3-Moro-3',1,'2017-04-25 10:08:38'),(781,73,'2-Moro-2',1,'2017-04-25 10:08:38'),(782,31,'Amri',1,'2017-04-25 10:08:38'),(783,73,'11-Fatoo Bilal',1,'2017-04-25 10:08:38'),(784,65,'1-Kot Ghulam Muhammad Bhurgari',1,'2017-04-25 10:08:38'),(785,38,'8-Kamber-1',1,'2017-04-25 10:08:38'),(786,38,'2-Jian Abro',1,'2017-04-25 10:08:38'),(787,65,'2-Bhurgari',1,'2017-04-25 10:08:38'),(788,14,'3-PIB Colony',1,'2017-04-25 10:08:38'),(789,5,'2-Badin-2',1,'2017-04-25 10:08:38'),(790,5,'3-Badin-3',1,'2017-04-25 10:08:38'),(791,82,'5-Ismail Khan Brohi',1,'2017-04-25 10:08:38'),(792,82,'8-23-Suhelo-8',1,'2017-04-25 10:08:38'),(793,12,'5-Pat (Rural)',1,'2017-04-25 10:08:38'),(794,51,'4-Mustafa Taj Colony',1,'2017-04-25 10:08:38'),(795,65,'8-Khuda Dad',1,'2017-04-25 10:08:38'),(796,65,'3-Mir Imam Bux',1,'2017-04-25 10:08:38'),(797,21,'8-U.C. City-8',1,'2017-04-25 10:08:38'),(798,51,'6-Gulzar Colony',1,'2017-04-25 10:08:38'),(799,12,'15-Khudabad',1,'2017-04-25 10:08:38'),(800,21,'1-U.C. City-1',1,'2017-04-25 10:08:38'),(801,65,'4-Mir Ghulam Hussain',1,'2017-04-25 10:08:38'),(802,21,'6-U.C. City-6',1,'2017-04-25 10:08:38'),(803,65,'6-Haji Hadi Bux',1,'2017-04-25 10:08:38'),(804,65,'5-Dengan',1,'2017-04-25 10:08:38'),(805,80,'5-Nawabshah-5',1,'2017-04-25 10:08:38'),(806,31,'Manzoorabad',1,'2017-04-25 10:08:38'),(807,62,'1-Ismail Jo Goth',1,'2017-04-25 10:08:38'),(808,30,'Allah Bachayo Shoro',1,'2017-04-25 10:08:38'),(809,55,'5-Larkana-5',1,'2017-04-25 10:08:38'),(810,63,'10-Jheluri',1,'2017-04-25 10:08:38'),(811,62,'3-Phuladhyoon',1,'2017-04-25 10:08:38'),(812,62,'5-Balouchabad',1,'2017-04-25 10:08:38'),(813,103,'1-Jhando Mari',1,'2017-04-25 10:08:38'),(814,101,'2-Tando Allahyar-II',1,'2017-04-25 10:08:38'),(815,7,'7-Mustafabad',1,'2017-04-25 10:08:38'),(816,7,'North Nazimabad_default',1,'2017-04-25 10:08:38'),(817,111,'2-Thatta-2',1,'2017-04-25 10:08:38'),(818,63,'1-Mirpurkhas-01',1,'2017-04-25 10:08:38'),(819,120,'6-Ghaziabad',1,'2017-04-25 10:08:38'),(820,120,'4-Muhammad Nagar',1,'2017-04-25 10:08:38'),(821,75,'4-Tando Adam-4',1,'2017-04-25 10:08:38'),(822,85,'6-Shikarpur-6',1,'2017-04-25 10:08:38'),(823,85,'10-Janoo',1,'2017-04-25 10:08:38'),(824,85,'11-Sultankot',1,'2017-04-25 10:08:38'),(825,85,'3-Shikarpur-3',1,'2017-04-25 10:08:38'),(826,24,'3-Latifabad UC-3',1,'2017-04-25 10:08:38'),(827,24,'15-Latifabad UC-15',1,'2017-04-25 10:08:38'),(828,57,'1-Badah-I',1,'2017-04-25 10:08:38'),(829,57,'6-Bagi',1,'2017-04-25 10:08:38'),(830,97,'26-LOUNG BHATTI',1,'2017-04-25 10:08:38'),(831,90,'5-Baghdadi',1,'2017-04-25 10:08:38'),(832,55,'13-Dhamrah',1,'2017-04-25 10:08:38'),(833,80,'13-Khairshah',1,'2017-04-25 10:08:38'),(834,103,'3-Mirabad',1,'2017-04-25 10:08:38'),(835,67,'4-Bau Khan Pathan',1,'2017-04-25 10:08:38'),(836,97,'28-PANHWAR',1,'2017-04-25 10:08:38'),(837,58,'6-Yousuf Goth (W) (Konkar)',1,'2017-04-25 10:08:38'),(838,76,'3-Khahi',1,'2017-04-25 10:08:38'),(839,100,'34-LAL JURIO',1,'2017-04-25 10:08:38'),(840,85,'15-Lodra',1,'2017-04-25 10:08:38'),(841,55,'15-Kothi',1,'2017-04-25 10:08:38'),(842,9,'4-Ghodhra',1,'2017-04-25 10:08:38'),(843,77,'9-Maldasi',1,'2017-04-25 10:08:38'),(844,62,'2-Hingorno',1,'2017-04-25 10:08:38'),(845,9,'1-Kalyana',1,'2017-04-25 10:08:38'),(846,51,'1-Bilal  Colony (East)',1,'2017-04-25 10:08:38'),(847,38,'9-Kamber-2',1,'2017-04-25 10:08:38'),(848,9,'9-Khameeso Goth',1,'2017-04-25 10:08:38'),(849,86,'4-Mian Sahib',1,'2017-04-25 10:08:38'),(850,30,'Nango Line',1,'2017-04-25 10:08:38'),(851,47,'8-Shadi Shaheed',1,'2017-04-25 10:08:38'),(852,70,'13-Kamaldero',1,'2017-04-25 10:08:38'),(853,96,'15-NEW GOTH',1,'2017-04-25 10:08:38'),(854,96,'13-GULSHAN-E-IQBAL',1,'2017-04-25 10:08:38'),(855,78,'10-Sanghar-1',1,'2017-04-25 10:08:38'),(856,85,'9-Karan',1,'2017-04-25 10:08:38'),(857,85,'1-Shikarpur-1',1,'2017-04-25 10:08:38'),(858,75,'9-Pero Faqir Shoro',1,'2017-04-25 10:08:38'),(859,79,'1-Berani',1,'2017-04-25 10:08:38'),(860,86,'1-Khanpur',1,'2017-04-25 10:08:38'),(861,30,'Sindh University',1,'2017-04-25 10:08:38'),(862,80,'10-Ghandtar',1,'2017-04-25 10:08:38'),(863,9,'12-Gulshan-e-Saeed',1,'2017-04-25 10:08:38'),(864,9,'3-Fatima Jinnah Colony',1,'2017-04-25 10:08:38'),(865,9,'8-Faisal',1,'2017-04-25 10:08:38'),(866,9,'6-Hakim Ahsan',1,'2017-04-25 10:08:38'),(867,90,'6-Shah Baig Lane',1,'2017-04-25 10:08:38'),(868,90,'8-Rangi Warah',1,'2017-04-25 10:08:38'),(869,101,'8-Bukera Sharif',1,'2017-04-25 10:08:38'),(870,78,'4-Shah Sikandarabad',1,'2017-04-25 10:08:38'),(871,78,'2-Khadwari',1,'2017-04-25 10:08:38'),(872,83,'3-Khar',1,'2017-04-25 10:08:38'),(873,72,'3-Behlani',1,'2017-04-25 10:08:38'),(874,71,'4-Mithiani',1,'2017-04-25 10:08:38'),(875,55,'18-Rato Kot.',1,'2017-04-25 10:08:38'),(876,86,'5-Rahimabad',1,'2017-04-25 10:08:38'),(877,86,'2-Garhi Dakho',1,'2017-04-25 10:08:38'),(878,86,'3-Zarkhil',1,'2017-04-25 10:08:38'),(879,86,'7-Pir Bux Shujrah',1,'2017-04-25 10:08:38'),(880,86,'10-Garhi Tago',1,'2017-04-25 10:08:38'),(881,67,'7-Odero Lal Village',1,'2017-04-25 10:08:38'),(882,89,'2-Garden',1,'2017-04-25 10:08:38'),(883,89,'7-Millat Nagar / Islam Pura',1,'2017-04-25 10:08:38'),(884,89,'5-Nanak Wara',1,'2017-04-25 10:08:38'),(885,90,'11-Allama Iqbal Colony',1,'2017-04-25 10:08:38'),(886,90,'9-Singolane',1,'2017-04-25 10:08:38'),(887,90,'7-Bihar Colony',1,'2017-04-25 10:08:38'),(888,55,'12-Bero Chandio',1,'2017-04-25 10:08:38'),(889,51,'8-Zaman Town',1,'2017-04-25 10:08:38'),(890,52,'11-Korangi',1,'2017-04-25 10:08:38'),(891,111,'11-Tando Hafiz Shah',1,'2017-04-25 10:08:38'),(892,83,'12-Kazi Ahmed-1',1,'2017-04-25 10:08:38'),(893,12,'1-Dadu-I',1,'2017-04-25 10:08:38'),(894,99,'03-SHAHEED GANJ',1,'2017-04-25 10:08:38'),(895,86,'6-Mehmooda Bagh',1,'2017-04-25 10:08:38'),(896,87,'10-Rustam',1,'2017-04-25 10:08:38'),(897,72,'5-Kotri Muhammad Kabir',1,'2017-04-25 10:08:38'),(898,85,'5-Shikarpur-5',1,'2017-04-25 10:08:38'),(899,85,'13-Jagan',1,'2017-04-25 10:08:38'),(900,85,'4-Shikarpur-4',1,'2017-04-25 10:08:38'),(901,85,'7-Shikarpur-7',1,'2017-04-25 10:08:38'),(902,93,'4-Jhoke Sharif',1,'2017-04-25 10:08:38'),(903,52,'2-Muslimabad',1,'2017-04-25 10:08:38'),(904,14,'4-Essa Nagri',1,'2017-04-25 10:08:38'),(905,30,'Kotri',1,'2017-04-25 10:08:38'),(906,31,'Manjhand',1,'2017-04-25 10:08:38'),(907,30,'Bholari',1,'2017-04-25 10:08:38'),(908,89,'6-Gazdarabad',1,'2017-04-25 10:08:38'),(909,56,'5-Rashid Wagan',1,'2017-04-25 10:08:38'),(910,55,'14-Akil',1,'2017-04-25 10:08:38'),(911,55,'11-Larkana-11',1,'2017-04-25 10:08:38'),(912,62,'4-Girhore Sharif',1,'2017-04-25 10:08:38'),(913,77,'1-Shahdadpur-1',1,'2017-04-25 10:08:38'),(914,85,'8-Shikarpur-8',1,'2017-04-25 10:08:38'),(915,85,'2-Shikarpur-2',1,'2017-04-25 10:08:38'),(916,87,'8-Taib',1,'2017-04-25 10:08:38'),(917,87,'3-Sher Kot',1,'2017-04-25 10:08:38'),(918,96,'12-NEW PIND',1,'2017-04-25 10:08:38'),(919,101,'5-Pak Singhar',1,'2017-04-25 10:08:38'),(920,101,'4-Tando Allahyar-IV',1,'2017-04-25 10:08:38'),(921,101,'7-Shaikh Moosa',1,'2017-04-25 10:08:38'),(922,78,'6-Kanhar',1,'2017-04-25 10:08:38'),(923,68,'1-Hala-1',1,'2017-04-25 10:08:38'),(924,68,'6-Old Hala',1,'2017-04-25 10:08:38'),(925,79,'4-Hot Wassan',1,'2017-04-25 10:08:38'),(926,55,'10-Larkana-10',1,'2017-04-25 10:08:38'),(927,77,'11-Lundo',1,'2017-04-25 10:08:38'),(928,119,'8-Rasheedabad',1,'2017-04-25 10:08:38'),(929,67,'6-Odero Lal Station',1,'2017-04-25 10:08:38'),(930,99,'05-ADAM SHAH',1,'2017-04-25 10:08:38'),(931,99,'08-PIR ILLAHI BUX',1,'2017-04-25 10:08:38'),(932,99,'06-SHAMSABAD',1,'2017-04-25 10:08:38'),(933,99,'01-JEAY SHAH',1,'2017-04-25 10:08:38'),(934,99,'11-KUMBHAR PARA',1,'2017-04-25 10:08:38'),(935,85,'14-Jahan Wah',1,'2017-04-25 10:08:38'),(936,100,'32-SALEHPAT',1,'2017-04-25 10:08:38'),(937,97,'24-TRIMOONH',1,'2017-04-25 10:08:38'),(938,56,'4-Garello',1,'2017-04-25 10:08:38'),(939,56,'7-Mehrabpur',1,'2017-04-25 10:08:38'),(940,58,'2-Darsano Channo',1,'2017-04-25 10:08:38'),(941,50,'6-Rifah-e-Aam',1,'2017-04-25 10:08:38'),(942,53,'6-Gharibabad',1,'2017-04-25 10:08:38'),(943,120,'10-Gabol Colony',1,'2017-04-25 10:08:38'),(944,120,'5-Madina Colony',1,'2017-04-25 10:08:38'),(945,121,'6-Frontier colony',1,'2017-04-25 10:08:38'),(946,120,'8-Bilal Colony',1,'2017-04-25 10:08:38'),(947,120,'13-Baloch Goth',1,'2017-04-25 10:08:38'),(948,120,'9-lqbal Baloch',1,'2017-04-25 10:08:38'),(949,97,'30-SANGRAR',1,'2017-04-25 10:08:38'),(950,97,'27-PATNI',1,'2017-04-25 10:08:38'),(951,58,'8-Manghopir (W)',1,'2017-04-25 10:08:38'),(952,58,'7-Maymarabad (W)',1,'2017-04-25 10:08:38'),(953,30,'Khuda I Basti',1,'2017-04-25 10:08:38'),(954,30,'Manjahoo',1,'2017-04-25 10:08:38'),(955,30,'Jamshoro',1,'2017-04-25 10:08:38'),(956,30,'Petaro',1,'2017-04-25 10:08:38'),(957,31,'Sann',1,'2017-04-25 10:08:38'),(958,63,'8-Mirpurkhas-08',1,'2017-04-25 10:08:38'),(959,82,'4-Jhoro Khan Sher',1,'2017-04-25 10:08:38'),(960,80,'4-Nawabshah-4',1,'2017-04-25 10:08:38'),(961,80,'9-Nawabshah-9',1,'2017-04-25 10:08:38'),(962,80,'6-Nawabshah-6',1,'2017-04-25 10:08:38'),(963,78,'3-Gujri',1,'2017-04-25 10:08:38'),(964,77,'8-Jatia',1,'2017-04-25 10:08:38'),(965,82,'12-29 Jamal-Shah-12',1,'2017-04-25 10:08:38'),(966,21,'2-U.C. City-2',1,'2017-04-25 10:08:38'),(967,68,'4-Karam Khan Nizamani',1,'2017-04-25 10:08:38'),(968,68,'2-Hala-2',1,'2017-04-25 10:08:38'),(969,68,'5-Bhit Shah',1,'2017-04-25 10:08:38'),(970,90,'10-Chakiwara',1,'2017-04-25 10:08:38'),(971,51,'7-Korangi Sector-33',1,'2017-04-25 10:08:38'),(972,51,'3-Chakra Goth',1,'2017-04-25 10:08:38'),(973,15,'13-Pakistan Quarters',1,'2017-04-25 10:08:38'),(974,53,'5-Jafar-e-Tayyar',1,'2017-04-25 10:08:38'),(975,90,'2-Daryabad',1,'2017-04-25 10:08:38'),(976,90,'1-Agra Taj Colony',1,'2017-04-25 10:08:38'),(977,90,'3-Nawabad',1,'2017-04-25 10:08:38'),(978,90,'4-Khadda Memon Society',1,'2017-04-25 10:08:38'),(979,24,'7-Latifabad UC-7',1,'2017-04-25 10:08:38'),(980,75,'5-Tando Adam-5',1,'2017-04-25 10:08:38'),(981,14,'13-Safooran',1,'2017-04-25 10:08:38'),(982,52,'12-Sherabad Colony',1,'2017-04-25 10:08:38'),(983,52,'3-Dawood Chowrangi',1,'2017-04-25 10:08:38'),(984,44,'2-Kumb',1,'2017-04-25 10:08:38'),(985,44,'9-Bapho',1,'2017-04-25 10:08:38'),(986,77,'7-Asgharabad',1,'2017-04-25 10:08:38'),(987,121,'7-Banaras Colony',1,'2017-04-25 10:08:38'),(988,119,'5-Saeedabad',1,'2017-04-25 10:08:38'),(989,119,'7-Muhajir Camp',1,'2017-04-25 10:08:38'),(990,119,'6-Muslim Mujahid Colony',1,'2017-04-25 10:08:38'),(991,119,'4-Nai Abadi',1,'2017-04-25 10:08:38'),(992,75,'2-Tando Adam-2',1,'2017-04-25 10:08:38'),(993,79,'2-Jam Nawaz Ali',1,'2017-04-25 10:08:38'),(994,119,'3-Islam Nagar',1,'2017-04-25 10:08:38'),(995,67,'2-Shah Alam Shah Ji Wasi',1,'2017-04-25 10:08:38'),(996,22,'2-Qasimabad UC-2',1,'2017-04-25 10:08:38'),(997,76,'6-Bilawal Hingorjo',1,'2017-04-25 10:08:38'),(998,77,'5-Shahpur Chakar',1,'2017-04-25 10:08:38'),(999,77,'6-Barhoon',1,'2017-04-25 10:08:38'),(1000,77,'3-Shahdadpur-3',1,'2017-04-25 10:08:38'),(1001,76,'2-Roonjho',1,'2017-04-25 10:08:38'),(1002,64,'2-Khan',1,'2017-04-25 10:08:38'),(1003,55,'8-Larkana-8',1,'2017-04-25 10:08:38'),(1004,55,'4-Larkana-4',1,'2017-04-25 10:08:38'),(1005,87,'6-Mungirani at Jahan Khan',1,'2017-04-25 10:08:38'),(1006,70,'11-Abad',1,'2017-04-25 10:08:38'),(1007,72,'7-Saeedpur',1,'2017-04-25 10:08:38'),(1008,76,'7-Jinhar',1,'2017-04-25 10:08:38'),(1009,87,'9-Sehwani',1,'2017-04-25 10:08:38'),(1010,87,'7-Chak',1,'2017-04-25 10:08:38'),(1011,87,'4-Abdoo',1,'2017-04-25 10:08:38'),(1012,21,'20-U.C. City-20',1,'2017-04-25 10:08:38'),(1013,78,'8-Kandiari',1,'2017-04-25 10:08:38'),(1014,76,'1-Khipro',1,'2017-04-25 10:08:38'),(1015,76,'8-Khori',1,'2017-04-25 10:08:38'),(1016,76,'9-Hathungo',1,'2017-04-25 10:08:38'),(1017,82,'3-Jam Sahib',1,'2017-04-25 10:08:38'),(1018,79,'3-Nauabad',1,'2017-04-25 10:08:38'),(1019,80,'7-Nawabshah-7',1,'2017-04-25 10:08:38'),(1020,57,'3-Dokri',1,'2017-04-25 10:08:38'),(1021,57,'4-Tatri',1,'2017-04-25 10:08:38'),(1022,57,'5-Yaro Lakhir',1,'2017-04-25 10:08:38'),(1023,57,'7-Karani.',1,'2017-04-25 10:08:38'),(1024,78,'9-Setharpir',1,'2017-04-25 10:08:38'),(1025,96,'14-SMALL INDUSTRIES',1,'2017-04-25 10:08:38'),(1026,11,'2-Sita Road',1,'2017-04-25 10:08:38'),(1027,93,'6-Bano',1,'2017-04-25 10:08:38'),(1028,77,'13-Serhari',1,'2017-04-25 10:08:38'),(1029,15,'3-Azam Basti',1,'2017-04-25 10:08:38'),(1030,87,'1-Lakhi',1,'2017-04-25 10:08:38'),(1031,87,'11-Wazirabad',1,'2017-04-25 10:08:38'),(1032,100,'33-TARAI',1,'2017-04-25 10:08:38'),(1033,38,'7-Kalar',1,'2017-04-25 10:08:38'),(1034,55,'2-Larkana-2',1,'2017-04-25 10:08:38'),(1035,87,'5-Bhirkan',1,'2017-04-25 10:08:38'),(1036,99,'10-PAK COLONY',1,'2017-04-25 10:08:38'),(1037,99,'07-GHARIBABAD',1,'2017-04-25 10:08:38'),(1038,78,'5-Chutiaryoon',1,'2017-04-25 10:08:38'),(1039,70,'12-Ghulam Shah',1,'2017-04-25 10:08:38'),(1040,70,'7-Khan Wahan',1,'2017-04-25 10:08:38'),(1041,70,'9-Jam Noorullah',1,'2017-04-25 10:08:38'),(1042,77,'10-Soomar Faqir Hingoro',1,'2017-04-25 10:08:38'),(1043,77,'2-Shahdadpur-2',1,'2017-04-25 10:08:38'),(1044,27,'1-Jacobabad-I (Soomra Mohalla)',1,'2017-04-25 10:08:38'),(1045,56,'9-Naich',1,'2017-04-25 10:08:38'),(1046,56,'8-Mehar Wada',1,'2017-04-25 10:08:38'),(1047,55,'1-Larkana-1',1,'2017-04-25 10:08:38'),(1048,75,'3-Tando Adam-3',1,'2017-04-25 10:08:38'),(1049,61,'1-Digri',1,'2017-04-25 10:08:38'),(1050,112,'1-Gharo',1,'2017-04-25 10:08:38'),(1051,56,'1-Arija',1,'2017-04-25 10:08:38'),(1052,120,'7-Chishti Nagar',1,'2017-04-25 10:08:38'),(1053,65,'7-Jawariasor',1,'2017-04-25 10:08:38'),(1054,56,'3-Pathan',1,'2017-04-25 10:08:38'),(1055,15,'2-Manzoor Colony',1,'2017-04-25 10:08:38'),(1056,55,'7-Larkana-7',1,'2017-04-25 10:08:38'),(1057,82,'6-20-A Gupchani-6',1,'2017-04-25 10:08:38'),(1058,9,'2-Sir Syed',1,'2017-04-25 10:08:38'),(1059,89,'11-Kehkashan',1,'2017-04-25 10:08:38'),(1060,78,'11-Sanghar-2',1,'2017-04-25 10:08:38'),(1061,72,'4-Halani',1,'2017-04-25 10:08:38'),(1062,41,'2-Kashmore-1',1,'2017-04-25 10:08:38'),(1063,86,'9-Thahrio',1,'2017-04-25 10:08:38'),(1064,109,'10-Mithrio Charan',1,'2017-04-25 10:08:38'),(1065,111,'8-Sonda',1,'2017-04-25 10:08:38'),(1066,93,'5-Darya Khan Sohu',1,'2017-04-25 10:08:38'),(1067,54,'11-Lashari',1,'2017-04-25 10:08:38'),(1068,41,'15-Rasool Bux Khan Chachar',1,'2017-04-25 10:08:38'),(1069,41,'9-Geehalpur',1,'2017-04-25 10:08:38'),(1070,93,'3-Mehar Shah',1,'2017-04-25 10:08:38'),(1071,41,'1-Guddu',1,'2017-04-25 10:08:38'),(1072,41,'10-K.S. Ali Bilawal Khan Domki',1,'2017-04-25 10:08:38'),(1073,93,'7-Bachal Gugo',1,'2017-04-25 10:08:38'),(1074,41,'11-Kumb',1,'2017-04-25 10:08:38'),(1075,72,'2-Mehrabpur-II',1,'2017-04-25 10:08:38'),(1076,41,'5-Khewali',1,'2017-04-25 10:08:38'),(1077,41,'3-Kashmore-2',1,'2017-04-25 10:08:38'),(1078,41,'13-Gublo',1,'2017-04-25 10:08:38'),(1079,40,'2-Karampur',1,'2017-04-25 10:08:38'),(1080,116,'2-Samaro Road',1,'2017-04-25 10:08:38'),(1081,56,'6-Purano Abad',1,'2017-04-25 10:08:38'),(1082,27,'6-Jacobabad-VI (Mochi Mohalla)',1,'2017-04-25 10:08:38'),(1083,14,'10-Pehlawan Goth',1,'2017-04-25 10:08:38'),(1084,116,'4-Padhrio',1,'2017-04-25 10:08:38'),(1085,116,'1-Samaro',1,'2017-04-25 10:08:38'),(1086,116,'3-Araro Bhurgari',1,'2017-04-25 10:08:38'),(1087,113,'3-Udassi',1,'2017-04-25 10:08:38'),(1088,112,'6-Gujo',1,'2017-04-25 10:08:38'),(1089,84,'12-Muhammad Panah Odho',1,'2017-04-25 10:08:38'),(1090,73,'10-Daris',1,'2017-04-25 10:08:38'),(1091,73,'8-Kahkat',1,'2017-04-25 10:08:38'),(1092,84,'5-Mirzapur',1,'2017-04-25 10:08:38'),(1093,27,'5-Jacobabad-V (Phool Bagh Mohalla)',1,'2017-04-25 10:08:38'),(1094,95,'1-Kharo Chan',1,'2017-04-25 10:08:38'),(1095,113,'5-Garho',1,'2017-04-25 10:08:38'),(1096,75,'1-Tando Adam-1',1,'2017-04-25 10:08:38'),(1097,78,'1-Mian',1,'2017-04-25 10:08:38'),(1098,58,'Missing Gadap',1,'2017-04-25 10:08:38'),(1099,64,'3-Turk Ali Mari',1,'2017-04-25 10:08:38'),(1100,78,'7-Kihori HQ at Village Khud Bux Chang',1,'2017-04-25 10:08:38'),(1101,77,'4-Shahdadpur-4',1,'2017-04-25 10:08:38'),(1102,90,'Lyari_Default',1,'2017-04-25 10:08:38'),(1103,15,'Jamshed_default',1,'2017-04-25 10:08:38'),(1104,14,'2-Civic Centre',1,'2017-04-25 10:08:38'),(1105,14,'9-Gulshan-e-Iqbal-II',1,'2017-04-25 10:08:38'),(1106,14,'6-Gillani Railway Station',1,'2017-04-25 10:08:38'),(1107,9,'5-Abuzar Ghaffari',1,'2017-04-25 10:08:38'),(1108,40,'12-Saidokot',1,'2017-04-25 10:08:38'),(1109,31,'Lakha',1,'2017-04-25 10:08:38'),(1110,39,'11-Kajli',1,'2017-04-25 10:08:38'),(1111,115,'Walidad Palli',1,'2017-04-25 10:08:38'),(1112,1,'Tando Ghulam Ali',1,'2017-04-25 10:08:38'),(1113,115,'Syed Mian Shah',1,'2017-04-25 10:08:38'),(1114,117,'Dadhro',1,'2017-04-25 10:08:38'),(1115,116,'Dhonkai',1,'2017-04-25 10:08:38'),(1116,5,'Haji Soomar Abro',1,'2017-04-25 10:08:38'),(1117,117,'Kazi Muhammed dars',1,'2017-04-25 10:08:38'),(1118,116,'MEER MUHAMAD SHAHANI',1,'2017-04-25 10:08:38'),(1119,117,'Ward 320',1,'2017-04-25 10:08:38'),(1120,55,'Aagani',1,'2017-04-25 10:08:38'),(1121,5,'Abdullah Shah',1,'2017-04-25 10:08:38'),(1122,93,'Ali akber shah',1,'2017-04-25 10:08:38'),(1123,57,'Bux jatoi',1,'2017-04-25 10:08:38'),(1124,23,'Bakshoo Lagheri',1,'2017-04-25 10:08:38'),(1125,67,'Bhit Shah',1,'2017-04-25 10:08:38'),(1126,23,'Chukhi',1,'2017-04-25 10:08:38'),(1127,68,'Dargah Fateh Muhammad Shah',1,'2017-04-25 10:08:38'),(1128,66,'Faqeer Abaad',1,'2017-04-25 10:08:38'),(1129,101,'Ghulam Khan Sanjrani',1,'2017-04-25 10:08:38'),(1130,66,'Hamal Faqeer',1,'2017-04-25 10:08:38'),(1131,102,'Naseer Khan Leghari',1,'2017-04-25 10:08:38'),(1132,67,'Palejani',1,'2017-04-25 10:08:38'),(1133,23,'Tando Alam Murree',1,'2017-04-25 10:08:38'),(1134,67,'Shah Pur',1,'2017-04-25 10:08:38'),(1135,102,'jarki',1,'2017-04-25 10:08:38'),(1136,67,'Khandni',1,'2017-04-25 10:08:38'),(1137,102,'Rawat Leghari',1,'2017-04-25 10:08:38'),(1138,68,'Bharoth',1,'2017-04-25 10:08:38'),(1139,NULL,'Shahmir Rahoo',1,'2017-04-25 10:08:38'),(1140,23,'Aalmani',1,'2017-04-25 10:08:38'),(1141,83,'Chariryo',1,'2017-04-25 10:08:38'),(1142,118,'Chhachhiro @ Ghulam Hyder Shah',1,'2017-04-25 10:08:38'),(1143,115,'Dhebo',1,'2017-04-25 10:08:38'),(1144,112,'Ghaghi',1,'2017-04-25 10:08:38'),(1145,118,'Ghulam Nabi Shah',1,'2017-04-25 10:08:38'),(1146,111,'Gul Manda',1,'2017-04-25 10:08:38'),(1147,93,'Hussain Pur',1,'2017-04-25 10:08:38'),(1148,62,'Ismail Kunbhar',1,'2017-04-25 10:08:38'),(1149,92,'Kheral',1,'2017-04-25 10:08:38'),(1150,94,'Ladyion',1,'2017-04-25 10:08:38'),(1151,118,'Makhdoom Talib-U-Mola Colony',1,'2017-04-25 10:08:38'),(1152,83,'Mian Noor Mohammad Ja Kubba',1,'2017-04-25 10:08:38'),(1153,92,'Murad Pur',1,'2017-04-25 10:08:38'),(1154,116,'Noor Khan Dhonkae at Cheema Farm',1,'2017-04-25 10:08:38'),(1155,61,'Paban-1',1,'2017-04-25 10:08:38'),(1156,61,'Paban-2',1,'2017-04-25 10:08:38'),(1157,61,'Paban-3',1,'2017-04-25 10:08:38'),(1158,61,'Paban-4',1,'2017-04-25 10:08:38'),(1159,61,'Paban-5',1,'2017-04-25 10:08:38'),(1160,61,'Paban-6',1,'2017-04-25 10:08:38'),(1161,64,'Pir Azeem Shah',1,'2017-04-25 10:08:38'),(1163,115,'Sofi Faqeer',1,'2017-04-25 10:08:38'),(1164,71,'Thath  Ghoraho',1,'2017-04-25 10:08:38'),(1165,132,'Jhalori',1,NULL),(1166,70,'Sheikhani',1,'2017-04-25 10:08:38'),(1167,72,'Dihat ',1,'2017-04-25 10:08:38'),(1168,81,'Jamal Keriyo',1,'2017-04-25 10:08:38'),(1169,46,'Ali Bux Saroohi',1,'2017-04-25 10:08:38'),(1170,46,'Daraza Sharif',1,'2017-04-25 10:08:38'),(1171,46,'Drib Mehar Shah',1,'2017-04-25 10:08:38'),(1172,46,'Munawar Abad',1,'2017-04-25 10:08:38'),(1173,46,'One',1,'2017-04-25 10:08:38'),(1174,47,'Hajan Shah',1,'2017-04-25 10:08:38'),(1175,47,'Bugro',1,'2017-04-25 10:08:38'),(1176,47,'Gujo',1,'2017-04-25 10:08:38'),(1177,47,'Wada Machi',1,'2017-04-25 10:08:38'),(1178,47,'Shah Bhagio',1,'2017-04-25 10:08:38'),(1179,47,'Ubhrri',1,'2017-04-25 10:08:38'),(1180,45,'Rahooja',1,'2017-04-25 10:08:38'),(1181,45,'Ulra',1,'2017-04-25 10:08:38'),(1182,43,'Pir Budharo',1,'2017-04-25 10:08:38'),(1183,44,'Ustad Atta Muhammad',1,'2017-04-25 10:08:38'),(1184,44,'Haji Ali Muhammad Solangi',1,'2017-04-25 10:08:38'),(1186,48,'Gul Muhammad Sahito',1,'2017-04-25 10:08:38'),(1187,48,'Khalifo Haryah',1,'2017-04-25 10:08:38'),(1188,48,'Merk',1,'2017-04-25 10:08:38'),(1189,97,'Akbarpur',1,'2017-04-25 10:08:38'),(1190,97,'Roshan Abad',1,'2017-04-25 10:08:38'),(1191,97,'Waha Buriro',1,'2017-04-25 10:08:38'),(1192,98,'Pano Ghulam Ali',1,'2017-04-25 10:08:38'),(1193,98,'Chowngha - II',1,'2017-04-25 10:08:38'),(1194,98,'Kot Bulla',1,'2017-04-25 10:08:38'),(1195,98,'Mulla Ali',1,'2017-04-25 10:08:38'),(1196,98,'Panhwari',1,'2017-04-25 10:08:38'),(1197,98,'Nirchh',1,'2017-04-25 10:08:38'),(1198,133,'NauKot',1,NULL),(1199,134,'Maker Samoo',1,NULL),(1200,135,'Shah Inayat Rizvi',1,NULL),(1201,133,'Fazal ',1,NULL),(1202,136,'Jawerasar',1,NULL),(1203,43,'Missing',1,'2017-04-25 10:08:38'),(1204,45,'Missing',1,'2017-04-25 10:08:38'),(1205,46,'Missing',1,'2017-04-25 10:08:38'),(1206,47,'Missing',1,'2017-04-25 10:08:38'),(1207,48,'Missing',1,'2017-04-25 10:08:38'),(1208,97,'Missing',1,'2017-04-25 10:08:38'),(1209,98,'Missing',1,NULL),(1210,5,'3-Bustan',1,'2017-04-25 10:08:38'),(1211,61,'2-Samaro Road',1,'2017-04-25 10:08:38'),(1212,61,'Shah Bhagio',1,'2017-04-25 10:08:38'),(1213,61,'Wada Machi',1,'2017-04-25 10:08:38'),(1214,65,'Rahooja',1,'2017-04-25 10:08:38'),(1215,65,'Ubhrri',1,'2017-04-25 10:08:38'),(1216,116,'3-Bustan',1,'2017-04-25 10:08:38'),(1217,117,'Akbarpur',1,'2017-04-25 10:08:38'),(1218,117,'Chowngha - II',1,'2017-04-25 10:08:38'),(1219,117,'Gul Muhammad Sahito',1,'2017-04-25 10:08:38'),(1220,117,'Haji Ali Muhammad Solangi',1,'2017-04-25 10:08:38'),(1221,117,'Jawerasar',1,'2017-04-25 10:08:38'),(1222,117,'Fazal',1,NULL),(1223,117,'Waha Buriro',1,NULL),(1224,117,'Ustad Atta Muhammad',1,NULL),(1225,117,'Ulra',1,NULL),(1226,117,'Shah Inayat Rizvi',1,NULL),(1227,117,'Roshan Abad',1,NULL),(1228,117,'Pir Budharo',1,NULL),(1229,117,'Pano Ghulam Ali',1,NULL),(1230,117,'Panhwari',1,NULL),(1231,117,'Nirchh',1,NULL),(1232,117,'NauKot',1,NULL),(1233,117,'Missing',1,NULL),(1234,117,'Mulla Ali',1,NULL),(1235,117,'Merk',1,NULL),(1236,117,'Khalifo Haryah',1,NULL),(1237,117,'Maker Samoo',1,NULL),(1238,117,'Kot Bulla',1,NULL),(1239,1,'3-Bustan',1,'2017-12-16 12:32:15'),(1240,5,'Missing',1,'2017-04-25 10:08:38'),(1241,4,'Missing',1,'2017-04-25 10:08:38'),(1242,117,'3-Bustan',1,'2017-04-25 10:08:38');

/*Table structure for table `user_types` */

DROP TABLE IF EXISTS `user_types`;

CREATE TABLE `user_types` (
  `UserTypeId` int(11) NOT NULL AUTO_INCREMENT,
  `UserType` varchar(255) DEFAULT NULL,
  `Status` varchar(255) DEFAULT NULL,
  `AddedOn` varchar(255) DEFAULT NULL,
  `UpdatedOn` varchar(255) DEFAULT NULL,
  `AddedBy` varchar(255) DEFAULT NULL,
  `UpdatedBy` varchar(255) DEFAULT NULL,
  PRIMARY KEY (`UserTypeId`)
) ENGINE=InnoDB AUTO_INCREMENT=5 DEFAULT CHARSET=latin1;

/*Data for the table `user_types` */

insert  into `user_types`(`UserTypeId`,`UserType`,`Status`,`AddedOn`,`UpdatedOn`,`AddedBy`,`UpdatedBy`) values (1,'Administrator','1',NULL,NULL,'1','1'),(2,'Visitor','1',NULL,NULL,'1','1'),(3,'Demo','1',NULL,NULL,'1','1'),(4,'User','1',NULL,NULL,'1','1');

/*Table structure for table `users` */

DROP TABLE IF EXISTS `users`;

CREATE TABLE `users` (
  `UserId` int(10) unsigned NOT NULL AUTO_INCREMENT,
  `UserTypeId` int(11) DEFAULT NULL,
  `UserDesignationId` int(11) DEFAULT NULL,
  `UserName` varchar(255) COLLATE utf8mb4_unicode_ci DEFAULT NULL,
  `Password` text COLLATE utf8mb4_unicode_ci,
  `FirstName` varchar(255) COLLATE utf8mb4_unicode_ci DEFAULT NULL,
  `LastName` varchar(255) COLLATE utf8mb4_unicode_ci DEFAULT NULL,
  `EmailAddress` varchar(255) COLLATE utf8mb4_unicode_ci DEFAULT NULL,
  `MobileNumber` varchar(255) COLLATE utf8mb4_unicode_ci DEFAULT NULL,
  `Address` mediumtext COLLATE utf8mb4_unicode_ci,
  `DistrictId` varchar(255) COLLATE utf8mb4_unicode_ci DEFAULT NULL,
  `ProvinceId` varchar(255) COLLATE utf8mb4_unicode_ci DEFAULT NULL,
  `ZipCode` varchar(255) COLLATE utf8mb4_unicode_ci DEFAULT NULL,
  `CountryId` varchar(255) COLLATE utf8mb4_unicode_ci DEFAULT NULL,
  `Status` varchar(255) COLLATE utf8mb4_unicode_ci DEFAULT NULL,
  `UserAddedOn` text COLLATE utf8mb4_unicode_ci,
  `IsNewUser` int(11) DEFAULT NULL,
  `_token` text COLLATE utf8mb4_unicode_ci,
  `UserLocation` text COLLATE utf8mb4_unicode_ci,
  `UserRoles` text COLLATE utf8mb4_unicode_ci,
  `LastLoggedOutDateTime` datetime DEFAULT NULL,
  `LastLoggedInDateTime` datetime DEFAULT NULL,
  `UserImage` text COLLATE utf8mb4_unicode_ci,
  `LastLoggedOutInFrom` text COLLATE utf8mb4_unicode_ci,
  `LastLoggedOutFrom` text COLLATE utf8mb4_unicode_ci,
  `UserUpdatedOn` varchar(255) COLLATE utf8mb4_unicode_ci DEFAULT NULL,
  PRIMARY KEY (`UserId`)
) ENGINE=MyISAM AUTO_INCREMENT=16 DEFAULT CHARSET=utf8mb4 COLLATE=utf8mb4_unicode_ci;

/*Data for the table `users` */

insert  into `users`(`UserId`,`UserTypeId`,`UserDesignationId`,`UserName`,`Password`,`FirstName`,`LastName`,`EmailAddress`,`MobileNumber`,`Address`,`DistrictId`,`ProvinceId`,`ZipCode`,`CountryId`,`Status`,`UserAddedOn`,`IsNewUser`,`_token`,`UserLocation`,`UserRoles`,`LastLoggedOutDateTime`,`LastLoggedInDateTime`,`UserImage`,`LastLoggedOutInFrom`,`LastLoggedOutFrom`,`UserUpdatedOn`) values (2,1,3,'adeel','123','Adeel','Ahmed','a.baloch2015@gmail.com1','0313-4657-427','asd','6','15880','15880','171','1','users/profile_images/User.png',0,'x09swcsltvQfljLe6jG4sHRzNJjCmnp0IRnvnIfr','x09swcsltvQfljLe6jG4sHRzNJjCmnp0IRnvnIfr','O:8:\"stdClass\":8:{s:6:\"scalar\";s:0:\"\";s:29:\"aUserRoles_CVMaster_Dashboard\";a:4:{i:0;i:1;i:1;i:1;i:2;i:1;i:3;i:1;}s:35:\"aUserRoles_CVMaster_CurriculumVitae\";a:4:{i:0;i:1;i:1;i:1;i:2;i:1;i:3;i:1;}s:42:\"aUserRoles_CVMaster_CurriculumVitae_AddNew\";a:4:{i:0;i:1;i:1;i:1;i:2;i:1;i:3;i:1;}s:38:\"aUserRoles_CVMaster_CurriculumVitae_CV\";a:4:{i:0;i:1;i:1;i:1;i:2;i:1;i:3;i:1;}s:28:\"aUserRoles_CVMaster_Settings\";a:4:{i:0;i:1;i:1;i:1;i:2;i:1;i:3;i:1;}s:34:\"aUserRoles_CVMaster_Settings_Users\";a:4:{i:0;i:1;i:1;i:1;i:2;i:1;i:3;i:1;}s:39:\"aUserRoles_CVMaster_Settings_SystemLogs\";a:4:{i:0;i:1;i:1;i:1;i:2;i:1;i:3;i:1;}}','2018-05-03 17:15:03','2018-05-07 16:59:02','users/profile_images/User.png','x09swcsltvQfljLe6jG4sHRzNJjCmnp0IRnvnIfr','x09swcsltvQfljLe6jG4sHRzNJjCmnp0IRnvnIfr',''),(4,3,0,'adeel2','123','Test FirsTName','Test LastName','a.baloch2015@gmail.com1','03134657427','','6','15880','','171','','',0,'x09swcsltvQfljLe6jG4sHRzNJjCmnp0IRnvnIfr','',NULL,'2018-01-11 16:06:37','2018-01-16 15:58:27','users/profile_images/User.png','','','2018-Apr-24'),(5,3,0,'asd','asd','asd','asd','asdasd','03134657427','','6','15880','','171','','',0,'','','','0000-00-00 00:00:00','0000-00-00 00:00:00','users/profile_images/User.png','','',''),(6,3,0,'asdasd','asd','asd','asd','asdasd@asda.com','03134657427','','6','15880','','171','','',0,'','','','2018-04-21 21:03:23','0000-00-00 00:00:00','users/profile_images/User.png','','',''),(7,3,0,'asd','asd','asd 123','asd','asd','03134657427','','6','15880','','171','1','',0,'bX3ikKGDL7mFyryrAg9bv5Hi2ulJNaf0Xn0ROCxq','',NULL,'2018-04-21 23:31:32','0000-00-00 00:00:00','','','',''),(8,3,1,'asdasdasdasd','ad','Adasasd','asdasd','asdasdasdasd','03134657427','','6','15880','','171','','',0,'','','','0000-00-00 00:00:00','0000-00-00 00:00:00','users/profile_images/User.png','','',''),(9,3,0,'rose','asd','Ali','Rose Khuwaja','ali@gmail.com','03134657427','','6','15880','','171','','',0,'bX3ikKGDL7mFyryrAg9bv5Hi2ulJNaf0Xn0ROCxq','','','2018-04-22 10:43:49','0000-00-00 00:00:00','','','',''),(10,3,0,'adeel2','asd','asd','asd','designer.baloch2015@gmail.com1','03134657427','','6','15880','','171','','',0,'','','','2018-04-22 20:22:54','0000-00-00 00:00:00','','','',''),(11,3,0,'Muhammad','khan','Muhammad','Khan','Muhammad@gmail.com','03134657427','','6','15880','','171','','',0,'','','','2018-04-22 20:49:31','0000-00-00 00:00:00','','','',''),(12,3,0,'asdasd','123','Ade','asdas','asdasd@asda','03134657427','','6','15880','','171','','',0,'bX3ikKGDL7mFyryrAg9bv5Hi2ulJNaf0Xn0ROCxq','','','2018-04-22 21:58:33','0000-00-00 00:00:00','','','',''),(13,3,0,'kazim','123','Kazim','Solangi Ahmed','designer.baloch2015@gmail.com1','03134657427','','6','15880','','171','','',0,'bX3ikKGDL7mFyryrAg9bv5Hi2ulJNaf0Xn0ROCxq','','','2018-04-23 10:28:10','0000-00-00 00:00:00','','','',''),(14,3,0,'ali','123','Muhammad','Muhammad','ali@gmail.com','0313-4657427','','6','15880','','171','','',0,'','','','0000-00-00 00:00:00','0000-00-00 00:00:00','','','',''),(15,NULL,NULL,'aysha_abassi','eyJpdiI6IlVQTGpBQmpxeCtIdUMzdWh1NVFRZFE9PSIsInZhbHVlIjoiVE9VZmQ4azJzbkRPZldISzBZT2tlZz09IiwibWFjIjoiNTMxOTQzMTdlOWJjODIyNWI2MjYwZmZiMDFmMjQ0NzEyYmE3MWYyNjcwZjA5ZDM5OWEwMjg2NGZmOGQ4OWJjZiJ9','Aysha','Abassi','designer.baloch2015@gmail.com',NULL,NULL,NULL,NULL,NULL,NULL,NULL,NULL,0,NULL,NULL,NULL,'2018-05-09 16:19:28','2018-05-09 16:19:22',NULL,NULL,NULL,'2018-05-09 16:05:22 pm');

/*Table structure for table `work_experiences` */

DROP TABLE IF EXISTS `work_experiences`;

CREATE TABLE `work_experiences` (
  `Wid` int(11) NOT NULL AUTO_INCREMENT,
  `Organization` varchar(255) DEFAULT NULL,
  `JobTitle` varchar(255) DEFAULT NULL,
  `Designation` text,
  `StartDate` date DEFAULT NULL,
  `EndDate` date DEFAULT NULL,
  `InfoId` int(11) DEFAULT NULL,
  `AddedOn` varchar(255) DEFAULT NULL,
  `UpdatedOn` varchar(255) DEFAULT NULL,
  PRIMARY KEY (`Wid`)
) ENGINE=MyISAM AUTO_INCREMENT=12 DEFAULT CHARSET=latin1;

/*Data for the table `work_experiences` */

insert  into `work_experiences`(`Wid`,`Organization`,`JobTitle`,`Designation`,`StartDate`,`EndDate`,`InfoId`,`AddedOn`,`UpdatedOn`) values (1,'Verge Systems','Developer','Php Developer','2018-03-08','2018-03-08',1,'2018-03-08 18:03:51 pm','2018-03-13 11:03:30 am'),(2,'Verge Systems','Developer','Php Developer','2018-03-23','2018-03-22',1,'2018-03-13 11:03:29 am','2018-03-13 11:03:29 am'),(3,'Verge Systems Inc','Software Development','Software Engineer','2018-03-22','2018-03-22',2,'2018-03-13 14:03:36 pm','2018-03-13 14:03:13 pm'),(4,'Verge Systems Inc','System Development','Php Developer','2018-03-17','2018-03-23',2,'2018-03-13 14:03:36 pm','2018-03-13 14:03:13 pm'),(7,'asd','asdas','sad','2017-12-31','2016-11-30',11,'2018-03-24 10:03:57 am',NULL),(8,'asd','asdas','sad','2018-04-19','2018-04-14',25,'2018-04-07 21:04:48 pm',NULL),(9,'asd','asdas','sad','2018-04-19','2018-04-14',26,'2018-04-07 21:04:08 pm',NULL),(11,'asd','asdas','sad','2018-04-19','2018-04-26',28,'2018-04-22 21:04:48 pm',NULL);

/*!40101 SET SQL_MODE=@OLD_SQL_MODE */;
/*!40014 SET FOREIGN_KEY_CHECKS=@OLD_FOREIGN_KEY_CHECKS */;
/*!40014 SET UNIQUE_CHECKS=@OLD_UNIQUE_CHECKS */;
/*!40111 SET SQL_NOTES=@OLD_SQL_NOTES */;
